caller_number,receiver_number,timestamp,duration_seconds
9850785405,9848508907,2026-08-03 15:00:00,198
9850785405,9848508907,2026-08-05 14:00:00,115
9850785405,9848508907,2026-08-02 09:00:00,165
9850785405,9848508907,2026-08-10 03:00:00,77
9850785405,9848508907,2026-08-09 21:00:00,334
9850785405,9848508907,2026-08-06 06:00:00,236
9850785405,9848508907,2026-08-09 20:00:00,164
9850785405,9848508907,2026-08-05 04:00:00,42
9850785405,9848508907,2026-08-03 21:00:00,152
9850785405,9848508907,2026-08-05 06:00:00,305
9850785405,9848508907,2026-08-09 09:00:00,325
9850785405,9848508907,2026-08-05 11:00:00,273
9850785405,9848508907,2026-08-04 22:00:00,311
9850785405,9848508907,2026-08-11 03:00:00,202
9850785405,9848508907,2026-08-10 03:00:00,298
9850785405,9848508907,2026-08-09 01:00:00,268
9850785405,9848508907,2026-08-05 07:00:00,283
9850785405,9848508907,2026-08-09 16:00:00,166
9850785405,9848508907,2026-08-07 00:00:00,288
9850785405,9848508907,2026-08-05 16:00:00,265
9855076693,9852910691,2026-08-08 21:00:00,315
9855076693,9852910691,2026-08-11 03:00:00,152
9855076693,9852910691,2026-08-09 15:00:00,179
9855076693,9852910691,2026-08-08 23:00:00,54
9855076693,9852910691,2026-08-08 18:00:00,247
9855076693,9852910691,2026-08-04 22:00:00,105
9855076693,9852910691,2026-08-12 01:00:00,53
9855076693,9852910691,2026-08-09 02:00:00,328
9855076693,9852910691,2026-08-02 10:00:00,259
9855076693,9852910691,2026-08-04 22:00:00,133
9855076693,9852910691,2026-08-02 16:00:00,234
9855076693,9852910691,2026-08-07 14:00:00,272
9855076693,9852910691,2026-08-07 18:00:00,234
9855076693,9852910691,2026-08-06 21:00:00,169
9855076693,9852910691,2026-08-03 23:00:00,49
9855076693,9852910691,2026-08-10 09:00:00,219
9855076693,9852910691,2026-08-06 04:00:00,75
9855076693,9852910691,2026-08-02 08:00:00,166
9855076693,9852910691,2026-08-05 08:00:00,118
9885694715,9839254705,2026-08-08 01:00:00,259
9885694715,9839254705,2026-08-07 10:00:00,299
9885694715,9839254705,2026-08-07 08:00:00,255
9885694715,9839254705,2026-08-09 11:00:00,261
9885694715,9839254705,2026-08-08 04:00:00,275
9885694715,9839254705,2026-08-04 21:00:00,130
9885694715,9839254705,2026-08-11 04:00:00,178
9885694715,9839254705,2026-08-12 01:00:00,287
9885694715,9839254705,2026-08-09 21:00:00,343
9885694715,9839254705,2026-08-06 18:00:00,165
9885694715,9839254705,2026-08-03 16:00:00,270
9899682738,9860867083,2026-08-10 04:00:00,291
9899682738,9860867083,2026-08-09 08:00:00,87
9899682738,9860867083,2026-08-06 15:00:00,247
9899682738,9860867083,2026-08-05 17:00:00,337
9899682738,9860867083,2026-08-07 23:00:00,323
9899682738,9860867083,2026-08-10 19:00:00,257
9899682738,9860867083,2026-08-10 18:00:00,220
9899682738,9860867083,2026-08-09 16:00:00,196
9899682738,9860867083,2026-08-06 15:00:00,101
9899682738,9860867083,2026-08-05 18:00:00,101
9899682738,9860867083,2026-08-11 06:00:00,134
9899682738,9860867083,2026-08-05 14:00:00,287
9899682738,9860867083,2026-08-07 07:00:00,341
9899682738,9860867083,2026-08-11 03:00:00,184
9899682738,9860867083,2026-08-03 14:00:00,191
9899682738,9860867083,2026-08-05 19:00:00,131
9899682738,9860867083,2026-08-06 08:00:00,313
9884270583,9849209916,2026-08-04 02:00:00,67
9884270583,9849209916,2026-08-04 12:00:00,328
9884270583,9849209916,2026-08-06 10:00:00,167
9884270583,9849209916,2026-08-04 01:00:00,253
9884270583,9849209916,2026-08-12 03:00:00,155
9884270583,9849209916,2026-08-10 20:00:00,270
9884270583,9849209916,2026-08-09 17:00:00,341
9884270583,9849209916,2026-08-08 17:00:00,331
9884270583,9849209916,2026-08-11 09:00:00,90
9884270583,9849209916,2026-08-06 04:00:00,148
9884270583,9849209916,2026-08-07 05:00:00,81
9884270583,9849209916,2026-08-04 15:00:00,128
9884270583,9849209916,2026-08-10 10:00:00,120
9884270583,9849209916,2026-08-02 21:00:00,270
9884270583,9849209916,2026-08-11 23:00:00,189
9884270583,9849209916,2026-08-02 15:00:00,187
9884270583,9849209916,2026-08-07 06:00:00,272
9884270583,9849209916,2026-08-04 05:00:00,159
9884270583,9849209916,2026-08-07 04:00:00,341
9884270583,9849209916,2026-08-05 21:00:00,98
9884270583,9849209916,2026-08-10 15:00:00,116
9884270583,9849209916,2026-08-06 12:00:00,76
9884270583,9849209916,2026-08-02 13:00:00,197
9884270583,9849209916,2026-08-12 07:00:00,331
9884270583,9849209916,2026-08-06 22:00:00,103
9877172238,9882475098,2026-08-09 10:00:00,280
9877172238,9882475098,2026-08-07 21:00:00,210
9877172238,9882475098,2026-08-08 05:00:00,93
9877172238,9882475098,2026-08-04 18:00:00,250
9877172238,9882475098,2026-08-09 17:00:00,245
9877172238,9882475098,2026-08-10 09:00:00,272
9877172238,9882475098,2026-08-03 18:00:00,169
9877172238,9882475098,2026-08-07 11:00:00,246
9877172238,9882475098,2026-08-10 08:00:00,317
9877172238,9882475098,2026-08-09 21:00:00,67
9877172238,9882475098,2026-08-06 00:00:00,225
9877172238,9882475098,2026-08-11 23:00:00,266
9877172238,9882475098,2026-08-02 14:00:00,176
9877172238,9882475098,2026-08-10 12:00:00,187
9877172238,9882475098,2026-08-10 06:00:00,288
9877172238,9882475098,2026-08-03 08:00:00,162
9877172238,9882475098,2026-08-04 17:00:00,322
9877172238,9882475098,2026-08-03 01:00:00,248
9877172238,9882475098,2026-08-03 15:00:00,98
9877172238,9882475098,2026-08-09 11:00:00,118
9877172238,9882475098,2026-08-10 06:00:00,189
9877172238,9882475098,2026-08-11 06:00:00,179
9877172238,9882475098,2026-08-08 23:00:00,281
9861484043,9835583290,2026-08-11 20:00:00,159
9861484043,9835583290,2026-08-08 09:00:00,202
9861484043,9835583290,2026-08-10 06:00:00,235
9861484043,9835583290,2026-08-09 05:00:00,117
9861484043,9835583290,2026-08-09 09:00:00,104
9861484043,9835583290,2026-08-11 02:00:00,209
9861484043,9835583290,2026-08-03 22:00:00,91
9861484043,9835583290,2026-08-10 22:00:00,47
9861484043,9835583290,2026-08-04 21:00:00,119
9861484043,9835583290,2026-08-03 23:00:00,175
9861484043,9835583290,2026-08-08 03:00:00,243
9861484043,9835583290,2026-08-03 18:00:00,313
9861484043,9835583290,2026-08-08 18:00:00,289
9861484043,9835583290,2026-08-10 09:00:00,75
9861484043,9835583290,2026-08-06 04:00:00,187
9861484043,9835583290,2026-08-06 07:00:00,86
9861484043,9835583290,2026-08-08 11:00:00,91
9816172803,9853536830,2026-08-04 03:00:00,235
9816172803,9853536830,2026-08-12 05:00:00,163
9816172803,9853536830,2026-08-10 02:00:00,113
9816172803,9853536830,2026-08-05 22:00:00,170
9816172803,9853536830,2026-08-09 16:00:00,44
9816172803,9853536830,2026-08-09 17:00:00,319
9816172803,9853536830,2026-08-04 10:00:00,266
9816172803,9853536830,2026-08-08 02:00:00,193
9816172803,9853536830,2026-08-09 06:00:00,168
9816172803,9853536830,2026-08-09 17:00:00,141
9816172803,9853536830,2026-08-08 23:00:00,94
9816172803,9853536830,2026-08-05 20:00:00,332
9816172803,9853536830,2026-08-08 02:00:00,191
9816172803,9853536830,2026-08-06 08:00:00,242
9816172803,9853536830,2026-08-06 08:00:00,329
9840885967,9891478884,2026-08-05 01:00:00,227
9840885967,9891478884,2026-08-11 00:00:00,179
9840885967,9891478884,2026-08-04 16:00:00,286
9840885967,9891478884,2026-08-07 07:00:00,213
9840885967,9891478884,2026-08-03 22:00:00,78
9840885967,9891478884,2026-08-04 15:00:00,243
9840885967,9891478884,2026-08-10 19:00:00,86
9840885967,9891478884,2026-08-08 08:00:00,175
9840885967,9891478884,2026-08-10 11:00:00,272
9840885967,9891478884,2026-08-08 05:00:00,174
9840885967,9891478884,2026-08-11 20:00:00,230
9840885967,9891478884,2026-08-04 05:00:00,159
9840885967,9891478884,2026-08-09 08:00:00,327
9840885967,9891478884,2026-08-08 03:00:00,153
9840885967,9891478884,2026-08-04 04:00:00,277
9840885967,9891478884,2026-08-07 04:00:00,249
9850851122,9876118957,2026-08-10 03:00:00,248
9850851122,9876118957,2026-08-06 09:00:00,229
9850851122,9876118957,2026-08-05 22:00:00,267
9850851122,9876118957,2026-08-05 19:00:00,90
9850851122,9876118957,2026-08-08 01:00:00,223
9850851122,9876118957,2026-08-02 20:00:00,181
9850851122,9876118957,2026-08-05 11:00:00,272
9850851122,9876118957,2026-08-04 05:00:00,148
9850851122,9876118957,2026-08-11 08:00:00,65
9850851122,9876118957,2026-08-07 15:00:00,104
9850851122,9876118957,2026-08-11 14:00:00,75
9850851122,9876118957,2026-08-10 14:00:00,340
9850851122,9876118957,2026-08-05 15:00:00,208
9829419691,9827447248,2026-08-11 09:00:00,306
9829419691,9827447248,2026-08-06 22:00:00,55
9829419691,9827447248,2026-08-02 23:00:00,245
9829419691,9827447248,2026-08-09 05:00:00,95
9829419691,9827447248,2026-08-10 06:00:00,267
9829419691,9827447248,2026-08-03 10:00:00,204
9829419691,9827447248,2026-08-11 12:00:00,73
9829419691,9827447248,2026-08-04 16:00:00,339
9829419691,9827447248,2026-08-11 06:00:00,206
9829419691,9827447248,2026-08-09 03:00:00,311
9829419691,9827447248,2026-08-06 22:00:00,298
9829419691,9827447248,2026-08-11 21:00:00,90
9829419691,9827447248,2026-08-04 04:00:00,322
9829419691,9827447248,2026-08-05 21:00:00,271
9829419691,9827447248,2026-08-05 21:00:00,213
9829419691,9827447248,2026-08-09 20:00:00,252
9829419691,9827447248,2026-08-03 18:00:00,258
9873655158,9819010480,2026-08-09 07:00:00,66
9873655158,9819010480,2026-08-07 03:00:00,199
9873655158,9819010480,2026-08-07 11:00:00,335
9873655158,9819010480,2026-08-10 14:00:00,119
9873655158,9819010480,2026-08-09 15:00:00,95
9873655158,9819010480,2026-08-08 01:00:00,228
9873655158,9819010480,2026-08-03 16:00:00,333
9873655158,9819010480,2026-08-05 21:00:00,327
9873655158,9819010480,2026-08-12 03:00:00,325
9873655158,9819010480,2026-08-03 03:00:00,176
9873655158,9819010480,2026-08-02 13:00:00,179
9873655158,9819010480,2026-08-06 18:00:00,219
9873655158,9819010480,2026-08-02 13:00:00,113
9873655158,9819010480,2026-08-12 05:00:00,245
9873655158,9819010480,2026-08-03 12:00:00,55
9873655158,9819010480,2026-08-04 07:00:00,311
9873655158,9819010480,2026-08-05 20:00:00,254
9873655158,9819010480,2026-08-09 18:00:00,120
9873655158,9819010480,2026-08-07 17:00:00,206
9873655158,9819010480,2026-08-12 03:00:00,83
9873655158,9819010480,2026-08-02 12:00:00,120
9869473616,9898843907,2026-08-05 12:00:00,170
9869473616,9898843907,2026-08-06 18:00:00,101
9869473616,9898843907,2026-08-02 23:00:00,260
9869473616,9898843907,2026-08-04 12:00:00,234
9869473616,9898843907,2026-08-11 06:00:00,157
9869473616,9898843907,2026-08-11 01:00:00,221
9869473616,9898843907,2026-08-03 20:00:00,61
9869473616,9898843907,2026-08-08 08:00:00,275
9869473616,9898843907,2026-08-03 18:00:00,334
9869473616,9898843907,2026-08-09 02:00:00,247
9869473616,9898843907,2026-08-08 17:00:00,98
9869473616,9898843907,2026-08-08 08:00:00,206
9869473616,9898843907,2026-08-05 03:00:00,275
9869473616,9898843907,2026-08-07 10:00:00,263
9869473616,9898843907,2026-08-03 15:00:00,263
9869473616,9898843907,2026-08-11 20:00:00,308
9869473616,9898843907,2026-08-03 20:00:00,198
9869473616,9898843907,2026-08-07 15:00:00,210
9869473616,9898843907,2026-08-04 10:00:00,301
9856892354,9857123808,2026-08-07 12:00:00,265
9856892354,9857123808,2026-08-03 23:00:00,266
9856892354,9857123808,2026-08-06 16:00:00,342
9856892354,9857123808,2026-08-02 19:00:00,299
9856892354,9857123808,2026-08-03 17:00:00,276
9856892354,9857123808,2026-08-09 09:00:00,69
9856892354,9857123808,2026-08-07 17:00:00,79
9856892354,9857123808,2026-08-04 03:00:00,344
9856892354,9857123808,2026-08-10 20:00:00,276
9856892354,9857123808,2026-08-12 01:00:00,61
9856892354,9857123808,2026-08-10 02:00:00,136
9856892354,9857123808,2026-08-08 03:00:00,283
9856892354,9857123808,2026-08-10 12:00:00,71
9856892354,9857123808,2026-08-09 11:00:00,215
9856892354,9857123808,2026-08-04 00:00:00,128
9856892354,9857123808,2026-08-02 15:00:00,264
9856892354,9857123808,2026-08-10 00:00:00,307
9856892354,9857123808,2026-08-11 13:00:00,226
9856892354,9857123808,2026-08-07 17:00:00,238
9856892354,9857123808,2026-08-08 18:00:00,346
9822684373,9884888554,2026-08-10 19:00:00,49
9822684373,9884888554,2026-08-07 17:00:00,132
9822684373,9884888554,2026-08-05 18:00:00,288
9822684373,9884888554,2026-08-05 15:00:00,110
9822684373,9884888554,2026-08-04 10:00:00,191
9822684373,9884888554,2026-08-04 00:00:00,316
9822684373,9884888554,2026-08-10 09:00:00,212
9822684373,9884888554,2026-08-11 12:00:00,345
9822684373,9884888554,2026-08-08 12:00:00,123
9822684373,9884888554,2026-08-05 06:00:00,124
9822684373,9884888554,2026-08-09 09:00:00,250
9822684373,9884888554,2026-08-08 05:00:00,161
9822684373,9884888554,2026-08-10 03:00:00,185
9822684373,9884888554,2026-08-09 15:00:00,313
9822684373,9884888554,2026-08-05 17:00:00,280
9822684373,9884888554,2026-08-05 19:00:00,332
9822684373,9884888554,2026-08-09 22:00:00,184
9822684373,9884888554,2026-08-09 00:00:00,310
9822684373,9884888554,2026-08-08 13:00:00,142
9822684373,9884888554,2026-08-11 12:00:00,168
9822684373,9884888554,2026-08-03 04:00:00,286
9822684373,9884888554,2026-08-08 01:00:00,92
9822684373,9884888554,2026-08-10 11:00:00,185
9845650176,9882269803,2026-08-03 08:00:00,161
9830005727,9827084279,2026-08-12 08:00:00,127
9833357554,9871780854,2026-08-15 08:00:00,272
9838195995,9877898694,2026-08-14 08:00:00,240
9856843172,9848250360,2026-08-14 08:00:00,198
9891178885,9899913412,2026-08-09 08:00:00,205
9845059710,9837415205,2026-08-15 08:00:00,129
9892097999,9815917225,2026-08-03 08:00:00,193
9879782527,9875569635,2026-08-03 08:00:00,412
9858942697,9899889098,2026-08-04 08:00:00,70
9847816686,9813176186,2026-08-02 08:00:00,289
9892613013,9856930359,2026-08-07 08:00:00,355
9835511941,9878064830,2026-08-10 08:00:00,391
9864009265,9831172421,2026-08-09 08:00:00,107
9896637649,9890070438,2026-08-05 08:00:00,447
9882269803,9825492573,2026-08-09 08:00:00,14
9846553958,9899514287,2026-08-10 08:00:00,431
9823419256,9868326160,2026-08-13 08:00:00,430
9843704923,9838270233,2026-08-01 08:00:00,251
9884437458,9827558317,2026-08-05 08:00:00,453
9830863865,9899889098,2026-08-08 08:00:00,380
9895511909,9877834855,2026-08-16 08:00:00,129
9827084279,9868812137,2026-08-15 08:00:00,379
9851511484,9887925434,2026-08-03 08:00:00,170
9844999379,9815134794,2026-08-14 08:00:00,117
9850603163,9869302158,2026-08-01 08:00:00,201
9823903144,9895125977,2026-08-05 08:00:00,166
9810226999,9815354599,2026-08-16 08:00:00,424
9841774346,9836786211,2026-08-11 08:00:00,125
9831810617,9857469942,2026-08-13 08:00:00,400
9863121477,9852101056,2026-08-10 08:00:00,176
9868812137,9815614174,2026-08-02 08:00:00,482
9823903144,9865259205,2026-08-11 08:00:00,300
9867684996,9890070438,2026-08-13 08:00:00,205
9893638503,9889795010,2026-08-03 08:00:00,283
9840547349,9844999379,2026-08-16 08:00:00,65
9835511941,9863481198,2026-08-15 08:00:00,337
9899639081,9867887757,2026-08-06 08:00:00,63
9863643924,9828024248,2026-08-06 08:00:00,26
9852101056,9890070438,2026-08-16 08:00:00,23
9882160068,9865337219,2026-08-03 08:00:00,476
9840547349,9850962024,2026-08-07 08:00:00,129
9845431319,9841774346,2026-08-03 08:00:00,242
9896098221,9825521714,2026-08-01 08:00:00,97
9893370583,9829876811,2026-08-13 08:00:00,90
9824508349,9886384014,2026-08-14 08:00:00,254
9880993218,9843308443,2026-08-13 08:00:00,499
9893638503,9886384014,2026-08-07 08:00:00,168
9848250360,9825015458,2026-08-16 08:00:00,91
9890070438,9895125977,2026-08-10 08:00:00,310
9892613013,9899152472,2026-08-15 08:00:00,151
9892613013,9866431351,2026-08-05 08:00:00,238
9819391725,9825480907,2026-08-08 08:00:00,279
9835511941,9863481198,2026-08-16 08:00:00,245
9851511484,9895125977,2026-08-02 08:00:00,387
9867887757,9847393469,2026-08-15 08:00:00,187
9899508850,9882909480,2026-08-10 08:00:00,210
9891363974,9845810056,2026-08-14 08:00:00,137
9837415205,9895132217,2026-08-14 08:00:00,244
9840547349,9841774346,2026-08-06 08:00:00,367
9863481198,9887388337,2026-08-13 08:00:00,367
9813326769,9888183110,2026-08-06 08:00:00,150
9866267415,9871510041,2026-08-10 08:00:00,351
9843308443,9851373735,2026-08-07 08:00:00,475
9854058573,9829876811,2026-08-04 08:00:00,198
9838609087,9838270233,2026-08-04 08:00:00,268
9864009265,9863121477,2026-08-11 08:00:00,219
9869302158,9860888017,2026-08-09 08:00:00,116
9861700055,9813326769,2026-08-15 08:00:00,23
9847816686,9833763566,2026-08-15 08:00:00,205
9887925434,9880993218,2026-08-13 08:00:00,448
9819317495,9830863865,2026-08-02 08:00:00,15
9878064830,9853779528,2026-08-05 08:00:00,177
9858884978,9895511909,2026-08-15 08:00:00,258
9851511484,9843308443,2026-08-03 08:00:00,290
9841774346,9878642041,2026-08-15 08:00:00,81
9850264926,9824366125,2026-08-06 08:00:00,97
9864543049,9826726926,2026-08-04 08:00:00,100
9875569635,9885146293,2026-08-13 08:00:00,96
9838609087,9858884978,2026-08-01 08:00:00,356
9831367172,9865259205,2026-08-15 08:00:00,193
9837415205,9899038359,2026-08-02 08:00:00,467
9863643924,9813704481,2026-08-07 08:00:00,236
9851373735,9888339168,2026-08-04 08:00:00,209
9852101056,9854585178,2026-08-15 08:00:00,36
9899038526,9866431351,2026-08-02 08:00:00,405
9835921441,9864009265,2026-08-07 08:00:00,485
9857130035,9893303777,2026-08-08 08:00:00,112
9867887757,9864543049,2026-08-14 08:00:00,24
9822388090,9877898694,2026-08-07 08:00:00,358
9858884978,9819391725,2026-08-08 08:00:00,500
9887388337,9845159040,2026-08-06 08:00:00,380
9860888017,9813326769,2026-08-14 08:00:00,272
9880166708,9893370583,2026-08-11 08:00:00,297
9866267415,9844999379,2026-08-07 08:00:00,488
9811297845,9830863865,2026-08-14 08:00:00,71
9842035886,9847135391,2026-08-04 08:00:00,192
9821003626,9845810056,2026-08-01 08:00:00,215
9884437458,9836445607,2026-08-01 08:00:00,209
9847135391,9849682169,2026-08-08 08:00:00,43
9841774346,9824366125,2026-08-12 08:00:00,32
9843308443,9899038359,2026-08-14 08:00:00,164
9864009265,9899038526,2026-08-16 08:00:00,62
9882909480,9871510041,2026-08-06 08:00:00,138
9887388337,9899038526,2026-08-11 08:00:00,333
9851373735,9845630292,2026-08-05 08:00:00,180
9845810056,9885563727,2026-08-11 08:00:00,445
9845159040,9834073380,2026-08-03 08:00:00,181
9864543049,9826726926,2026-08-15 08:00:00,205
9856397338,9833763566,2026-08-08 08:00:00,267
9868812137,9896637649,2026-08-01 08:00:00,129
9815614174,9871367643,2026-08-04 08:00:00,168
9845496015,9810226999,2026-08-14 08:00:00,397
9878642041,9895132217,2026-08-03 08:00:00,40
9823903144,9893303777,2026-08-16 08:00:00,161
9892613013,9852133044,2026-08-13 08:00:00,114
9850308572,9858024342,2026-08-08 08:00:00,482
9885863473,9899038526,2026-08-15 08:00:00,388
9835511941,9845650176,2026-08-09 08:00:00,172
9850308572,9893131979,2026-08-02 08:00:00,276
9815197528,9815917225,2026-08-10 08:00:00,394
9845059710,9899889098,2026-08-11 08:00:00,185
9878642041,9893638503,2026-08-02 08:00:00,474
9845159040,9857130035,2026-08-08 08:00:00,321
9819233013,9827778019,2026-08-11 08:00:00,103
9830005727,9867684996,2026-08-01 08:00:00,43
9839920292,9843308443,2026-08-07 08:00:00,36
9885563727,9844188276,2026-08-07 08:00:00,74
9867887757,9845810056,2026-08-07 08:00:00,130
9861700055,9831687165,2026-08-14 08:00:00,381
9856843172,9835748341,2026-08-06 08:00:00,379
9865337219,9878642041,2026-08-14 08:00:00,100
9826726926,9857130035,2026-08-10 08:00:00,156
9895125977,9839854548,2026-08-07 08:00:00,149
9834073380,9831687165,2026-08-12 08:00:00,213
9835921441,9860888017,2026-08-16 08:00:00,235
9857469942,9861700055,2026-08-14 08:00:00,399
9865259205,9834073380,2026-08-01 08:00:00,400
9819233013,9815134794,2026-08-03 08:00:00,398
9899514287,9898588154,2026-08-05 08:00:00,293
9845594597,9845810056,2026-08-09 08:00:00,204
9851511484,9854585178,2026-08-15 08:00:00,155
9835921441,9859555330,2026-08-16 08:00:00,46
9856930359,9845650176,2026-08-16 08:00:00,110
9865259205,9844999379,2026-08-01 08:00:00,16
9899152472,9845594597,2026-08-12 08:00:00,261
9868326160,9815197528,2026-08-13 08:00:00,390
9893303777,9840547349,2026-08-16 08:00:00,167
9850308572,9868812137,2026-08-03 08:00:00,219
9858024342,9885146293,2026-08-13 08:00:00,487
9850181935,9899245317,2026-08-07 08:00:00,400
9897775215,9811250299,2026-08-12 08:00:00,270
9825015458,9839920292,2026-08-12 08:00:00,366
9896098221,9867403166,2026-08-13 08:00:00,484
9857469942,9810226999,2026-08-08 08:00:00,134
9898231132,9859597086,2026-08-12 08:00:00,333
9896637649,9819736572,2026-08-01 08:00:00,367
9845159040,9815917225,2026-08-05 08:00:00,143
9890070438,9864813568,2026-08-05 08:00:00,140
9857130035,9890070438,2026-08-06 08:00:00,16
9853779528,9846553958,2026-08-03 08:00:00,339
9882909480,9840547349,2026-08-13 08:00:00,371
9868812137,9831687165,2026-08-07 08:00:00,458
9857469942,9860888017,2026-08-14 08:00:00,139
9833966966,9899639081,2026-08-13 08:00:00,310
9854585178,9843491314,2026-08-14 08:00:00,395
9845594597,9854318698,2026-08-04 08:00:00,335
9823796726,9815957459,2026-08-12 08:00:00,426
9844188276,9830743797,2026-08-07 08:00:00,486
9895511909,9830863865,2026-08-10 08:00:00,13
9852169044,9839920292,2026-08-01 08:00:00,59
9843308443,9815957459,2026-08-14 08:00:00,278
9815197528,9884437458,2026-08-10 08:00:00,385
9848250360,9852169044,2026-08-06 08:00:00,201
9882160068,9896637649,2026-08-05 08:00:00,111
9819832887,9815334035,2026-08-04 08:00:00,240
9863481198,9847135391,2026-08-06 08:00:00,112
9811049999,9895511909,2026-08-06 08:00:00,424
9893131979,9819317495,2026-08-09 08:00:00,471
9883227889,9850603163,2026-08-04 08:00:00,454
9885563727,9860888017,2026-08-03 08:00:00,160
9879782527,9835921441,2026-08-04 08:00:00,151
9819391725,9887925434,2026-08-01 08:00:00,309
9845496015,9898231132,2026-08-16 08:00:00,354
9893131979,9847463522,2026-08-01 08:00:00,41
9830743797,9882269803,2026-08-01 08:00:00,350
9833357554,9871780854,2026-08-04 08:00:00,118
9827778019,9866431351,2026-08-13 08:00:00,318
9827778019,9893131979,2026-08-09 08:00:00,487
9819832887,9868571795,2026-08-11 08:00:00,319
9815134794,9877898694,2026-08-12 08:00:00,359
9887925434,9836445607,2026-08-08 08:00:00,491
9813176186,9845159040,2026-08-13 08:00:00,203
9891363974,9896098221,2026-08-12 08:00:00,457
9835511941,9847463522,2026-08-01 08:00:00,243
9851373735,9825480907,2026-08-05 08:00:00,23
9890070438,9885146293,2026-08-09 08:00:00,496
9899508850,9882269803,2026-08-08 08:00:00,198
9869302158,9895132217,2026-08-16 08:00:00,273
9829876811,9824549543,2026-08-07 08:00:00,11
9833763566,9821003626,2026-08-01 08:00:00,334
9813176186,9813326769,2026-08-11 08:00:00,357
9830005727,9842035886,2026-08-16 08:00:00,214
9852462441,9891363974,2026-08-03 08:00:00,188
9815134794,9868571795,2026-08-04 08:00:00,385
9840547349,9875569635,2026-08-07 08:00:00,374
9844188276,9827778019,2026-08-02 08:00:00,75
9891178885,9854318698,2026-08-10 08:00:00,436
9863643924,9854446182,2026-08-15 08:00:00,96
9839854548,9853779528,2026-08-16 08:00:00,349
9811297845,9888183110,2026-08-08 08:00:00,118
9852169044,9882269803,2026-08-03 08:00:00,64
9897775215,9825492573,2026-08-01 08:00:00,92
9893370583,9840547349,2026-08-09 08:00:00,122
9884045292,9811250299,2026-08-16 08:00:00,497
9858884978,9885146293,2026-08-05 08:00:00,482
9813704481,9885563727,2026-08-16 08:00:00,56
9833966966,9856930359,2026-08-08 08:00:00,487
9895125977,9864009265,2026-08-03 08:00:00,339
9887925434,9835921441,2026-08-13 08:00:00,344
9850308572,9859555330,2026-08-14 08:00:00,423
9842035886,9842787299,2026-08-09 08:00:00,69
9845431319,9854318698,2026-08-04 08:00:00,55
9887925434,9852462441,2026-08-07 08:00:00,391
9853779528,9823796726,2026-08-12 08:00:00,75
9836445607,9819233013,2026-08-01 08:00:00,169
9811049999,9814835614,2026-08-07 08:00:00,443
9845630292,9857469942,2026-08-11 08:00:00,404
9878371272,9819736572,2026-08-05 08:00:00,276
9824549543,9890070438,2026-08-08 08:00:00,64
9830863865,9815354599,2026-08-15 08:00:00,171
9861343880,9875569635,2026-08-08 08:00:00,265
9831172421,9864813568,2026-08-05 08:00:00,317
9850962024,9861343880,2026-08-02 08:00:00,316
9899913412,9835748341,2026-08-04 08:00:00,150
9896637649,9823796726,2026-08-16 08:00:00,333
9899038359,9854058573,2026-08-10 08:00:00,370
9835921441,9811049999,2026-08-11 08:00:00,88
9825492573,9877834855,2026-08-08 08:00:00,368
9810226999,9873174945,2026-08-06 08:00:00,448
9819832887,9845594597,2026-08-13 08:00:00,163
9841774346,9885283645,2026-08-01 08:00:00,290
9889795010,9877898694,2026-08-14 08:00:00,357
9868571795,9884252420,2026-08-13 08:00:00,210
9847816686,9866851377,2026-08-10 08:00:00,154
9851373735,9819317495,2026-08-13 08:00:00,59
9886384014,9821003626,2026-08-02 08:00:00,445
9825015458,9899639081,2026-08-15 08:00:00,345
9899245317,9895125977,2026-08-05 08:00:00,236
9851373735,9834073380,2026-08-10 08:00:00,469
9861343880,9877834855,2026-08-07 08:00:00,421
9895511909,9865337219,2026-08-01 08:00:00,195
9885863473,9895125977,2026-08-04 08:00:00,357
9861343880,9835921441,2026-08-14 08:00:00,357
9852169044,9896098221,2026-08-04 08:00:00,192
9868571795,9837415205,2026-08-02 08:00:00,70
9827558317,9867403166,2026-08-11 08:00:00,313
9897775215,9852133044,2026-08-13 08:00:00,135
9859597086,9854769200,2026-08-08 08:00:00,213
9839920292,9899639081,2026-08-06 08:00:00,344
9880993218,9835921441,2026-08-03 08:00:00,408
9851511484,9867403166,2026-08-13 08:00:00,150
9867684996,9884437458,2026-08-15 08:00:00,198
9815354599,9854769200,2026-08-04 08:00:00,52
9885146293,9839920292,2026-08-08 08:00:00,21
9868812137,9823796726,2026-08-16 08:00:00,150
9833966966,9880993218,2026-08-04 08:00:00,416
9814835614,9815334035,2026-08-13 08:00:00,257
9815917225,9899508850,2026-08-14 08:00:00,162
9823796726,9827566185,2026-08-04 08:00:00,176
9819391725,9882909480,2026-08-06 08:00:00,217
9899508850,9815614174,2026-08-13 08:00:00,294
9871510041,9866851377,2026-08-16 08:00:00,42
9827084279,9833357554,2026-08-04 08:00:00,395
9882269803,9877834855,2026-08-04 08:00:00,102
9899038526,9833966966,2026-08-06 08:00:00,12
9810475894,9839854548,2026-08-11 08:00:00,72
9871780854,9827566185,2026-08-07 08:00:00,344
9899245317,9854318698,2026-08-09 08:00:00,445
9882269803,9859597086,2026-08-03 08:00:00,73
9861700055,9899514287,2026-08-12 08:00:00,288
9852169044,9857469942,2026-08-01 08:00:00,137
9899514287,9813326769,2026-08-10 08:00:00,347
9813704481,9830005727,2026-08-05 08:00:00,305
9839920292,9833966966,2026-08-11 08:00:00,277
9836786211,9826726926,2026-08-07 08:00:00,362
9847463522,9824549543,2026-08-02 08:00:00,131
9858024342,9844999379,2026-08-05 08:00:00,163
9899038359,9845650176,2026-08-07 08:00:00,312
9820099059,9824366125,2026-08-05 08:00:00,383
9838195995,9857469942,2026-08-03 08:00:00,291
9811250299,9884158663,2026-08-13 08:00:00,342
9899245317,9825480907,2026-08-15 08:00:00,52
9811250299,9819736572,2026-08-14 08:00:00,491
9833966966,9844188276,2026-08-07 08:00:00,46
9867684996,9843491314,2026-08-09 08:00:00,334
9851373735,9815917225,2026-08-07 08:00:00,375
9893303777,9850181935,2026-08-06 08:00:00,224
9865259205,9836445607,2026-08-14 08:00:00,204
9845059710,9890070438,2026-08-08 08:00:00,49
9831367172,9885146293,2026-08-04 08:00:00,360
9854446182,9883227889,2026-08-03 08:00:00,178
9833763566,9854318698,2026-08-12 08:00:00,475
9856930359,9863121477,2026-08-09 08:00:00,84
9842787299,9858942697,2026-08-01 08:00:00,60
9835921441,9884411983,2026-08-13 08:00:00,497
9881969657,9885146293,2026-08-06 08:00:00,279
9845594597,9854585178,2026-08-16 08:00:00,58
9866851377,9884252420,2026-08-10 08:00:00,292
9831367172,9826726926,2026-08-04 08:00:00,469
9888339168,9852169044,2026-08-11 08:00:00,494
9882269803,9845630292,2026-08-06 08:00:00,186
9852462441,9819736572,2026-08-13 08:00:00,254
9814835614,9827566185,2026-08-09 08:00:00,14
9868526649,9827558317,2026-08-05 08:00:00,346
9827566185,9844188276,2026-08-13 08:00:00,300
9810226999,9830743797,2026-08-02 08:00:00,480
9885863473,9833763566,2026-08-12 08:00:00,372
9863121477,9857130035,2026-08-14 08:00:00,371
9849682169,9815334035,2026-08-15 08:00:00,191
9856843172,9899152472,2026-08-10 08:00:00,151
9815134794,9827778019,2026-08-08 08:00:00,166
9885563727,9854318698,2026-08-10 08:00:00,218
9846553958,9836445607,2026-08-03 08:00:00,334
9831687165,9838609087,2026-08-08 08:00:00,493
9867887757,9860888017,2026-08-02 08:00:00,53
9880993218,9847393469,2026-08-16 08:00:00,423
9815354599,9857469942,2026-08-05 08:00:00,255
9891178885,9827558317,2026-08-04 08:00:00,217
9822388090,9871367643,2026-08-07 08:00:00,476
9880993218,9866431351,2026-08-14 08:00:00,369
9813704481,9895511909,2026-08-12 08:00:00,135
9852462441,9824549543,2026-08-02 08:00:00,320
9839854548,9852169044,2026-08-08 08:00:00,99
9838609087,9878371272,2026-08-05 08:00:00,273
9836786211,9873174945,2026-08-14 08:00:00,263
9819233013,9852169044,2026-08-12 08:00:00,67
9877898694,9819736572,2026-08-08 08:00:00,435
9811297845,9864009265,2026-08-04 08:00:00,158
9899514287,9834073380,2026-08-10 08:00:00,145
9847135391,9852436584,2026-08-13 08:00:00,121
9854585178,9850308572,2026-08-02 08:00:00,488
9851511484,9895132217,2026-08-16 08:00:00,39
9820099059,9866431351,2026-08-15 08:00:00,178
9899514287,9836786211,2026-08-04 08:00:00,12
9884252420,9884045292,2026-08-06 08:00:00,215
9836786211,9815354599,2026-08-04 08:00:00,230
9839920292,9865337219,2026-08-03 08:00:00,280
9827558317,9865259205,2026-08-14 08:00:00,73
9819832887,9866431351,2026-08-05 08:00:00,403
9841774346,9878064830,2026-08-08 08:00:00,250
9830863865,9893303777,2026-08-10 08:00:00,196
9815134794,9815334035,2026-08-09 08:00:00,65
9850603163,9841774346,2026-08-15 08:00:00,92
9823903144,9836786211,2026-08-14 08:00:00,12
9820099059,9825015458,2026-08-07 08:00:00,66
9844999379,9850962024,2026-08-02 08:00:00,78
9830863865,9831810617,2026-08-11 08:00:00,471
9859597086,9899245317,2026-08-07 08:00:00,495
9898231132,9845159040,2026-08-09 08:00:00,70
9831810617,9839920292,2026-08-16 08:00:00,419
9831172421,9882909480,2026-08-05 08:00:00,176
9882269803,9837326368,2026-08-13 08:00:00,266
9885863473,9852462441,2026-08-13 08:00:00,77
9824508349,9880166708,2026-08-01 08:00:00,74
9865259205,9823419256,2026-08-01 08:00:00,402
9868526649,9845496015,2026-08-02 08:00:00,357
9887925434,9815134794,2026-08-01 08:00:00,232
9898231132,9845431319,2026-08-10 08:00:00,258
9879782527,9893131979,2026-08-14 08:00:00,136
9895132217,9865259205,2026-08-06 08:00:00,137
9824366125,9864009265,2026-08-04 08:00:00,452
9892097999,9899508850,2026-08-08 08:00:00,351
9815134794,9865337219,2026-08-16 08:00:00,371
9881969657,9899508850,2026-08-06 08:00:00,106
9814835614,9867684996,2026-08-05 08:00:00,127
9854769200,9886384014,2026-08-13 08:00:00,29
9858942697,9819317495,2026-08-05 08:00:00,228
9864543049,9871367643,2026-08-07 08:00:00,56
9873174945,9819233013,2026-08-14 08:00:00,278
9854585178,9899508850,2026-08-08 08:00:00,123
9877898694,9815134794,2026-08-16 08:00:00,41
9856397338,9815134794,2026-08-02 08:00:00,165
9824508349,9830743797,2026-08-12 08:00:00,153
9884252420,9882909480,2026-08-14 08:00:00,136
9899913412,9888339168,2026-08-06 08:00:00,30
9852436584,9873174945,2026-08-11 08:00:00,118
9847393469,9850264926,2026-08-09 08:00:00,475
9826726926,9847463522,2026-08-14 08:00:00,104
9878064830,9839920292,2026-08-12 08:00:00,181
9899639081,9824508349,2026-08-04 08:00:00,352
9822388090,9831172421,2026-08-05 08:00:00,179
9813176186,9852462441,2026-08-12 08:00:00,390
9863121477,9868812137,2026-08-12 08:00:00,131
9867403166,9858942697,2026-08-07 08:00:00,309
9840547349,9854318698,2026-08-04 08:00:00,76
9867684996,9880993218,2026-08-04 08:00:00,31
9868812137,9884437458,2026-08-07 08:00:00,108
9896637649,9839854548,2026-08-04 08:00:00,48
9816818112,9895132217,2026-08-11 08:00:00,164
9885863473,9868571795,2026-08-07 08:00:00,283
9884045292,9865259205,2026-08-02 08:00:00,75
9819317495,9831810617,2026-08-09 08:00:00,466
9893131979,9859555330,2026-08-12 08:00:00,468
9878371272,9839854548,2026-08-04 08:00:00,476
9897775215,9843308443,2026-08-16 08:00:00,224
9856020613,9899152472,2026-08-01 08:00:00,95
9899038526,9858942697,2026-08-05 08:00:00,158
9813326769,9850181935,2026-08-02 08:00:00,416
9833966966,9844999379,2026-08-13 08:00:00,263
9868526649,9813704481,2026-08-03 08:00:00,94
9850603163,9882269803,2026-08-13 08:00:00,297
9863121477,9845630292,2026-08-13 08:00:00,320
9831367172,9893638503,2026-08-06 08:00:00,11
9885283645,9823796726,2026-08-07 08:00:00,313
9851373735,9815354599,2026-08-15 08:00:00,267
9825015458,9884045292,2026-08-09 08:00:00,165
9884411983,9875569635,2026-08-09 08:00:00,292
9854769200,9852169044,2026-08-08 08:00:00,33
9813704481,9845496015,2026-08-10 08:00:00,30
9833763566,9861343880,2026-08-09 08:00:00,484
9845650176,9831367172,2026-08-02 08:00:00,338
9857130035,9877834855,2026-08-04 08:00:00,10
9867403166,9823419256,2026-08-12 08:00:00,176
9879782527,9896637649,2026-08-09 08:00:00,379
9845650176,9883227889,2026-08-10 08:00:00,176
9896098221,9866267415,2026-08-01 08:00:00,431
9820099059,9884411983,2026-08-09 08:00:00,100
9811250299,9864543049,2026-08-04 08:00:00,379
9880993218,9852101056,2026-08-13 08:00:00,494
9884437458,9811250299,2026-08-07 08:00:00,428
9830005727,9884411983,2026-08-11 08:00:00,147
9893638503,9843704923,2026-08-13 08:00:00,89
9839854548,9842035886,2026-08-14 08:00:00,198
9861343880,9898231132,2026-08-03 08:00:00,263
9815334035,9849682169,2026-08-06 08:00:00,427
9837415205,9844999379,2026-08-16 08:00:00,492
9845594597,9815334035,2026-08-10 08:00:00,20
9835748341,9899245317,2026-08-06 08:00:00,428
9889795010,9868526649,2026-08-07 08:00:00,45
9844188276,9847816686,2026-08-14 08:00:00,135
9864813568,9815917225,2026-08-13 08:00:00,61
9885863473,9856020613,2026-08-05 08:00:00,382
9882269803,9822388090,2026-08-04 08:00:00,203
9840547349,9815614174,2026-08-04 08:00:00,433
9822388090,9837326368,2026-08-02 08:00:00,77
9857130035,9846553958,2026-08-03 08:00:00,147
9844188276,9866267415,2026-08-01 08:00:00,415
9815354599,9880166708,2026-08-11 08:00:00,446
9825015458,9879782527,2026-08-07 08:00:00,81
9898231132,9893131979,2026-08-15 08:00:00,427
9899245317,9854585178,2026-08-11 08:00:00,255
9865259205,9878642041,2026-08-02 08:00:00,288
9833966966,9830743797,2026-08-04 08:00:00,20
9813326769,9881969657,2026-08-10 08:00:00,62
9856397338,9815197528,2026-08-05 08:00:00,10
9842787299,9845059710,2026-08-08 08:00:00,228
9840547349,9861343880,2026-08-12 08:00:00,345
9847393469,9842787299,2026-08-13 08:00:00,361
9825492573,9824508349,2026-08-16 08:00:00,96
9824508349,9842787299,2026-08-04 08:00:00,499
9850962024,9820099059,2026-08-03 08:00:00,325
9856930359,9854769200,2026-08-12 08:00:00,482
9879782527,9813326769,2026-08-05 08:00:00,101
9815134794,9866851377,2026-08-11 08:00:00,317
9815334035,9819736572,2026-08-14 08:00:00,86
9845159040,9868526649,2026-08-10 08:00:00,329
9847393469,9884252420,2026-08-04 08:00:00,148
9891178885,9824549543,2026-08-12 08:00:00,487
9892097999,9882909480,2026-08-03 08:00:00,413
9852436584,9852133044,2026-08-05 08:00:00,173
9861343880,9845630292,2026-08-15 08:00:00,379
9898231132,9843308443,2026-08-04 08:00:00,305
9815134794,9845594597,2026-08-09 08:00:00,84
9867887757,9821003626,2026-08-05 08:00:00,103
9864009265,9840547349,2026-08-12 08:00:00,173
9854058573,9857469942,2026-08-16 08:00:00,365
9829876811,9890070438,2026-08-11 08:00:00,80
9884437458,9878642041,2026-08-13 08:00:00,224
9854446182,9891178885,2026-08-16 08:00:00,282
9871510041,9899889098,2026-08-13 08:00:00,52
9843704923,9825492573,2026-08-14 08:00:00,279
9895125977,9815957459,2026-08-08 08:00:00,369
9854318698,9845496015,2026-08-12 08:00:00,11
9893638503,9864543049,2026-08-12 08:00:00,295
9868571795,9845650176,2026-08-04 08:00:00,40
9884252420,9813176186,2026-08-05 08:00:00,160
9849682169,9844188276,2026-08-14 08:00:00,134
9877834855,9842787299,2026-08-02 08:00:00,392
9823903144,9854769200,2026-08-05 08:00:00,203
9843491314,9845059710,2026-08-14 08:00:00,200
9873174945,9899508850,2026-08-04 08:00:00,349
9843704923,9847816686,2026-08-16 08:00:00,438
9898588154,9885283645,2026-08-01 08:00:00,85
9878371272,9844188276,2026-08-03 08:00:00,135
9838609087,9822388090,2026-08-14 08:00:00,86
9837326368,9815334035,2026-08-16 08:00:00,390
9823903144,9895511909,2026-08-10 08:00:00,250
9829876811,9884045292,2026-08-11 08:00:00,237
9815917225,9833966966,2026-08-01 08:00:00,156
9824508349,9865259205,2026-08-02 08:00:00,461
9850308572,9859597086,2026-08-06 08:00:00,267
9899245317,9815354599,2026-08-13 08:00:00,436
9857469942,9831172421,2026-08-15 08:00:00,293
9882909480,9884158663,2026-08-10 08:00:00,373
9899889098,9857469942,2026-08-06 08:00:00,149
9867887757,9827778019,2026-08-13 08:00:00,496
9827566185,9880993218,2026-08-07 08:00:00,215
9895132217,9896098221,2026-08-08 08:00:00,210
9882160068,9880993218,2026-08-03 08:00:00,428
9833966966,9856843172,2026-08-16 08:00:00,170
9884437458,9850308572,2026-08-13 08:00:00,433
9819233013,9860888017,2026-08-02 08:00:00,421
9893303777,9815917225,2026-08-14 08:00:00,109
9831367172,9880166708,2026-08-04 08:00:00,49
9813176186,9890070438,2026-08-11 08:00:00,24
9888183110,9850962024,2026-08-06 08:00:00,287
9880166708,9819391725,2026-08-07 08:00:00,315
9815354599,9838270233,2026-08-10 08:00:00,106
9828024248,9892613013,2026-08-02 08:00:00,133
9830743797,9879782527,2026-08-02 08:00:00,298
9834073380,9813326769,2026-08-02 08:00:00,171
9867887757,9835748341,2026-08-01 08:00:00,192
9882269803,9850962024,2026-08-13 08:00:00,266
9819317495,9836445607,2026-08-13 08:00:00,381
9820099059,9886384014,2026-08-04 08:00:00,179
9883227889,9852462441,2026-08-04 08:00:00,267
9815957459,9852133044,2026-08-01 08:00:00,310
9819233013,9898231132,2026-08-02 08:00:00,158
9899245317,9852133044,2026-08-15 08:00:00,50
9866267415,9867887757,2026-08-08 08:00:00,462
9899038359,9831172421,2026-08-05 08:00:00,403
9825492573,9899245317,2026-08-11 08:00:00,239
9886384014,9877898694,2026-08-10 08:00:00,194
9838195995,9848250360,2026-08-02 08:00:00,466
9882909480,9815957459,2026-08-13 08:00:00,132
9877834855,9891363974,2026-08-03 08:00:00,500
9865259205,9863481198,2026-08-16 08:00:00,59
9822388090,9844188276,2026-08-10 08:00:00,290
9854318698,9891178885,2026-08-04 08:00:00,242
9836445607,9852169044,2026-08-10 08:00:00,92
9843308443,9824366125,2026-08-12 08:00:00,190
9854318698,9847816686,2026-08-06 08:00:00,373
9846553958,9849682169,2026-08-09 08:00:00,252
9811250299,9837326368,2026-08-15 08:00:00,342
9823903144,9885146293,2026-08-16 08:00:00,30
9878371272,9847393469,2026-08-13 08:00:00,219
9895132217,9831172421,2026-08-05 08:00:00,235
9878371272,9827558317,2026-08-11 08:00:00,201
9879782527,9831172421,2026-08-14 08:00:00,269
9869302158,9892097999,2026-08-02 08:00:00,327
9850308572,9896098221,2026-08-08 08:00:00,368
9859555330,9815354599,2026-08-05 08:00:00,446
9881969657,9845431319,2026-08-13 08:00:00,91
9863481198,9825480907,2026-08-03 08:00:00,124
9845630292,9851511484,2026-08-03 08:00:00,188
9850308572,9813704481,2026-08-15 08:00:00,65
9879782527,9815334035,2026-08-04 08:00:00,479
9830863865,9864009265,2026-08-14 08:00:00,112
9825480907,9835511941,2026-08-03 08:00:00,172
9887925434,9890070438,2026-08-16 08:00:00,118
9899508850,9852462441,2026-08-16 08:00:00,68
9824366125,9864813568,2026-08-02 08:00:00,289
9865259205,9850264926,2026-08-05 08:00:00,337
9847135391,9899913412,2026-08-02 08:00:00,317
9815957459,9819233013,2026-08-02 08:00:00,489
9813176186,9848250360,2026-08-16 08:00:00,119
9873174945,9847135391,2026-08-01 08:00:00,497
9893131979,9868526649,2026-08-14 08:00:00,148
9878064830,9885563727,2026-08-06 08:00:00,52
9844188276,9843308443,2026-08-09 08:00:00,217
9831687165,9899514287,2026-08-15 08:00:00,456
9831810617,9856020613,2026-08-07 08:00:00,352
9884158663,9882160068,2026-08-02 08:00:00,57
9815134794,9887925434,2026-08-10 08:00:00,94
9865337219,9884252420,2026-08-14 08:00:00,256
9868571795,9871510041,2026-08-06 08:00:00,366
9897775215,9836786211,2026-08-13 08:00:00,431
9815354599,9859555330,2026-08-07 08:00:00,49
9885863473,9845159040,2026-08-05 08:00:00,175
9845159040,9843491314,2026-08-11 08:00:00,17
9852133044,9849682169,2026-08-05 08:00:00,265
9899913412,9853779528,2026-08-14 08:00:00,144
9827778019,9884045292,2026-08-01 08:00:00,240
9827566185,9885563727,2026-08-15 08:00:00,337
9843704923,9887388337,2026-08-02 08:00:00,121
9880993218,9844999379,2026-08-14 08:00:00,366
9816818112,9815957459,2026-08-06 08:00:00,317
9835921441,9899038359,2026-08-12 08:00:00,117
9844999379,9819736572,2026-08-01 08:00:00,199
9878371272,9864543049,2026-08-10 08:00:00,469
9854585178,9899152472,2026-08-04 08:00:00,368
9891178885,9867403166,2026-08-15 08:00:00,221
9829876811,9836786211,2026-08-12 08:00:00,434
9811297845,9815134794,2026-08-11 08:00:00,68
9837415205,9849682169,2026-08-14 08:00:00,201
9837415205,9828024248,2026-08-06 08:00:00,287
9897775215,9819233013,2026-08-10 08:00:00,442
9841774346,9852101056,2026-08-14 08:00:00,334
9850962024,9899508850,2026-08-04 08:00:00,54
9881969657,9854318698,2026-08-01 08:00:00,325
9829876811,9881969657,2026-08-16 08:00:00,393
9882269803,9838195995,2026-08-04 08:00:00,334
9830005727,9899152472,2026-08-02 08:00:00,351
9845431319,9831810617,2026-08-07 08:00:00,124
9815957459,9864813568,2026-08-13 08:00:00,68
9865337219,9850264926,2026-08-04 08:00:00,189
9851511484,9829876811,2026-08-13 08:00:00,13
9893303777,9842787299,2026-08-10 08:00:00,147
9841774346,9892097999,2026-08-10 08:00:00,439
9815197528,9863643924,2026-08-08 08:00:00,12
9815197528,9859597086,2026-08-01 08:00:00,23
9865259205,9893303777,2026-08-11 08:00:00,181
9852169044,9823796726,2026-08-14 08:00:00,133
9810475894,9889795010,2026-08-07 08:00:00,325
9850308572,9889795010,2026-08-02 08:00:00,420
9895125977,9815134794,2026-08-05 08:00:00,490
9885563727,9845630292,2026-08-06 08:00:00,216
9899913412,9827084279,2026-08-06 08:00:00,233
9842035886,9847463522,2026-08-05 08:00:00,268
9854769200,9867684996,2026-08-13 08:00:00,441
9837326368,9866267415,2026-08-09 08:00:00,438
9828024248,9885283645,2026-08-11 08:00:00,114
9845059710,9897775215,2026-08-01 08:00:00,331
9846553958,9814835614,2026-08-05 08:00:00,24
9895132217,9825015458,2026-08-03 08:00:00,302
9819233013,9845059710,2026-08-05 08:00:00,242
9885563727,9867684996,2026-08-12 08:00:00,105
9888183110,9884437458,2026-08-08 08:00:00,162
9819317495,9871510041,2026-08-08 08:00:00,381
9863121477,9835921441,2026-08-09 08:00:00,347
9873174945,9858942697,2026-08-03 08:00:00,488
9844188276,9866267415,2026-08-01 08:00:00,336
9843704923,9881969657,2026-08-04 08:00:00,245
9898588154,9885146293,2026-08-04 08:00:00,82
9850962024,9892097999,2026-08-06 08:00:00,57
9838609087,9854058573,2026-08-12 08:00:00,477
9877834855,9889795010,2026-08-04 08:00:00,261
9815614174,9829876811,2026-08-03 08:00:00,259
9866267415,9838609087,2026-08-07 08:00:00,361
9831810617,9835921441,2026-08-11 08:00:00,334
9869302158,9899245317,2026-08-06 08:00:00,162
9815354599,9837415205,2026-08-02 08:00:00,70
9887925434,9823419256,2026-08-16 08:00:00,324
9899038526,9816818112,2026-08-01 08:00:00,91
9827778019,9852462441,2026-08-09 08:00:00,484
9885146293,9819317495,2026-08-01 08:00:00,284
9815614174,9827084279,2026-08-05 08:00:00,120
9878371272,9853779528,2026-08-07 08:00:00,25
9893370583,9823903144,2026-08-08 08:00:00,52
9845594597,9833966966,2026-08-05 08:00:00,147
9858942697,9834073380,2026-08-07 08:00:00,498
9867887757,9884252420,2026-08-10 08:00:00,249
9880993218,9854058573,2026-08-14 08:00:00,272
9825480907,9819317495,2026-08-09 08:00:00,98
9865337219,9868526649,2026-08-09 08:00:00,211
9881969657,9833357554,2026-08-10 08:00:00,94
9893638503,9884045292,2026-08-16 08:00:00,231
9839854548,9857469942,2026-08-09 08:00:00,427
9899913412,9838195995,2026-08-04 08:00:00,320
9840547349,9815134794,2026-08-07 08:00:00,300
9836786211,9893303777,2026-08-03 08:00:00,240
9860888017,9859597086,2026-08-09 08:00:00,310
9883227889,9875569635,2026-08-12 08:00:00,213
9827105448,9853779528,2026-08-06 08:00:00,424
9821003626,9815134794,2026-08-06 08:00:00,193
9878642041,9847816686,2026-08-07 08:00:00,346
9861343880,9863121477,2026-08-11 08:00:00,72
9815354599,9899913412,2026-08-01 08:00:00,377
9835511941,9847135391,2026-08-15 08:00:00,300
9821003626,9842035886,2026-08-03 08:00:00,207
9850962024,9890070438,2026-08-07 08:00:00,279
9899038359,9881969657,2026-08-09 08:00:00,376
9826726926,9858884978,2026-08-03 08:00:00,303
9815917225,9831810617,2026-08-14 08:00:00,172
9899913412,9865337219,2026-08-07 08:00:00,35
9854058573,9891178885,2026-08-02 08:00:00,150
9831810617,9854769200,2026-08-04 08:00:00,241
9852169044,9899038526,2026-08-11 08:00:00,312
9840547349,9845496015,2026-08-01 08:00:00,155
9864543049,9850308572,2026-08-01 08:00:00,476
9851511484,9850962024,2026-08-05 08:00:00,440
9868326160,9858024342,2026-08-02 08:00:00,182
9815917225,9864543049,2026-08-03 08:00:00,250
9887388337,9815197528,2026-08-10 08:00:00,150
9899913412,9882269803,2026-08-12 08:00:00,214
9831687165,9810475894,2026-08-11 08:00:00,262
9891363974,9888339168,2026-08-13 08:00:00,162
9851373735,9864813568,2026-08-16 08:00:00,444
9850308572,9885146293,2026-08-12 08:00:00,490
9895132217,9881969657,2026-08-01 08:00:00,124
9888339168,9815354599,2026-08-05 08:00:00,63
9821003626,9852101056,2026-08-14 08:00:00,125
9852169044,9854318698,2026-08-07 08:00:00,380
9825521714,9871510041,2026-08-01 08:00:00,488
9852101056,9873174945,2026-08-09 08:00:00,462
9813326769,9824508349,2026-08-02 08:00:00,494
9899639081,9838609087,2026-08-09 08:00:00,178
9852101056,9891363974,2026-08-13 08:00:00,148
9851373735,9852169044,2026-08-05 08:00:00,308
9849682169,9854769200,2026-08-05 08:00:00,173
9861343880,9882269803,2026-08-14 08:00:00,336
9839854548,9858884978,2026-08-04 08:00:00,277
9866851377,9888183110,2026-08-16 08:00:00,348
9839920292,9824366125,2026-08-11 08:00:00,405
9843491314,9834073380,2026-08-08 08:00:00,57
9892097999,9864009265,2026-08-10 08:00:00,374
9879782527,9836786211,2026-08-08 08:00:00,347
9815917225,9810226999,2026-08-07 08:00:00,365
9854058573,9811049999,2026-08-07 08:00:00,16
9858884978,9899038359,2026-08-15 08:00:00,429
9840547349,9844999379,2026-08-16 08:00:00,63
9887925434,9877834855,2026-08-11 08:00:00,399
9835748341,9825015458,2026-08-15 08:00:00,345
9865259205,9861700055,2026-08-04 08:00:00,478
9886384014,9884411983,2026-08-12 08:00:00,207
9869302158,9895132217,2026-08-07 08:00:00,409
9825480907,9844999379,2026-08-03 08:00:00,152
9857469942,9860888017,2026-08-10 08:00:00,497
9895125977,9815917225,2026-08-04 08:00:00,85
9851511484,9880166708,2026-08-04 08:00:00,133
9864543049,9849682169,2026-08-06 08:00:00,146
9827105448,9868571795,2026-08-15 08:00:00,190
9892097999,9854769200,2026-08-03 08:00:00,191
9848250360,9847135391,2026-08-05 08:00:00,213
9899152472,9848250360,2026-08-11 08:00:00,37
9850603163,9831367172,2026-08-12 08:00:00,60
9888339168,9867403166,2026-08-13 08:00:00,384
9857469942,9819317495,2026-08-10 08:00:00,106
9868326160,9837415205,2026-08-09 08:00:00,281
9826726926,9854058573,2026-08-14 08:00:00,65
9831172421,9888339168,2026-08-08 08:00:00,500
9824508349,9884411983,2026-08-04 08:00:00,37
9858024342,9895125977,2026-08-09 08:00:00,132
9819391725,9813704481,2026-08-04 08:00:00,151
9842787299,9895132217,2026-08-13 08:00:00,210
9889795010,9847463522,2026-08-08 08:00:00,385
9833966966,9830743797,2026-08-16 08:00:00,115
9852169044,9893638503,2026-08-12 08:00:00,336
9847393469,9896637649,2026-08-10 08:00:00,385
9852436584,9887388337,2026-08-06 08:00:00,267
9899508850,9838195995,2026-08-16 08:00:00,388
9854585178,9852101056,2026-08-08 08:00:00,97
9836445607,9831172421,2026-08-03 08:00:00,95
9882160068,9856930359,2026-08-15 08:00:00,82
9822388090,9845159040,2026-08-16 08:00:00,229
9856930359,9815614174,2026-08-06 08:00:00,145
9838609087,9852169044,2026-08-01 08:00:00,314
9836786211,9868571795,2026-08-01 08:00:00,260
9857130035,9850264926,2026-08-04 08:00:00,33
9864543049,9863481198,2026-08-10 08:00:00,437
9899889098,9856020613,2026-08-06 08:00:00,396
9861343880,9815957459,2026-08-04 08:00:00,61
9899639081,9810226999,2026-08-11 08:00:00,241
9839920292,9810226999,2026-08-12 08:00:00,289
9811250299,9824549543,2026-08-16 08:00:00,139
9878371272,9849682169,2026-08-01 08:00:00,433
9836786211,9899639081,2026-08-11 08:00:00,466
9827084279,9815957459,2026-08-16 08:00:00,67
9831367172,9868526649,2026-08-01 08:00:00,85
9829876811,9884411983,2026-08-05 08:00:00,192
9891178885,9827105448,2026-08-08 08:00:00,305
9852462441,9851373735,2026-08-14 08:00:00,194
9893638503,9880993218,2026-08-03 08:00:00,109
9835921441,9833763566,2026-08-04 08:00:00,150
9866267415,9819736572,2026-08-15 08:00:00,500
9856020613,9845810056,2026-08-09 08:00:00,476
9819736572,9884252420,2026-08-11 08:00:00,210
9868812137,9815197528,2026-08-09 08:00:00,168
9844999379,9871780854,2026-08-11 08:00:00,437
9891363974,9885146293,2026-08-14 08:00:00,417
9864813568,9863481198,2026-08-12 08:00:00,157
9824508349,9815354599,2026-08-16 08:00:00,484
9868526649,9861343880,2026-08-15 08:00:00,358
9852133044,9827778019,2026-08-10 08:00:00,329
9810475894,9845159040,2026-08-06 08:00:00,165
9819832887,9847393469,2026-08-03 08:00:00,419
9875569635,9822388090,2026-08-15 08:00:00,30
9899038359,9850962024,2026-08-04 08:00:00,37
9839920292,9854585178,2026-08-01 08:00:00,230
9836786211,9824549543,2026-08-01 08:00:00,35
9878064830,9823903144,2026-08-12 08:00:00,459
9850962024,9899152472,2026-08-05 08:00:00,498
9854318698,9882909480,2026-08-09 08:00:00,83
9843491314,9865337219,2026-08-14 08:00:00,309
9831687165,9845431319,2026-08-08 08:00:00,26
9868571795,9836786211,2026-08-08 08:00:00,425
9819736572,9833763566,2026-08-13 08:00:00,226
9825480907,9847463522,2026-08-09 08:00:00,481
9899639081,9898588154,2026-08-10 08:00:00,98
9850181935,9897775215,2026-08-11 08:00:00,421
9843704923,9823903144,2026-08-07 08:00:00,138
9845650176,9815197528,2026-08-07 08:00:00,164
9854585178,9879782527,2026-08-10 08:00:00,300
9866267415,9851511484,2026-08-06 08:00:00,202
9897775215,9887388337,2026-08-05 08:00:00,279
9830005727,9833966966,2026-08-11 08:00:00,267
9868526649,9882909480,2026-08-12 08:00:00,249
9836786211,9815134794,2026-08-15 08:00:00,225
9829876811,9851511484,2026-08-01 08:00:00,477
9859555330,9845059710,2026-08-14 08:00:00,55
9838270233,9823903144,2026-08-10 08:00:00,412
9878642041,9843704923,2026-08-12 08:00:00,75
9895132217,9816818112,2026-08-10 08:00:00,37
9838270233,9889795010,2026-08-05 08:00:00,216
9858884978,9866431351,2026-08-15 08:00:00,423
9837326368,9827084279,2026-08-15 08:00:00,439
9873174945,9879782527,2026-08-02 08:00:00,148
9867403166,9880166708,2026-08-11 08:00:00,314
9887388337,9845431319,2026-08-16 08:00:00,363
9835511941,9811049999,2026-08-04 08:00:00,389
9833357554,9863643924,2026-08-02 08:00:00,369
9893638503,9827084279,2026-08-05 08:00:00,297
9852462441,9854058573,2026-08-05 08:00:00,124
9863643924,9833763566,2026-08-05 08:00:00,164
9866267415,9835748341,2026-08-01 08:00:00,422
9819832887,9838195995,2026-08-07 08:00:00,68
9843308443,9852436584,2026-08-05 08:00:00,319
9854769200,9827778019,2026-08-04 08:00:00,136
9893638503,9881969657,2026-08-16 08:00:00,22
9861700055,9830005727,2026-08-13 08:00:00,38
9885146293,9899514287,2026-08-13 08:00:00,257
9882160068,9845496015,2026-08-09 08:00:00,430
9891363974,9831172421,2026-08-15 08:00:00,449
9841774346,9871367643,2026-08-04 08:00:00,231
9861343880,9885563727,2026-08-01 08:00:00,104
9844188276,9880993218,2026-08-08 08:00:00,97
9856397338,9852462441,2026-08-07 08:00:00,253
9898231132,9845431319,2026-08-10 08:00:00,351
9847463522,9868812137,2026-08-16 08:00:00,198
9845159040,9858942697,2026-08-13 08:00:00,207
9851373735,9880166708,2026-08-15 08:00:00,223
9857469942,9861343880,2026-08-01 08:00:00,155
9849682169,9854769200,2026-08-13 08:00:00,15
9843704923,9899639081,2026-08-02 08:00:00,340
9867403166,9841774346,2026-08-15 08:00:00,31
9836786211,9823903144,2026-08-15 08:00:00,461
9885863473,9849682169,2026-08-09 08:00:00,14
9885283645,9820099059,2026-08-07 08:00:00,188
9896637649,9856020613,2026-08-13 08:00:00,272
9819391725,9845810056,2026-08-05 08:00:00,190
9884437458,9884045292,2026-08-11 08:00:00,245
9825492573,9823903144,2026-08-09 08:00:00,411
9837326368,9841774346,2026-08-10 08:00:00,482
9889795010,9843308443,2026-08-16 08:00:00,202
9850264926,9826726926,2026-08-06 08:00:00,304
9825015458,9861700055,2026-08-09 08:00:00,76
9851373735,9821003626,2026-08-12 08:00:00,309
9895132217,9868326160,2026-08-03 08:00:00,33
9827105448,9843491314,2026-08-06 08:00:00,128
9887388337,9845159040,2026-08-04 08:00:00,265
9819736572,9868571795,2026-08-11 08:00:00,399
9842035886,9846553958,2026-08-08 08:00:00,63
9845810056,9845594597,2026-08-13 08:00:00,396
9831810617,9819391725,2026-08-02 08:00:00,323
9878064830,9853779528,2026-08-02 08:00:00,443
9895511909,9847816686,2026-08-15 08:00:00,400
9893303777,9826726926,2026-08-01 08:00:00,482
9845810056,9821003626,2026-08-04 08:00:00,367
9869302158,9835921441,2026-08-05 08:00:00,336
9823796726,9810475894,2026-08-07 08:00:00,110
9878064830,9839920292,2026-08-15 08:00:00,357
9847393469,9842787299,2026-08-07 08:00:00,389
9899245317,9897775215,2026-08-07 08:00:00,54
9833357554,9845059710,2026-08-04 08:00:00,114
9859597086,9823903144,2026-08-01 08:00:00,194
9815957459,9883227889,2026-08-03 08:00:00,184
9882160068,9831172421,2026-08-16 08:00:00,107
9877834855,9823796726,2026-08-16 08:00:00,266
9836786211,9820099059,2026-08-05 08:00:00,420
9843308443,9850603163,2026-08-14 08:00:00,330
9835921441,9847816686,2026-08-03 08:00:00,75
9827084279,9899514287,2026-08-04 08:00:00,70
9891178885,9842035886,2026-08-02 08:00:00,317
9811297845,9835511941,2026-08-01 08:00:00,124
9845431319,9878064830,2026-08-13 08:00:00,370
9820099059,9843308443,2026-08-06 08:00:00,157
9838609087,9813704481,2026-08-08 08:00:00,446
9827084279,9891363974,2026-08-10 08:00:00,214
9895132217,9896098221,2026-08-04 08:00:00,308
9850264926,9892097999,2026-08-01 08:00:00,26
9877898694,9831810617,2026-08-09 08:00:00,112
9856930359,9837326368,2026-08-02 08:00:00,81
9893638503,9854446182,2026-08-11 08:00:00,483
9838270233,9824549543,2026-08-02 08:00:00,130
9854058573,9847816686,2026-08-02 08:00:00,187
9847816686,9815197528,2026-08-03 08:00:00,464
9828024248,9898231132,2026-08-05 08:00:00,148
9885863473,9871780854,2026-08-04 08:00:00,28
9891178885,9861700055,2026-08-08 08:00:00,342
9884252420,9848250360,2026-08-16 08:00:00,165
9899889098,9815614174,2026-08-02 08:00:00,23
9815957459,9865337219,2026-08-13 08:00:00,359
9868526649,9810226999,2026-08-01 08:00:00,292
9834073380,9873174945,2026-08-13 08:00:00,402
9835921441,9851373735,2026-08-05 08:00:00,230
9899508850,9815134794,2026-08-05 08:00:00,69
9850603163,9854769200,2026-08-12 08:00:00,190
9819317495,9887925434,2026-08-14 08:00:00,480
9896098221,9845496015,2026-08-08 08:00:00,57
9868812137,9815354599,2026-08-08 08:00:00,221
9895511909,9882269803,2026-08-02 08:00:00,420
9822388090,9884045292,2026-08-08 08:00:00,426
9896098221,9838609087,2026-08-02 08:00:00,74
9850603163,9815334035,2026-08-10 08:00:00,32
9836445607,9884252420,2026-08-08 08:00:00,159
9886384014,9826726926,2026-08-13 08:00:00,255
9841774346,9885146293,2026-08-03 08:00:00,49
9878064830,9816818112,2026-08-07 08:00:00,263
9896637649,9810226999,2026-08-12 08:00:00,469
9884411983,9830005727,2026-08-10 08:00:00,492
9878371272,9863121477,2026-08-10 08:00:00,454
9884437458,9878642041,2026-08-09 08:00:00,173
9851373735,9811297845,2026-08-04 08:00:00,37
9823419256,9829876811,2026-08-16 08:00:00,153
9831687165,9893638503,2026-08-05 08:00:00,440
9827778019,9842035886,2026-08-10 08:00:00,389
9828024248,9877834855,2026-08-04 08:00:00,200
9885863473,9844188276,2026-08-02 08:00:00,130
9851373735,9850603163,2026-08-15 08:00:00,497
9853779528,9815614174,2026-08-16 08:00:00,438
9859597086,9831367172,2026-08-09 08:00:00,311
9840547349,9899514287,2026-08-03 08:00:00,40
9824366125,9891363974,2026-08-13 08:00:00,263
9864543049,9819233013,2026-08-13 08:00:00,237
9813326769,9842787299,2026-08-07 08:00:00,204
9882160068,9841774346,2026-08-14 08:00:00,282
9873174945,9824549543,2026-08-10 08:00:00,26
9811297845,9837326368,2026-08-12 08:00:00,489
9845059710,9826726926,2026-08-11 08:00:00,482
9892097999,9882269803,2026-08-07 08:00:00,397
9827105448,9887925434,2026-08-14 08:00:00,453
9815134794,9845594597,2026-08-02 08:00:00,423
9880166708,9828024248,2026-08-13 08:00:00,497
9884045292,9819736572,2026-08-10 08:00:00,449
9813704481,9851511484,2026-08-14 08:00:00,303
9884045292,9863481198,2026-08-09 08:00:00,93
9819233013,9856843172,2026-08-08 08:00:00,77
9822388090,9824366125,2026-08-09 08:00:00,53
9857130035,9846553958,2026-08-10 08:00:00,182
9823796726,9830863865,2026-08-02 08:00:00,325
9858942697,9813176186,2026-08-09 08:00:00,347
9878064830,9884437458,2026-08-01 08:00:00,73
9854585178,9863481198,2026-08-11 08:00:00,438
9892097999,9837415205,2026-08-15 08:00:00,246
9864543049,9850603163,2026-08-01 08:00:00,248
9858024342,9820099059,2026-08-16 08:00:00,336
9810475894,9899038359,2026-08-14 08:00:00,39
9843704923,9831687165,2026-08-09 08:00:00,469
9891363974,9828024248,2026-08-11 08:00:00,498
9819391725,9850603163,2026-08-06 08:00:00,142
9864009265,9858942697,2026-08-09 08:00:00,454
9854058573,9827566185,2026-08-08 08:00:00,332
9845810056,9861343880,2026-08-02 08:00:00,129
9853779528,9884437458,2026-08-02 08:00:00,104
9868526649,9861700055,2026-08-15 08:00:00,306
9899913412,9871780854,2026-08-08 08:00:00,41
9882909480,9884158663,2026-08-09 08:00:00,18
9819736572,9836786211,2026-08-02 08:00:00,317
9845496015,9884252420,2026-08-04 08:00:00,49
9861700055,9830005727,2026-08-04 08:00:00,271
9838609087,9845496015,2026-08-07 08:00:00,176
9823796726,9893303777,2026-08-14 08:00:00,46
9850308572,9815134794,2026-08-10 08:00:00,83
9845059710,9893370583,2026-08-12 08:00:00,181
9883227889,9867403166,2026-08-12 08:00:00,250
9875569635,9838195995,2026-08-01 08:00:00,92
9825521714,9813326769,2026-08-10 08:00:00,486
9852133044,9814835614,2026-08-01 08:00:00,64
9826726926,9847135391,2026-08-11 08:00:00,271
9825492573,9863121477,2026-08-12 08:00:00,491
9899038359,9835921441,2026-08-02 08:00:00,346
9885863473,9852133044,2026-08-13 08:00:00,400
9867403166,9831687165,2026-08-03 08:00:00,500
9842787299,9850181935,2026-08-14 08:00:00,285
9843491314,9885146293,2026-08-02 08:00:00,320
9850264926,9841774346,2026-08-15 08:00:00,172
9830743797,9819317495,2026-08-10 08:00:00,476
9878642041,9835511941,2026-08-08 08:00:00,419
9864009265,9813176186,2026-08-08 08:00:00,243
9836445607,9895511909,2026-08-04 08:00:00,364
9888183110,9830005727,2026-08-14 08:00:00,195
9831687165,9836786211,2026-08-03 08:00:00,478
9813176186,9884437458,2026-08-16 08:00:00,319
9899889098,9839854548,2026-08-14 08:00:00,127
9863481198,9827566185,2026-08-08 08:00:00,407
9883227889,9863643924,2026-08-05 08:00:00,320
9884158663,9847393469,2026-08-11 08:00:00,170
9854769200,9831687165,2026-08-14 08:00:00,225
9861700055,9861343880,2026-08-16 08:00:00,333
9846553958,9865337219,2026-08-06 08:00:00,458
9864813568,9822388090,2026-08-06 08:00:00,71
9831810617,9892097999,2026-08-16 08:00:00,390
9847463522,9827566185,2026-08-02 08:00:00,436
9848250360,9845059710,2026-08-06 08:00:00,47
9886384014,9827558317,2026-08-13 08:00:00,472
9857469942,9836786211,2026-08-05 08:00:00,215
9851373735,9810475894,2026-08-08 08:00:00,374
9875569635,9854769200,2026-08-11 08:00:00,469
9877898694,9814835614,2026-08-04 08:00:00,379
9813326769,9847816686,2026-08-12 08:00:00,496
9839854548,9883227889,2026-08-15 08:00:00,389
9897775215,9845431319,2026-08-16 08:00:00,368
9845650176,9843491314,2026-08-06 08:00:00,380
9864009265,9868812137,2026-08-03 08:00:00,87
9866431351,9814835614,2026-08-12 08:00:00,355
9867403166,9864813568,2026-08-13 08:00:00,174
9850603163,9837415205,2026-08-09 08:00:00,493
9846553958,9887388337,2026-08-08 08:00:00,162
9854058573,9887925434,2026-08-02 08:00:00,298
9827084279,9856020613,2026-08-14 08:00:00,156
9821003626,9840547349,2026-08-11 08:00:00,397
9837415205,9844188276,2026-08-02 08:00:00,426
9810226999,9843491314,2026-08-07 08:00:00,230
9827084279,9824366125,2026-08-11 08:00:00,60
9823419256,9850962024,2026-08-06 08:00:00,70
9847393469,9858942697,2026-08-16 08:00:00,234
9842787299,9852169044,2026-08-10 08:00:00,490
9884158663,9826726926,2026-08-04 08:00:00,483
9842035886,9845159040,2026-08-09 08:00:00,82
9887388337,9893638503,2026-08-06 08:00:00,24
9899038526,9871780854,2026-08-07 08:00:00,13
9839920292,9845059710,2026-08-12 08:00:00,114
9850962024,9823796726,2026-08-14 08:00:00,384
9830005727,9827778019,2026-08-05 08:00:00,435
9864813568,9875569635,2026-08-04 08:00:00,376
9896637649,9854769200,2026-08-15 08:00:00,465
9848250360,9854058573,2026-08-09 08:00:00,54
9823903144,9824366125,2026-08-04 08:00:00,191
9831687165,9880993218,2026-08-08 08:00:00,382
9838609087,9893370583,2026-08-06 08:00:00,269
9856930359,9858942697,2026-08-15 08:00:00,332
9810226999,9827558317,2026-08-03 08:00:00,371
9852101056,9836445607,2026-08-02 08:00:00,231
9847463522,9896637649,2026-08-11 08:00:00,107
9810475894,9824549543,2026-08-02 08:00:00,495
9885563727,9866267415,2026-08-01 08:00:00,135
9823903144,9868812137,2026-08-13 08:00:00,456
9884411983,9863643924,2026-08-07 08:00:00,145
9850264926,9852133044,2026-08-16 08:00:00,426
9882160068,9843491314,2026-08-16 08:00:00,154
9886384014,9865337219,2026-08-03 08:00:00,496
9827084279,9885863473,2026-08-07 08:00:00,11
9897775215,9843308443,2026-08-16 08:00:00,295
9891363974,9877834855,2026-08-06 08:00:00,29
9831810617,9852101056,2026-08-09 08:00:00,324
9819233013,9867684996,2026-08-08 08:00:00,336
9884252420,9834073380,2026-08-06 08:00:00,459
9899514287,9842035886,2026-08-10 08:00:00,352
9819832887,9839920292,2026-08-13 08:00:00,316
9820099059,9816818112,2026-08-16 08:00:00,161
9887388337,9884411983,2026-08-04 08:00:00,461
9838270233,9837326368,2026-08-10 08:00:00,224
9839854548,9893370583,2026-08-08 08:00:00,349
9857469942,9853779528,2026-08-06 08:00:00,247
9899913412,9824549543,2026-08-04 08:00:00,187
9851373735,9830863865,2026-08-05 08:00:00,406
9834073380,9839920292,2026-08-14 08:00:00,361
9845496015,9827105448,2026-08-10 08:00:00,147
9861700055,9899038359,2026-08-14 08:00:00,41
9859555330,9846553958,2026-08-11 08:00:00,143
9863643924,9899913412,2026-08-14 08:00:00,210
9830005727,9857469942,2026-08-13 08:00:00,143
9873174945,9830743797,2026-08-16 08:00:00,382
9884411983,9877898694,2026-08-02 08:00:00,167
9839854548,9883227889,2026-08-08 08:00:00,303
9860888017,9871510041,2026-08-07 08:00:00,409
9866267415,9824508349,2026-08-11 08:00:00,76
9890070438,9811297845,2026-08-01 08:00:00,496
9884045292,9815614174,2026-08-13 08:00:00,56
9863121477,9896637649,2026-08-11 08:00:00,477
9836786211,9864009265,2026-08-03 08:00:00,345
9888339168,9827084279,2026-08-07 08:00:00,195
9871510041,9865337219,2026-08-06 08:00:00,439
9871510041,9830863865,2026-08-08 08:00:00,158
9899245317,9893303777,2026-08-11 08:00:00,221
9899038359,9828024248,2026-08-08 08:00:00,491
9822388090,9858024342,2026-08-01 08:00:00,396
9856020613,9881969657,2026-08-13 08:00:00,415
9819832887,9871780854,2026-08-06 08:00:00,154
9899639081,9845059710,2026-08-08 08:00:00,333
9846553958,9852101056,2026-08-08 08:00:00,27
9831367172,9895511909,2026-08-04 08:00:00,426
9835921441,9884437458,2026-08-13 08:00:00,77
9852462441,9831367172,2026-08-03 08:00:00,49
9847816686,9861700055,2026-08-14 08:00:00,20
9822388090,9880993218,2026-08-05 08:00:00,58
9810226999,9868812137,2026-08-13 08:00:00,109
9826726926,9835748341,2026-08-11 08:00:00,227
9827558317,9880993218,2026-08-01 08:00:00,164
9858942697,9849682169,2026-08-07 08:00:00,61
9892097999,9884437458,2026-08-16 08:00:00,202
9845431319,9815134794,2026-08-03 08:00:00,123
9883227889,9859555330,2026-08-09 08:00:00,257
9850962024,9899508850,2026-08-08 08:00:00,205
9864543049,9891178885,2026-08-13 08:00:00,497
9893303777,9837326368,2026-08-04 08:00:00,241
9842787299,9895125977,2026-08-01 08:00:00,213
9846553958,9842035886,2026-08-15 08:00:00,199
9898231132,9850181935,2026-08-04 08:00:00,339
9835748341,9856930359,2026-08-05 08:00:00,424
9867684996,9879782527,2026-08-04 08:00:00,297
9852169044,9877834855,2026-08-16 08:00:00,313
9857130035,9879782527,2026-08-05 08:00:00,216
9871367643,9868571795,2026-08-08 08:00:00,40
9864009265,9854058573,2026-08-09 08:00:00,220
9835748341,9852462441,2026-08-11 08:00:00,437
9852133044,9858024342,2026-08-11 08:00:00,362
9850181935,9899038526,2026-08-14 08:00:00,456
9866431351,9830743797,2026-08-07 08:00:00,396
9859555330,9839920292,2026-08-16 08:00:00,170
9867403166,9845496015,2026-08-11 08:00:00,246
9825015458,9834073380,2026-08-03 08:00:00,481
9881969657,9857469942,2026-08-03 08:00:00,202
9827566185,9838270233,2026-08-01 08:00:00,92
9827778019,9895511909,2026-08-04 08:00:00,95
9865337219,9850603163,2026-08-04 08:00:00,29
9857469942,9854058573,2026-08-06 08:00:00,330
9856020613,9819832887,2026-08-05 08:00:00,393
9854446182,9831810617,2026-08-13 08:00:00,14
9875569635,9854769200,2026-08-14 08:00:00,160
9884045292,9819736572,2026-08-09 08:00:00,277
9821003626,9871367643,2026-08-12 08:00:00,298
9867403166,9860888017,2026-08-05 08:00:00,158
9827778019,9868526649,2026-08-07 08:00:00,421
9871367643,9882909480,2026-08-12 08:00:00,275
9890070438,9878064830,2026-08-16 08:00:00,246
9877834855,9835511941,2026-08-05 08:00:00,94
9856020613,9825492573,2026-08-16 08:00:00,15
9899913412,9815197528,2026-08-06 08:00:00,86
9850264926,9843308443,2026-08-01 08:00:00,169
9899508850,9844999379,2026-08-07 08:00:00,365
9887388337,9871510041,2026-08-15 08:00:00,179
9887388337,9811049999,2026-08-15 08:00:00,314
9885283645,9843308443,2026-08-12 08:00:00,335
9859555330,9842787299,2026-08-12 08:00:00,331
9822388090,9819317495,2026-08-09 08:00:00,155
9815134794,9833357554,2026-08-10 08:00:00,198
9838195995,9864009265,2026-08-13 08:00:00,488
9811250299,9859555330,2026-08-07 08:00:00,49
9814835614,9865259205,2026-08-04 08:00:00,384
9899038359,9824366125,2026-08-06 08:00:00,144
9850181935,9881969657,2026-08-05 08:00:00,418
9827778019,9868812137,2026-08-13 08:00:00,179
9895125977,9846553958,2026-08-09 08:00:00,423
9810226999,9871367643,2026-08-16 08:00:00,117
9852169044,9852436584,2026-08-08 08:00:00,120
9867887757,9871367643,2026-08-05 08:00:00,83
9860888017,9868571795,2026-08-01 08:00:00,175
9838609087,9873174945,2026-08-05 08:00:00,271
9850603163,9857469942,2026-08-16 08:00:00,177
9899639081,9899152472,2026-08-04 08:00:00,133
9859555330,9889795010,2026-08-13 08:00:00,406
9840547349,9896637649,2026-08-16 08:00:00,191
9835748341,9827778019,2026-08-11 08:00:00,281
9831687165,9890070438,2026-08-07 08:00:00,499
9860888017,9885563727,2026-08-09 08:00:00,374
9844188276,9897775215,2026-08-15 08:00:00,260
9833966966,9878064830,2026-08-04 08:00:00,295
9897775215,9867403166,2026-08-12 08:00:00,101
9845059710,9878371272,2026-08-15 08:00:00,404
9858884978,9823419256,2026-08-14 08:00:00,119
9871367643,9859555330,2026-08-07 08:00:00,205
9893303777,9837415205,2026-08-01 08:00:00,110
9830005727,9813176186,2026-08-07 08:00:00,12
9868812137,9835748341,2026-08-11 08:00:00,58
9825521714,9878064830,2026-08-01 08:00:00,320
9831367172,9859597086,2026-08-09 08:00:00,338
9898231132,9830863865,2026-08-02 08:00:00,366
9896637649,9878064830,2026-08-09 08:00:00,330
9896098221,9823796726,2026-08-01 08:00:00,451
9825492573,9850264926,2026-08-15 08:00:00,261
9845810056,9868571795,2026-08-04 08:00:00,29
9825521714,9827105448,2026-08-05 08:00:00,371
9810226999,9837415205,2026-08-05 08:00:00,52
9831810617,9854769200,2026-08-02 08:00:00,237
9833763566,9825015458,2026-08-02 08:00:00,170
9887388337,9816818112,2026-08-09 08:00:00,446
9819317495,9884437458,2026-08-01 08:00:00,180
9863643924,9899913412,2026-08-06 08:00:00,473
9868812137,9884045292,2026-08-12 08:00:00,274
9822388090,9845159040,2026-08-13 08:00:00,223
9845159040,9858884978,2026-08-02 08:00:00,43
9819317495,9893131979,2026-08-05 08:00:00,383
9830743797,9879782527,2026-08-06 08:00:00,237
9813326769,9858942697,2026-08-07 08:00:00,362
9861700055,9883227889,2026-08-06 08:00:00,335
9895511909,9852436584,2026-08-10 08:00:00,150
9859555330,9884252420,2026-08-04 08:00:00,184
9856843172,9863481198,2026-08-03 08:00:00,299
9851511484,9854318698,2026-08-04 08:00:00,480
9867887757,9815334035,2026-08-03 08:00:00,105
9899913412,9814835614,2026-08-01 08:00:00,402
9852169044,9815354599,2026-08-07 08:00:00,336
9893303777,9849682169,2026-08-03 08:00:00,459
9885863473,9857130035,2026-08-10 08:00:00,438
9831172421,9850308572,2026-08-07 08:00:00,392
9838270233,9810226999,2026-08-05 08:00:00,168
9873174945,9819233013,2026-08-10 08:00:00,101
9824366125,9823903144,2026-08-11 08:00:00,221
9842787299,9844999379,2026-08-09 08:00:00,462
9892613013,9837415205,2026-08-10 08:00:00,142
9851373735,9850603163,2026-08-09 08:00:00,57
9839920292,9836786211,2026-08-12 08:00:00,188
9846553958,9850308572,2026-08-15 08:00:00,434
9867684996,9868526649,2026-08-06 08:00:00,28
9833357554,9840547349,2026-08-05 08:00:00,285
9863481198,9877834855,2026-08-14 08:00:00,187
9815917225,9831172421,2026-08-10 08:00:00,116
9887925434,9899508850,2026-08-09 08:00:00,56
9827558317,9846553958,2026-08-07 08:00:00,142
9899038359,9856843172,2026-08-09 08:00:00,26
9853779528,9827084279,2026-08-06 08:00:00,253
9823903144,9856843172,2026-08-11 08:00:00,200
9850181935,9835921441,2026-08-02 08:00:00,175
9899508850,9881969657,2026-08-12 08:00:00,455
9815354599,9885283645,2026-08-14 08:00:00,253
9856930359,9877898694,2026-08-04 08:00:00,105
9820099059,9854585178,2026-08-06 08:00:00,249
9816818112,9882160068,2026-08-01 08:00:00,234
9871367643,9864813568,2026-08-14 08:00:00,384
9825480907,9868571795,2026-08-08 08:00:00,139
9885863473,9893303777,2026-08-11 08:00:00,257
9819736572,9825480907,2026-08-10 08:00:00,30
9842035886,9837326368,2026-08-04 08:00:00,225
9815134794,9815957459,2026-08-09 08:00:00,498
9895125977,9825480907,2026-08-01 08:00:00,93
9827558317,9860888017,2026-08-10 08:00:00,463
9898588154,9851373735,2026-08-07 08:00:00,497
9863481198,9882269803,2026-08-05 08:00:00,76
9824549543,9856930359,2026-08-02 08:00:00,56
9835748341,9864009265,2026-08-05 08:00:00,420
9823419256,9849682169,2026-08-13 08:00:00,94
9849682169,9852436584,2026-08-05 08:00:00,112
9845810056,9899639081,2026-08-10 08:00:00,51
9882160068,9845496015,2026-08-07 08:00:00,233
9867887757,9885863473,2026-08-08 08:00:00,88
9868526649,9810475894,2026-08-12 08:00:00,12
9898231132,9885283645,2026-08-12 08:00:00,61
9850264926,9854446182,2026-08-13 08:00:00,367
9847135391,9850264926,2026-08-13 08:00:00,435
9851511484,9896637649,2026-08-08 08:00:00,400
9887388337,9845630292,2026-08-05 08:00:00,172
9837326368,9845650176,2026-08-13 08:00:00,405
9893370583,9850962024,2026-08-14 08:00:00,315
9889795010,9813704481,2026-08-03 08:00:00,187
9839920292,9858884978,2026-08-01 08:00:00,123
9826726926,9837415205,2026-08-08 08:00:00,198
9813176186,9887925434,2026-08-01 08:00:00,322
9899038526,9882269803,2026-08-13 08:00:00,478
9838609087,9815917225,2026-08-08 08:00:00,80
9891178885,9844999379,2026-08-02 08:00:00,118
9899639081,9897775215,2026-08-03 08:00:00,183
9840547349,9884437458,2026-08-06 08:00:00,227
9852133044,9850962024,2026-08-10 08:00:00,208
9863643924,9834073380,2026-08-02 08:00:00,143
9831810617,9837415205,2026-08-06 08:00:00,213
9831172421,9827084279,2026-08-04 08:00:00,248
9879782527,9823419256,2026-08-04 08:00:00,345
9868326160,9822388090,2026-08-06 08:00:00,173
9827566185,9895125977,2026-08-13 08:00:00,361
9864813568,9815354599,2026-08-16 08:00:00,344
9858884978,9825480907,2026-08-14 08:00:00,404
9873174945,9899639081,2026-08-14 08:00:00,142
9852462441,9885563727,2026-08-04 08:00:00,319
9869302158,9899152472,2026-08-12 08:00:00,409
9868571795,9882909480,2026-08-11 08:00:00,442
9813704481,9878371272,2026-08-04 08:00:00,412
9837415205,9857469942,2026-08-13 08:00:00,455
9863643924,9831687165,2026-08-05 08:00:00,13
9877898694,9825015458,2026-08-09 08:00:00,111
9827558317,9871367643,2026-08-15 08:00:00,232
9888339168,9851511484,2026-08-10 08:00:00,30
9885146293,9839920292,2026-08-15 08:00:00,197
9888339168,9899038526,2026-08-12 08:00:00,139
9857469942,9877898694,2026-08-10 08:00:00,402
9845059710,9811297845,2026-08-09 08:00:00,101
9875569635,9820099059,2026-08-14 08:00:00,18
9839854548,9893370583,2026-08-10 08:00:00,335
9858024342,9898588154,2026-08-04 08:00:00,192
9843491314,9858024342,2026-08-13 08:00:00,137
9845810056,9879782527,2026-08-04 08:00:00,74
9845594597,9861343880,2026-08-16 08:00:00,230
9858942697,9823419256,2026-08-15 08:00:00,362
9895132217,9878642041,2026-08-15 08:00:00,30
9838609087,9893370583,2026-08-12 08:00:00,29
9861343880,9826726926,2026-08-04 08:00:00,205
9827558317,9885863473,2026-08-03 08:00:00,182
9833763566,9895511909,2026-08-10 08:00:00,226
9825480907,9815614174,2026-08-06 08:00:00,496
9895511909,9811250299,2026-08-03 08:00:00,438
9848250360,9853779528,2026-08-07 08:00:00,302
9884158663,9899639081,2026-08-08 08:00:00,365
9888339168,9893303777,2026-08-16 08:00:00,120
9893131979,9897775215,2026-08-09 08:00:00,392
9852101056,9863121477,2026-08-06 08:00:00,151
9899152472,9858884978,2026-08-02 08:00:00,319
9825480907,9815334035,2026-08-10 08:00:00,149
9866431351,9883227889,2026-08-07 08:00:00,19
9815197528,9841774346,2026-08-05 08:00:00,150
9830743797,9851511484,2026-08-11 08:00:00,59
9884411983,9842787299,2026-08-01 08:00:00,373
9893370583,9884411983,2026-08-03 08:00:00,323
9847393469,9845594597,2026-08-15 08:00:00,311
9831810617,9885563727,2026-08-11 08:00:00,287
9845630292,9868571795,2026-08-01 08:00:00,185
9887925434,9899913412,2026-08-12 08:00:00,431
9830005727,9852133044,2026-08-15 08:00:00,447
9880993218,9891178885,2026-08-07 08:00:00,282
9851373735,9852169044,2026-08-13 08:00:00,140
9868326160,9859597086,2026-08-03 08:00:00,333
9819832887,9859555330,2026-08-12 08:00:00,52
9877834855,9895511909,2026-08-12 08:00:00,165
9845431319,9882269803,2026-08-11 08:00:00,241
9863643924,9856843172,2026-08-01 08:00:00,89
9838195995,9833357554,2026-08-06 08:00:00,329
9836786211,9850181935,2026-08-14 08:00:00,222
9837326368,9815614174,2026-08-10 08:00:00,294
9880993218,9839920292,2026-08-08 08:00:00,202
9871510041,9886384014,2026-08-13 08:00:00,320
9885146293,9887388337,2026-08-13 08:00:00,121
9847135391,9824508349,2026-08-10 08:00:00,101
9885283645,9864009265,2026-08-13 08:00:00,291
9883227889,9836786211,2026-08-07 08:00:00,224
9899038526,9824366125,2026-08-11 08:00:00,404
9813176186,9867684996,2026-08-04 08:00:00,350
9868526649,9885563727,2026-08-11 08:00:00,267
9871510041,9813704481,2026-08-13 08:00:00,125
9868326160,9854058573,2026-08-15 08:00:00,156
9869302158,9885283645,2026-08-06 08:00:00,214
9847393469,9852436584,2026-08-11 08:00:00,400
9851511484,9884437458,2026-08-06 08:00:00,359
9847463522,9840547349,2026-08-14 08:00:00,224
9829876811,9844999379,2026-08-01 08:00:00,326
9842787299,9823903144,2026-08-03 08:00:00,316
9823796726,9843491314,2026-08-14 08:00:00,494
9815614174,9893370583,2026-08-08 08:00:00,95
9863481198,9866267415,2026-08-16 08:00:00,360
9867887757,9825521714,2026-08-01 08:00:00,390
9899038526,9884437458,2026-08-13 08:00:00,292
9856397338,9819317495,2026-08-06 08:00:00,244
9825521714,9885863473,2026-08-08 08:00:00,99
9850264926,9882909480,2026-08-07 08:00:00,175
9886384014,9875569635,2026-08-03 08:00:00,467
9827105448,9893638503,2026-08-15 08:00:00,245
9878642041,9868526649,2026-08-15 08:00:00,133
9837415205,9851511484,2026-08-04 08:00:00,421
9890070438,9835511941,2026-08-06 08:00:00,135
9851511484,9884045292,2026-08-03 08:00:00,13
9895511909,9859597086,2026-08-14 08:00:00,453
9827778019,9850264926,2026-08-13 08:00:00,46
9815197528,9884158663,2026-08-04 08:00:00,376
9815957459,9826726926,2026-08-01 08:00:00,234
9834073380,9885863473,2026-08-02 08:00:00,159
9830863865,9885863473,2026-08-02 08:00:00,196
9825480907,9825492573,2026-08-15 08:00:00,229
9885146293,9881969657,2026-08-05 08:00:00,443
9892097999,9893131979,2026-08-04 08:00:00,379
9852169044,9878371272,2026-08-14 08:00:00,346
9877898694,9844188276,2026-08-08 08:00:00,417
9834073380,9877834855,2026-08-09 08:00:00,59
9835511941,9850308572,2026-08-03 08:00:00,244
9825015458,9839920292,2026-08-08 08:00:00,397
9884158663,9887925434,2026-08-10 08:00:00,362
9830005727,9835511941,2026-08-15 08:00:00,368
9884158663,9863481198,2026-08-09 08:00:00,314
9858024342,9893131979,2026-08-05 08:00:00,85
9827778019,9847393469,2026-08-01 08:00:00,123
9825521714,9850181935,2026-08-12 08:00:00,375
9845431319,9854585178,2026-08-06 08:00:00,300
9885563727,9854585178,2026-08-16 08:00:00,375
9850603163,9863643924,2026-08-10 08:00:00,89
9880993218,9833966966,2026-08-05 08:00:00,85
9826726926,9845431319,2026-08-13 08:00:00,141
9833763566,9899889098,2026-08-01 08:00:00,445
9847135391,9833357554,2026-08-10 08:00:00,85
9833357554,9822388090,2026-08-09 08:00:00,196
9884045292,9856397338,2026-08-13 08:00:00,254
9895132217,9852169044,2026-08-12 08:00:00,339
9865259205,9868812137,2026-08-11 08:00:00,277
9893303777,9835921441,2026-08-16 08:00:00,341
9852169044,9856020613,2026-08-16 08:00:00,99
9834073380,9819233013,2026-08-01 08:00:00,352
9819391725,9887925434,2026-08-08 08:00:00,168
9893638503,9842787299,2026-08-05 08:00:00,152
9826726926,9863121477,2026-08-04 08:00:00,342
9865337219,9820099059,2026-08-16 08:00:00,245
9863481198,9833763566,2026-08-01 08:00:00,440
9895511909,9856020613,2026-08-08 08:00:00,389
9892613013,9878371272,2026-08-02 08:00:00,214
9866267415,9847463522,2026-08-11 08:00:00,269
9843308443,9831367172,2026-08-03 08:00:00,418
9896098221,9839854548,2026-08-08 08:00:00,135
9811250299,9852462441,2026-08-06 08:00:00,363
9867403166,9878642041,2026-08-08 08:00:00,363
9825492573,9864813568,2026-08-06 08:00:00,30
9826726926,9830743797,2026-08-09 08:00:00,56
9880993218,9844999379,2026-08-03 08:00:00,473
9886384014,9827778019,2026-08-10 08:00:00,41
9877834855,9899889098,2026-08-08 08:00:00,309
9893131979,9843704923,2026-08-16 08:00:00,247
9847463522,9871510041,2026-08-02 08:00:00,173
9885563727,9847816686,2026-08-07 08:00:00,254
9853779528,9830005727,2026-08-03 08:00:00,253
9865337219,9847463522,2026-08-07 08:00:00,316
9819832887,9899514287,2026-08-01 08:00:00,307
9848250360,9824508349,2026-08-15 08:00:00,408
9850308572,9819317495,2026-08-15 08:00:00,10
9878064830,9838270233,2026-08-14 08:00:00,317
9831367172,9854058573,2026-08-06 08:00:00,178
9861700055,9834073380,2026-08-10 08:00:00,497
9815917225,9899514287,2026-08-09 08:00:00,454
9813704481,9857130035,2026-08-11 08:00:00,150
9819736572,9859555330,2026-08-10 08:00:00,330
9850603163,9824508349,2026-08-06 08:00:00,259
9866431351,9899913412,2026-08-16 08:00:00,263
9899245317,9837415205,2026-08-03 08:00:00,399
9848250360,9863643924,2026-08-10 08:00:00,58
9830005727,9887925434,2026-08-06 08:00:00,109
9863121477,9880166708,2026-08-08 08:00:00,119
9854585178,9899152472,2026-08-10 08:00:00,173
9864009265,9866851377,2026-08-16 08:00:00,62
9868526649,9899514287,2026-08-07 08:00:00,302
9863643924,9865259205,2026-08-11 08:00:00,90
9819317495,9864009265,2026-08-13 08:00:00,412
9852169044,9885283645,2026-08-06 08:00:00,176
9827084279,9868571795,2026-08-14 08:00:00,409
9885863473,9830743797,2026-08-08 08:00:00,487
9892097999,9850264926,2026-08-10 08:00:00,199
9861343880,9854585178,2026-08-11 08:00:00,382
9836786211,9880993218,2026-08-11 08:00:00,240
9854585178,9857469942,2026-08-13 08:00:00,400
9815197528,9866431351,2026-08-13 08:00:00,38
9883227889,9836786211,2026-08-05 08:00:00,243
9864009265,9858942697,2026-08-01 08:00:00,429
9896637649,9892613013,2026-08-07 08:00:00,348
9825492573,9811250299,2026-08-10 08:00:00,436
9893303777,9845059710,2026-08-11 08:00:00,228
9819233013,9893370583,2026-08-07 08:00:00,418
9899038359,9895132217,2026-08-15 08:00:00,448
9858942697,9880166708,2026-08-03 08:00:00,134
9899245317,9893370583,2026-08-16 08:00:00,492
9884045292,9814835614,2026-08-16 08:00:00,497
9813326769,9863121477,2026-08-13 08:00:00,362
9896637649,9819832887,2026-08-08 08:00:00,153
9826726926,9868812137,2026-08-13 08:00:00,40
9847463522,9896098221,2026-08-11 08:00:00,151
9871510041,9825521714,2026-08-15 08:00:00,482
9850962024,9824508349,2026-08-16 08:00:00,78
9895511909,9847816686,2026-08-11 08:00:00,406
9843491314,9829876811,2026-08-05 08:00:00,457
9852133044,9868812137,2026-08-10 08:00:00,303
9892613013,9859555330,2026-08-03 08:00:00,234
9878642041,9893370583,2026-08-09 08:00:00,295
9866851377,9845431319,2026-08-01 08:00:00,81
9843308443,9899508850,2026-08-11 08:00:00,500
9813176186,9846553958,2026-08-15 08:00:00,392
9847135391,9882160068,2026-08-11 08:00:00,249
9899889098,9849682169,2026-08-12 08:00:00,180
9865337219,9819736572,2026-08-09 08:00:00,140
9890070438,9895511909,2026-08-01 08:00:00,81
9854769200,9850308572,2026-08-14 08:00:00,228
9830863865,9819832887,2026-08-02 08:00:00,435
9866851377,9811049999,2026-08-12 08:00:00,18
9850181935,9897775215,2026-08-02 08:00:00,268
9893370583,9871510041,2026-08-16 08:00:00,154
9895125977,9856930359,2026-08-03 08:00:00,386
9838609087,9850181935,2026-08-03 08:00:00,295
9863121477,9824508349,2026-08-06 08:00:00,418
9827558317,9854318698,2026-08-15 08:00:00,322
9867403166,9844999379,2026-08-03 08:00:00,402
9868526649,9848250360,2026-08-09 08:00:00,248
9869302158,9852462441,2026-08-05 08:00:00,343
9835511941,9847816686,2026-08-06 08:00:00,341
9895125977,9877898694,2026-08-15 08:00:00,280
9863121477,9833966966,2026-08-14 08:00:00,465
9815614174,9825480907,2026-08-10 08:00:00,13
9838195995,9845630292,2026-08-01 08:00:00,14
9842787299,9821003626,2026-08-14 08:00:00,87
9884158663,9842787299,2026-08-11 08:00:00,282
9849682169,9884437458,2026-08-07 08:00:00,404
9895125977,9836786211,2026-08-05 08:00:00,106
9846553958,9861343880,2026-08-07 08:00:00,167
9815334035,9847463522,2026-08-01 08:00:00,283
9890070438,9871780854,2026-08-05 08:00:00,286
9884252420,9843308443,2026-08-11 08:00:00,455
9836445607,9899889098,2026-08-07 08:00:00,113
9899639081,9899245317,2026-08-14 08:00:00,148
9842035886,9899038359,2026-08-12 08:00:00,23
9823903144,9850603163,2026-08-04 08:00:00,437
9835921441,9845059710,2026-08-15 08:00:00,454
9880993218,9852462441,2026-08-07 08:00:00,204
9888339168,9839854548,2026-08-15 08:00:00,214
9865337219,9893638503,2026-08-13 08:00:00,312
9885146293,9867887757,2026-08-06 08:00:00,269
9843704923,9885863473,2026-08-04 08:00:00,93
9838270233,9877834855,2026-08-04 08:00:00,491
9839920292,9852462441,2026-08-12 08:00:00,393
9899913412,9815197528,2026-08-07 08:00:00,117
9867887757,9861700055,2026-08-12 08:00:00,254
9811250299,9856397338,2026-08-04 08:00:00,493
9864813568,9864543049,2026-08-01 08:00:00,204
9831810617,9825480907,2026-08-04 08:00:00,191
9813176186,9835748341,2026-08-03 08:00:00,232
9867403166,9899514287,2026-08-08 08:00:00,369
9879782527,9867403166,2026-08-13 08:00:00,458
9850264926,9864543049,2026-08-09 08:00:00,383
9815917225,9821003626,2026-08-02 08:00:00,82
9857130035,9837415205,2026-08-01 08:00:00,75
9827084279,9865259205,2026-08-05 08:00:00,365
9850264926,9837326368,2026-08-02 08:00:00,41
9898588154,9877834855,2026-08-10 08:00:00,200
9895132217,9815197528,2026-08-06 08:00:00,224
9827084279,9852133044,2026-08-06 08:00:00,196
9824508349,9899245317,2026-08-01 08:00:00,264
9893638503,9854585178,2026-08-13 08:00:00,330
9893303777,9892097999,2026-08-11 08:00:00,24
9845059710,9835511941,2026-08-01 08:00:00,465
9850264926,9859597086,2026-08-05 08:00:00,477
9883227889,9813326769,2026-08-13 08:00:00,400
9899038526,9884045292,2026-08-06 08:00:00,90
9847463522,9822388090,2026-08-12 08:00:00,469
9842787299,9867887757,2026-08-14 08:00:00,43
9824508349,9868571795,2026-08-15 08:00:00,222
9871510041,9850603163,2026-08-05 08:00:00,448
9890070438,9833763566,2026-08-01 08:00:00,169
9868571795,9850264926,2026-08-09 08:00:00,75
9821003626,9841774346,2026-08-12 08:00:00,499
9871367643,9858884978,2026-08-04 08:00:00,254
9854058573,9895511909,2026-08-07 08:00:00,74
9884411983,9827558317,2026-08-05 08:00:00,422
9844188276,9842787299,2026-08-03 08:00:00,390
9887388337,9825492573,2026-08-13 08:00:00,154
9871367643,9881969657,2026-08-08 08:00:00,125
9878064830,9882160068,2026-08-10 08:00:00,178
9825015458,9851511484,2026-08-09 08:00:00,399
9886384014,9893370583,2026-08-14 08:00:00,201
9824549543,9861343880,2026-08-02 08:00:00,392
9840547349,9867684996,2026-08-02 08:00:00,416
9865337219,9815334035,2026-08-01 08:00:00,83
9885563727,9859597086,2026-08-08 08:00:00,92
9830863865,9821003626,2026-08-01 08:00:00,302
9823419256,9844999379,2026-08-13 08:00:00,241
9847135391,9864813568,2026-08-09 08:00:00,289
9850603163,9854769200,2026-08-09 08:00:00,345
9864009265,9827558317,2026-08-11 08:00:00,182
9882160068,9811250299,2026-08-11 08:00:00,423
9819832887,9846553958,2026-08-15 08:00:00,349
9887388337,9858884978,2026-08-11 08:00:00,400
9827084279,9892097999,2026-08-03 08:00:00,410
9878371272,9815134794,2026-08-01 08:00:00,288
9827566185,9887388337,2026-08-08 08:00:00,244
9824508349,9854769200,2026-08-10 08:00:00,74
9823419256,9854585178,2026-08-15 08:00:00,233
9828024248,9879782527,2026-08-06 08:00:00,213
9856397338,9819317495,2026-08-05 08:00:00,440
9831172421,9884411983,2026-08-01 08:00:00,111
9843491314,9880993218,2026-08-12 08:00:00,279
9899038526,9863121477,2026-08-05 08:00:00,298
9866851377,9856020613,2026-08-02 08:00:00,419
9813704481,9813176186,2026-08-08 08:00:00,365
9866851377,9860888017,2026-08-12 08:00:00,91
9847463522,9831172421,2026-08-06 08:00:00,335
9885563727,9895132217,2026-08-08 08:00:00,441
9882269803,9825492573,2026-08-05 08:00:00,286
9891363974,9857469942,2026-08-07 08:00:00,152
9888339168,9825480907,2026-08-10 08:00:00,209
9827778019,9831810617,2026-08-16 08:00:00,249
9821003626,9845650176,2026-08-10 08:00:00,10
9838609087,9878064830,2026-08-10 08:00:00,116
9843491314,9891363974,2026-08-03 08:00:00,40
9838270233,9829876811,2026-08-05 08:00:00,83
9834073380,9899245317,2026-08-08 08:00:00,210
9885283645,9815917225,2026-08-14 08:00:00,210
9814835614,9819317495,2026-08-08 08:00:00,437
9884252420,9847816686,2026-08-08 08:00:00,495
9858942697,9823903144,2026-08-13 08:00:00,73
9885863473,9852462441,2026-08-05 08:00:00,115
9830005727,9844188276,2026-08-09 08:00:00,399
9893370583,9815354599,2026-08-04 08:00:00,276
9835748341,9856020613,2026-08-04 08:00:00,405
9866267415,9899038526,2026-08-16 08:00:00,128
9824549543,9850603163,2026-08-10 08:00:00,430
9885146293,9811297845,2026-08-15 08:00:00,88
9847816686,9838270233,2026-08-11 08:00:00,458
9831367172,9871780854,2026-08-13 08:00:00,439
9811250299,9824508349,2026-08-15 08:00:00,228
9833357554,9852169044,2026-08-16 08:00:00,398
9845431319,9842787299,2026-08-04 08:00:00,55
9843491314,9890070438,2026-08-12 08:00:00,133
9845159040,9854058573,2026-08-14 08:00:00,225
9896098221,9833763566,2026-08-04 08:00:00,452
9846553958,9824366125,2026-08-09 08:00:00,473
9878064830,9833763566,2026-08-11 08:00:00,224
9845159040,9878064830,2026-08-12 08:00:00,52
9822388090,9847463522,2026-08-16 08:00:00,134
9833357554,9854058573,2026-08-08 08:00:00,312
9897775215,9845159040,2026-08-09 08:00:00,63
9863121477,9825015458,2026-08-16 08:00:00,297
9826726926,9850181935,2026-08-13 08:00:00,320
9827084279,9845159040,2026-08-13 08:00:00,31
9890070438,9880166708,2026-08-04 08:00:00,304
9887388337,9854769200,2026-08-08 08:00:00,194
9843704923,9863643924,2026-08-14 08:00:00,427
9889795010,9825492573,2026-08-02 08:00:00,187
9815917225,9850603163,2026-08-15 08:00:00,303
9827778019,9858024342,2026-08-13 08:00:00,426
9866267415,9880993218,2026-08-14 08:00:00,352
9845059710,9899038359,2026-08-06 08:00:00,22
9867684996,9835511941,2026-08-04 08:00:00,159
9829876811,9827105448,2026-08-15 08:00:00,444
9878064830,9820099059,2026-08-12 08:00:00,190
9857130035,9858942697,2026-08-15 08:00:00,411
9888339168,9893370583,2026-08-15 08:00:00,367
9885563727,9892097999,2026-08-06 08:00:00,117
9810475894,9846553958,2026-08-11 08:00:00,389
9825480907,9882269803,2026-08-12 08:00:00,409
9845810056,9891178885,2026-08-03 08:00:00,180
9836786211,9871367643,2026-08-08 08:00:00,172
9854585178,9847463522,2026-08-03 08:00:00,337
9868326160,9836445607,2026-08-16 08:00:00,337
9882160068,9838270233,2026-08-13 08:00:00,113
9892097999,9825015458,2026-08-16 08:00:00,189
9877898694,9850603163,2026-08-12 08:00:00,396
9885283645,9852169044,2026-08-11 08:00:00,18
9824508349,9844999379,2026-08-10 08:00:00,475
9861700055,9899508850,2026-08-10 08:00:00,397
9859555330,9871510041,2026-08-06 08:00:00,213
9895132217,9851373735,2026-08-03 08:00:00,111
9882909480,9899038526,2026-08-13 08:00:00,446
9892097999,9861343880,2026-08-11 08:00:00,282
9836786211,9830863865,2026-08-05 08:00:00,481
9840547349,9881969657,2026-08-10 08:00:00,324
9863481198,9879782527,2026-08-11 08:00:00,125
9830005727,9871780854,2026-08-08 08:00:00,290
9865259205,9845159040,2026-08-09 08:00:00,23
9854058573,9842787299,2026-08-08 08:00:00,135
9842787299,9850603163,2026-08-07 08:00:00,84
9822388090,9875569635,2026-08-08 08:00:00,20
9891363974,9834073380,2026-08-15 08:00:00,222
9810475894,9828024248,2026-08-07 08:00:00,221
9882160068,9827084279,2026-08-13 08:00:00,331
9895125977,9845630292,2026-08-09 08:00:00,371
9878371272,9892097999,2026-08-14 08:00:00,199
9878371272,9845496015,2026-08-11 08:00:00,286
9820099059,9838609087,2026-08-05 08:00:00,174
9899508850,9857130035,2026-08-05 08:00:00,59
9861700055,9825015458,2026-08-16 08:00:00,284
9836445607,9881969657,2026-08-08 08:00:00,378
9884252420,9825492573,2026-08-08 08:00:00,248
9830743797,9895125977,2026-08-02 08:00:00,245
9895132217,9850603163,2026-08-16 08:00:00,312
9897775215,9819391725,2026-08-06 08:00:00,21
9859555330,9839854548,2026-08-02 08:00:00,468
9823419256,9898231132,2026-08-05 08:00:00,42
9831172421,9836786211,2026-08-03 08:00:00,498
9884045292,9858942697,2026-08-09 08:00:00,495
9845594597,9827105448,2026-08-16 08:00:00,230
9896637649,9837326368,2026-08-05 08:00:00,212
9899038359,9824549543,2026-08-15 08:00:00,168
9871510041,9851373735,2026-08-10 08:00:00,179
9842035886,9863481198,2026-08-14 08:00:00,83
9864009265,9811297845,2026-08-11 08:00:00,451
9866431351,9891363974,2026-08-02 08:00:00,374
9838270233,9820099059,2026-08-04 08:00:00,406
9847816686,9871367643,2026-08-03 08:00:00,281
9829876811,9845594597,2026-08-06 08:00:00,385
9819317495,9857130035,2026-08-06 08:00:00,437
9815334035,9827105448,2026-08-16 08:00:00,383
9854769200,9835511941,2026-08-03 08:00:00,58
9868326160,9823796726,2026-08-13 08:00:00,422
9883227889,9819233013,2026-08-16 08:00:00,80
9887925434,9815334035,2026-08-04 08:00:00,169
9836786211,9837415205,2026-08-14 08:00:00,460
9878064830,9891178885,2026-08-03 08:00:00,104
9884158663,9825480907,2026-08-07 08:00:00,126
9884252420,9815917225,2026-08-03 08:00:00,183
9869302158,9882269803,2026-08-04 08:00:00,278
9811250299,9815614174,2026-08-02 08:00:00,295
9811049999,9831172421,2026-08-12 08:00:00,58
9852169044,9852436584,2026-08-01 08:00:00,12
9893370583,9840547349,2026-08-10 08:00:00,24
9863481198,9850181935,2026-08-12 08:00:00,449
9843308443,9845810056,2026-08-07 08:00:00,335
9895132217,9891178885,2026-08-06 08:00:00,284
9899038359,9823419256,2026-08-04 08:00:00,456
9831172421,9865259205,2026-08-12 08:00:00,303
9837415205,9850603163,2026-08-06 08:00:00,269
9852133044,9830005727,2026-08-01 08:00:00,328
9858024342,9871510041,2026-08-04 08:00:00,423
9835748341,9845431319,2026-08-04 08:00:00,188
9831172421,9815334035,2026-08-06 08:00:00,470
9847463522,9891178885,2026-08-07 08:00:00,318
9865259205,9891363974,2026-08-11 08:00:00,490
9864813568,9841774346,2026-08-13 08:00:00,411
9839854548,9853779528,2026-08-03 08:00:00,183
9857130035,9878371272,2026-08-05 08:00:00,132
9839920292,9844999379,2026-08-13 08:00:00,31
9820099059,9811049999,2026-08-16 08:00:00,425
9841774346,9825015458,2026-08-04 08:00:00,444
9827778019,9867887757,2026-08-11 08:00:00,476
9856020613,9850181935,2026-08-13 08:00:00,397
9816818112,9850308572,2026-08-07 08:00:00,154
9821003626,9845650176,2026-08-15 08:00:00,400
9865337219,9845431319,2026-08-14 08:00:00,216
9897775215,9835921441,2026-08-03 08:00:00,261
9845059710,9839920292,2026-08-04 08:00:00,174
9859555330,9834073380,2026-08-13 08:00:00,166
9891178885,9846553958,2026-08-10 08:00:00,404
9868526649,9851373735,2026-08-02 08:00:00,280
9871780854,9844999379,2026-08-03 08:00:00,167
9868812137,9895511909,2026-08-06 08:00:00,338
9836445607,9852462441,2026-08-02 08:00:00,283
9827105448,9888339168,2026-08-10 08:00:00,207
9844999379,9836786211,2026-08-02 08:00:00,431
9868526649,9897775215,2026-08-06 08:00:00,270
9825521714,9831172421,2026-08-02 08:00:00,476
9847135391,9847463522,2026-08-15 08:00:00,496
9882160068,9884411983,2026-08-11 08:00:00,47
9882909480,9893638503,2026-08-16 08:00:00,115
9823796726,9833763566,2026-08-01 08:00:00,33
9819233013,9893638503,2026-08-04 08:00:00,483
9845431319,9866431351,2026-08-08 08:00:00,347
9835511941,9837415205,2026-08-13 08:00:00,433
9899889098,9893303777,2026-08-13 08:00:00,32
9865259205,9844188276,2026-08-08 08:00:00,328
9858884978,9884158663,2026-08-14 08:00:00,358
9823796726,9825015458,2026-08-10 08:00:00,114
9884437458,9810226999,2026-08-09 08:00:00,219
9852101056,9815354599,2026-08-14 08:00:00,431
9829876811,9835921441,2026-08-09 08:00:00,441
9844999379,9863121477,2026-08-16 08:00:00,139
9899038526,9815354599,2026-08-13 08:00:00,31
9851373735,9864009265,2026-08-15 08:00:00,75
9824549543,9852101056,2026-08-08 08:00:00,46
9833763566,9853779528,2026-08-04 08:00:00,91
9839920292,9843308443,2026-08-06 08:00:00,284
9893370583,9860888017,2026-08-09 08:00:00,499
9831172421,9825492573,2026-08-13 08:00:00,155
9871510041,9847393469,2026-08-10 08:00:00,448
9863481198,9884158663,2026-08-04 08:00:00,399
9854769200,9830863865,2026-08-07 08:00:00,496
9854318698,9810475894,2026-08-16 08:00:00,112
9827566185,9827084279,2026-08-02 08:00:00,250
9898231132,9880166708,2026-08-04 08:00:00,127
9858024342,9845630292,2026-08-06 08:00:00,52
9837326368,9833966966,2026-08-03 08:00:00,133
9897775215,9871367643,2026-08-12 08:00:00,234
9852462441,9844188276,2026-08-15 08:00:00,315
9864009265,9871780854,2026-08-07 08:00:00,403
9877834855,9885863473,2026-08-11 08:00:00,32
9863481198,9822388090,2026-08-05 08:00:00,184
9878064830,9845810056,2026-08-12 08:00:00,246
9892613013,9850308572,2026-08-02 08:00:00,210
9819233013,9865259205,2026-08-10 08:00:00,268
9819391725,9842787299,2026-08-06 08:00:00,331
9819317495,9856930359,2026-08-15 08:00:00,22
9850603163,9843308443,2026-08-08 08:00:00,318
9866851377,9847393469,2026-08-06 08:00:00,83
9854446182,9899913412,2026-08-02 08:00:00,67
9868526649,9819391725,2026-08-14 08:00:00,275
9813704481,9864543049,2026-08-06 08:00:00,380
9821003626,9825521714,2026-08-02 08:00:00,83
9881969657,9868526649,2026-08-08 08:00:00,13
9819233013,9852436584,2026-08-02 08:00:00,426
9845630292,9864009265,2026-08-04 08:00:00,448
9842787299,9837326368,2026-08-02 08:00:00,298
9816818112,9847816686,2026-08-01 08:00:00,342
9868571795,9823796726,2026-08-13 08:00:00,154
9868526649,9871367643,2026-08-13 08:00:00,240
9895511909,9845496015,2026-08-16 08:00:00,323
9878064830,9823419256,2026-08-15 08:00:00,255
9865259205,9864813568,2026-08-12 08:00:00,124
9844188276,9847393469,2026-08-06 08:00:00,208
9811250299,9899245317,2026-08-12 08:00:00,388
9815614174,9848250360,2026-08-10 08:00:00,83
9871780854,9849682169,2026-08-14 08:00:00,373
9811297845,9899889098,2026-08-13 08:00:00,74
9866267415,9836786211,2026-08-07 08:00:00,492
9868326160,9831810617,2026-08-14 08:00:00,245
9843491314,9869302158,2026-08-15 08:00:00,497
9845630292,9851511484,2026-08-12 08:00:00,182
9893370583,9845159040,2026-08-13 08:00:00,78
9885863473,9866851377,2026-08-07 08:00:00,135
9899038359,9882909480,2026-08-07 08:00:00,301
9819317495,9845594597,2026-08-12 08:00:00,470
9851511484,9854446182,2026-08-14 08:00:00,201
9850308572,9854585178,2026-08-07 08:00:00,211
9844188276,9850264926,2026-08-04 08:00:00,287
9867403166,9869302158,2026-08-10 08:00:00,473
9815957459,9838195995,2026-08-14 08:00:00,36
9892613013,9899038359,2026-08-11 08:00:00,292
9885283645,9841774346,2026-08-13 08:00:00,489
9827084279,9848250360,2026-08-06 08:00:00,492
9830005727,9845059710,2026-08-07 08:00:00,207
9863481198,9845159040,2026-08-06 08:00:00,149
9880993218,9831172421,2026-08-05 08:00:00,338
9825480907,9895125977,2026-08-07 08:00:00,87
9829876811,9899913412,2026-08-15 08:00:00,135
9852462441,9886384014,2026-08-16 08:00:00,171
9891363974,9837326368,2026-08-02 08:00:00,356
9887388337,9819391725,2026-08-03 08:00:00,20
9815354599,9873174945,2026-08-11 08:00:00,446
9867887757,9836445607,2026-08-12 08:00:00,113
9880993218,9852133044,2026-08-07 08:00:00,167
9819391725,9813176186,2026-08-11 08:00:00,308
9839854548,9868571795,2026-08-11 08:00:00,370
9845810056,9845431319,2026-08-10 08:00:00,61
9859555330,9885283645,2026-08-05 08:00:00,93
9815197528,9854769200,2026-08-14 08:00:00,91
9859555330,9828024248,2026-08-16 08:00:00,368
9824366125,9852101056,2026-08-08 08:00:00,68
9824549543,9861343880,2026-08-15 08:00:00,59
9838270233,9871780854,2026-08-05 08:00:00,460
9819233013,9868571795,2026-08-13 08:00:00,254
9852169044,9864009265,2026-08-01 08:00:00,310
9852101056,9813176186,2026-08-15 08:00:00,309
9823796726,9815334035,2026-08-15 08:00:00,467
9815614174,9839920292,2026-08-12 08:00:00,463
9877898694,9879782527,2026-08-12 08:00:00,45
9837415205,9845650176,2026-08-10 08:00:00,356
9889795010,9852133044,2026-08-04 08:00:00,488
9858884978,9865337219,2026-08-11 08:00:00,159
9882909480,9879782527,2026-08-12 08:00:00,318
9854058573,9864543049,2026-08-14 08:00:00,96
9878371272,9878064830,2026-08-07 08:00:00,272
9824366125,9827778019,2026-08-01 08:00:00,260
9899913412,9860888017,2026-08-02 08:00:00,342
9888183110,9899508850,2026-08-10 08:00:00,144
9839854548,9848250360,2026-08-11 08:00:00,30
9831367172,9895511909,2026-08-15 08:00:00,347
9831687165,9856930359,2026-08-02 08:00:00,76
9838195995,9815354599,2026-08-01 08:00:00,164
9819233013,9892613013,2026-08-16 08:00:00,204
9845630292,9858024342,2026-08-09 08:00:00,366
9835921441,9856930359,2026-08-12 08:00:00,421
9827558317,9857469942,2026-08-14 08:00:00,372
9887925434,9886384014,2026-08-12 08:00:00,378
9884158663,9828024248,2026-08-07 08:00:00,260
9850962024,9830743797,2026-08-03 08:00:00,477
9869302158,9858884978,2026-08-03 08:00:00,422
9845159040,9899913412,2026-08-04 08:00:00,21
9827566185,9837326368,2026-08-04 08:00:00,134
9838609087,9837415205,2026-08-12 08:00:00,43
9865259205,9823796726,2026-08-08 08:00:00,408
9854318698,9838609087,2026-08-01 08:00:00,380
9822388090,9810226999,2026-08-11 08:00:00,455
9895132217,9847816686,2026-08-05 08:00:00,308
9866267415,9849682169,2026-08-11 08:00:00,412
9845159040,9880166708,2026-08-04 08:00:00,38
9896637649,9823903144,2026-08-07 08:00:00,480
9880993218,9831687165,2026-08-06 08:00:00,56
9825492573,9867887757,2026-08-01 08:00:00,231
9868526649,9842035886,2026-08-07 08:00:00,35
9825492573,9831687165,2026-08-13 08:00:00,174
9866267415,9866851377,2026-08-07 08:00:00,253
9865337219,9825015458,2026-08-16 08:00:00,319
9896637649,9882160068,2026-08-16 08:00:00,157
9843491314,9819736572,2026-08-02 08:00:00,236
9882160068,9861700055,2026-08-01 08:00:00,50
9837415205,9865337219,2026-08-09 08:00:00,83
9811297845,9895125977,2026-08-07 08:00:00,368
9885146293,9899508850,2026-08-03 08:00:00,106
9882160068,9821003626,2026-08-08 08:00:00,93
9830863865,9885563727,2026-08-10 08:00:00,317
9829876811,9861700055,2026-08-10 08:00:00,121
9815134794,9878064830,2026-08-12 08:00:00,386
9888183110,9866851377,2026-08-01 08:00:00,345
9831172421,9878064830,2026-08-10 08:00:00,396
9899245317,9819391725,2026-08-02 08:00:00,42
9854058573,9823419256,2026-08-02 08:00:00,327
9838270233,9848250360,2026-08-03 08:00:00,355
9837326368,9825492573,2026-08-15 08:00:00,16
9880993218,9863643924,2026-08-03 08:00:00,173
9868812137,9846553958,2026-08-12 08:00:00,367
9831172421,9826726926,2026-08-03 08:00:00,301
9892097999,9845594597,2026-08-11 08:00:00,240
9820099059,9880993218,2026-08-16 08:00:00,199
9891178885,9899514287,2026-08-16 08:00:00,170
9816818112,9880993218,2026-08-07 08:00:00,126
9868812137,9852169044,2026-08-02 08:00:00,363
9836786211,9883227889,2026-08-15 08:00:00,460
9851511484,9893370583,2026-08-13 08:00:00,247
9851511484,9869302158,2026-08-05 08:00:00,82
9810226999,9882269803,2026-08-13 08:00:00,224
9845059710,9823903144,2026-08-11 08:00:00,205
9867684996,9852133044,2026-08-13 08:00:00,197
9822388090,9897775215,2026-08-06 08:00:00,87
9814835614,9882160068,2026-08-07 08:00:00,58
9864543049,9889795010,2026-08-16 08:00:00,86
9831367172,9877898694,2026-08-07 08:00:00,21
9891178885,9889795010,2026-08-06 08:00:00,165
9854446182,9824366125,2026-08-08 08:00:00,107
9819832887,9826726926,2026-08-16 08:00:00,231
9897775215,9885283645,2026-08-16 08:00:00,350
9811049999,9836786211,2026-08-04 08:00:00,44
9821003626,9896637649,2026-08-16 08:00:00,321
9845431319,9844188276,2026-08-08 08:00:00,275
9854058573,9899038359,2026-08-14 08:00:00,261
9822388090,9854585178,2026-08-06 08:00:00,183
9867684996,9835748341,2026-08-14 08:00:00,323
9885146293,9899038526,2026-08-05 08:00:00,281
9850962024,9887925434,2026-08-12 08:00:00,423
9852101056,9827566185,2026-08-12 08:00:00,299
9868571795,9819391725,2026-08-01 08:00:00,238
9825521714,9815197528,2026-08-08 08:00:00,117
9893370583,9852101056,2026-08-08 08:00:00,475
9836445607,9885563727,2026-08-16 08:00:00,412
9824366125,9810475894,2026-08-11 08:00:00,305
9835511941,9851373735,2026-08-07 08:00:00,471
9827566185,9821003626,2026-08-08 08:00:00,372
9814835614,9891363974,2026-08-08 08:00:00,426
9857130035,9839920292,2026-08-16 08:00:00,465
9864543049,9836445607,2026-08-04 08:00:00,206
9882269803,9861343880,2026-08-11 08:00:00,51
9866851377,9839920292,2026-08-15 08:00:00,318
9845594597,9830743797,2026-08-03 08:00:00,240
9845630292,9863121477,2026-08-07 08:00:00,415
9846553958,9858942697,2026-08-05 08:00:00,196
9863121477,9811049999,2026-08-16 08:00:00,136
9842787299,9885563727,2026-08-01 08:00:00,177
9820099059,9895132217,2026-08-16 08:00:00,297
9861343880,9831367172,2026-08-11 08:00:00,258
9836445607,9890070438,2026-08-07 08:00:00,431
9815917225,9844999379,2026-08-04 08:00:00,161
9843491314,9811049999,2026-08-07 08:00:00,278
9861700055,9850962024,2026-08-08 08:00:00,414
9835921441,9857469942,2026-08-01 08:00:00,162
9884158663,9893638503,2026-08-05 08:00:00,161
9845059710,9827105448,2026-08-14 08:00:00,50
9825521714,9856843172,2026-08-05 08:00:00,238
9866267415,9819233013,2026-08-06 08:00:00,314
9830005727,9893131979,2026-08-11 08:00:00,65
9858942697,9864813568,2026-08-09 08:00:00,111
9896637649,9826726926,2026-08-15 08:00:00,155
9899245317,9868812137,2026-08-05 08:00:00,175
9864543049,9885146293,2026-08-02 08:00:00,454
9893370583,9828024248,2026-08-16 08:00:00,198
9844188276,9836445607,2026-08-13 08:00:00,291
9845059710,9866267415,2026-08-14 08:00:00,340
9821003626,9830863865,2026-08-06 08:00:00,177
9891363974,9893131979,2026-08-02 08:00:00,339
9850962024,9821003626,2026-08-02 08:00:00,462
9856397338,9896098221,2026-08-05 08:00:00,264
9819391725,9843308443,2026-08-05 08:00:00,87
9881969657,9827778019,2026-08-06 08:00:00,491
9882909480,9845496015,2026-08-03 08:00:00,396
9813176186,9820099059,2026-08-11 08:00:00,51
9829876811,9887925434,2026-08-03 08:00:00,262
9825480907,9816818112,2026-08-02 08:00:00,278
9815197528,9850308572,2026-08-13 08:00:00,365
9865259205,9854446182,2026-08-03 08:00:00,426
9877834855,9839854548,2026-08-06 08:00:00,69
9837326368,9884158663,2026-08-08 08:00:00,132
9896098221,9815917225,2026-08-01 08:00:00,36
9850308572,9851373735,2026-08-08 08:00:00,255
9884411983,9893131979,2026-08-08 08:00:00,496
9865259205,9823903144,2026-08-11 08:00:00,175
9845630292,9838270233,2026-08-13 08:00:00,19
9856397338,9837326368,2026-08-10 08:00:00,262
9845059710,9858884978,2026-08-14 08:00:00,291
9843308443,9871780854,2026-08-07 08:00:00,311
9858024342,9877834855,2026-08-08 08:00:00,308
9839920292,9866431351,2026-08-12 08:00:00,369
9831687165,9843704923,2026-08-12 08:00:00,270
9860888017,9830863865,2026-08-07 08:00:00,87
9871510041,9866431351,2026-08-10 08:00:00,146
9810475894,9893303777,2026-08-13 08:00:00,91
9892613013,9838270233,2026-08-09 08:00:00,181
9865337219,9893370583,2026-08-09 08:00:00,211
9854769200,9867403166,2026-08-10 08:00:00,241
9827105448,9839854548,2026-08-13 08:00:00,114
9882160068,9824508349,2026-08-02 08:00:00,208
9880166708,9880993218,2026-08-07 08:00:00,112
9893131979,9863481198,2026-08-10 08:00:00,436
9852101056,9863643924,2026-08-07 08:00:00,463
9814835614,9899639081,2026-08-12 08:00:00,247
9873174945,9815917225,2026-08-08 08:00:00,300
9878064830,9899038359,2026-08-01 08:00:00,168
9822388090,9899038359,2026-08-06 08:00:00,450
9856930359,9893638503,2026-08-16 08:00:00,494
9884045292,9845630292,2026-08-11 08:00:00,244
9889795010,9890070438,2026-08-06 08:00:00,481
9839920292,9898231132,2026-08-10 08:00:00,417
9845159040,9857130035,2026-08-03 08:00:00,325
9880166708,9852436584,2026-08-01 08:00:00,327
9888339168,9815354599,2026-08-09 08:00:00,486
9852436584,9899639081,2026-08-15 08:00:00,205
9845594597,9863481198,2026-08-06 08:00:00,59
9873174945,9825521714,2026-08-07 08:00:00,340
9844999379,9857469942,2026-08-12 08:00:00,48
9824366125,9815197528,2026-08-01 08:00:00,162
9846553958,9859597086,2026-08-04 08:00:00,164
9844188276,9892097999,2026-08-15 08:00:00,486
9893638503,9854769200,2026-08-01 08:00:00,460
9868571795,9845810056,2026-08-01 08:00:00,67
9854318698,9885863473,2026-08-08 08:00:00,243
9843704923,9833966966,2026-08-09 08:00:00,148
9815614174,9899508850,2026-08-16 08:00:00,42
9843491314,9833966966,2026-08-05 08:00:00,120
9819391725,9830863865,2026-08-13 08:00:00,25
9858024342,9891178885,2026-08-14 08:00:00,435
9856843172,9829876811,2026-08-06 08:00:00,16
9895125977,9813326769,2026-08-03 08:00:00,404
9824366125,9825015458,2026-08-10 08:00:00,378
9898231132,9892613013,2026-08-09 08:00:00,22
9858884978,9831367172,2026-08-07 08:00:00,130
9852101056,9839854548,2026-08-01 08:00:00,342
9813326769,9850181935,2026-08-14 08:00:00,296
9899508850,9839920292,2026-08-08 08:00:00,376
9880993218,9888339168,2026-08-10 08:00:00,196
9854318698,9899038526,2026-08-12 08:00:00,243
9850264926,9816818112,2026-08-06 08:00:00,201
9841774346,9893303777,2026-08-05 08:00:00,174
9810226999,9833763566,2026-08-12 08:00:00,218
9845810056,9843704923,2026-08-13 08:00:00,200
9856843172,9823419256,2026-08-10 08:00:00,85
9863643924,9882269803,2026-08-16 08:00:00,355
9811297845,9883227889,2026-08-12 08:00:00,231
9854318698,9890070438,2026-08-09 08:00:00,463
9823903144,9856930359,2026-08-12 08:00:00,340
9856843172,9869302158,2026-08-06 08:00:00,465
9871780854,9887925434,2026-08-05 08:00:00,316
9887925434,9811297845,2026-08-06 08:00:00,445
9823796726,9823903144,2026-08-07 08:00:00,432
9833966966,9830863865,2026-08-03 08:00:00,431
9831810617,9824508349,2026-08-02 08:00:00,276
9881969657,9895125977,2026-08-01 08:00:00,140
9854446182,9845159040,2026-08-06 08:00:00,388
9899889098,9868526649,2026-08-11 08:00:00,260
9853779528,9893370583,2026-08-12 08:00:00,290
9830863865,9827778019,2026-08-13 08:00:00,122
9895125977,9884252420,2026-08-14 08:00:00,362
9882269803,9880166708,2026-08-08 08:00:00,337
9850308572,9864813568,2026-08-05 08:00:00,437
9833966966,9882269803,2026-08-07 08:00:00,376
9852436584,9861700055,2026-08-04 08:00:00,263
9844188276,9847816686,2026-08-10 08:00:00,133
9838270233,9868326160,2026-08-10 08:00:00,432
9877834855,9811297845,2026-08-04 08:00:00,497
9844999379,9845059710,2026-08-01 08:00:00,25
9875569635,9854769200,2026-08-07 08:00:00,105
9815957459,9831172421,2026-08-03 08:00:00,44
9878064830,9869302158,2026-08-04 08:00:00,226
9820099059,9824549543,2026-08-13 08:00:00,15
9851373735,9898588154,2026-08-10 08:00:00,185
9845630292,9893303777,2026-08-07 08:00:00,165
9815134794,9895132217,2026-08-16 08:00:00,335
9871367643,9814835614,2026-08-02 08:00:00,357
9839920292,9859597086,2026-08-16 08:00:00,173
9884252420,9827105448,2026-08-09 08:00:00,368
9868571795,9840547349,2026-08-04 08:00:00,226
9852101056,9868812137,2026-08-12 08:00:00,495
9868526649,9839920292,2026-08-01 08:00:00,204
9858024342,9819832887,2026-08-03 08:00:00,253
9878064830,9816818112,2026-08-03 08:00:00,52
9878642041,9885863473,2026-08-04 08:00:00,242
9819233013,9895511909,2026-08-11 08:00:00,133
9890070438,9850264926,2026-08-02 08:00:00,175
9835748341,9828024248,2026-08-15 08:00:00,120
9871367643,9829876811,2026-08-04 08:00:00,15
9868526649,9827566185,2026-08-01 08:00:00,488
9861700055,9830005727,2026-08-03 08:00:00,267
9815334035,9851511484,2026-08-09 08:00:00,366
9850181935,9845630292,2026-08-02 08:00:00,139
9833357554,9854769200,2026-08-16 08:00:00,99
9869302158,9875569635,2026-08-06 08:00:00,30
9845431319,9899038526,2026-08-11 08:00:00,228
9824508349,9868526649,2026-08-05 08:00:00,438
9838609087,9865337219,2026-08-16 08:00:00,258
9857130035,9866431351,2026-08-13 08:00:00,407
9880993218,9884437458,2026-08-06 08:00:00,405
9835921441,9813326769,2026-08-10 08:00:00,103
9842787299,9887925434,2026-08-16 08:00:00,127
9882909480,9830005727,2026-08-04 08:00:00,61
9860888017,9823903144,2026-08-05 08:00:00,389
9890070438,9850181935,2026-08-01 08:00:00,234
9891178885,9878371272,2026-08-14 08:00:00,20
9825015458,9856020613,2026-08-12 08:00:00,335
9816818112,9880166708,2026-08-14 08:00:00,252
9859597086,9824366125,2026-08-14 08:00:00,295
9899508850,9857469942,2026-08-03 08:00:00,43
9854318698,9892097999,2026-08-12 08:00:00,253
9825480907,9861700055,2026-08-08 08:00:00,474
9823903144,9854769200,2026-08-01 08:00:00,92
9854318698,9823796726,2026-08-06 08:00:00,350
9865337219,9839854548,2026-08-12 08:00:00,295
9892097999,9898231132,2026-08-03 08:00:00,414
9841774346,9882160068,2026-08-14 08:00:00,69
9859555330,9871780854,2026-08-08 08:00:00,113
9861343880,9899514287,2026-08-05 08:00:00,392
9899508850,9889795010,2026-08-01 08:00:00,200
9811049999,9856397338,2026-08-01 08:00:00,67
9856020613,9845159040,2026-08-09 08:00:00,309
9866851377,9815354599,2026-08-10 08:00:00,460
9823903144,9899913412,2026-08-08 08:00:00,450
9898231132,9847135391,2026-08-07 08:00:00,349
9868571795,9898231132,2026-08-16 08:00:00,119
9847463522,9845810056,2026-08-13 08:00:00,293
9885563727,9866267415,2026-08-03 08:00:00,84
9845159040,9827566185,2026-08-05 08:00:00,450
9893131979,9843308443,2026-08-16 08:00:00,272
9847816686,9850181935,2026-08-06 08:00:00,136
9866267415,9882269803,2026-08-14 08:00:00,439
9866267415,9813176186,2026-08-08 08:00:00,433
9892097999,9883227889,2026-08-02 08:00:00,395
9848250360,9871780854,2026-08-11 08:00:00,409
9830863865,9827105448,2026-08-07 08:00:00,353
9885863473,9893303777,2026-08-13 08:00:00,240
9826726926,9842787299,2026-08-05 08:00:00,255
9871367643,9856397338,2026-08-14 08:00:00,340
9838270233,9885563727,2026-08-06 08:00:00,133
9899038526,9827778019,2026-08-10 08:00:00,264
9846553958,9838609087,2026-08-14 08:00:00,317
9827105448,9815197528,2026-08-03 08:00:00,297
9879782527,9896637649,2026-08-05 08:00:00,405
9850308572,9871780854,2026-08-12 08:00:00,152
9889795010,9824366125,2026-08-15 08:00:00,342
9887925434,9899639081,2026-08-11 08:00:00,480
9854585178,9850264926,2026-08-16 08:00:00,207
9838270233,9852101056,2026-08-05 08:00:00,250
9877898694,9867887757,2026-08-16 08:00:00,185
9813704481,9827084279,2026-08-03 08:00:00,138
9867684996,9830743797,2026-08-09 08:00:00,457
9847393469,9898588154,2026-08-08 08:00:00,170
9821003626,9888183110,2026-08-07 08:00:00,188
9854585178,9819317495,2026-08-11 08:00:00,275
9819736572,9829876811,2026-08-09 08:00:00,145
9899038526,9857469942,2026-08-07 08:00:00,403
9891363974,9823903144,2026-08-10 08:00:00,107
9813176186,9882909480,2026-08-11 08:00:00,114
9851511484,9843704923,2026-08-06 08:00:00,70
9845431319,9833763566,2026-08-08 08:00:00,115
9899038526,9885563727,2026-08-11 08:00:00,103
9815917225,9891178885,2026-08-12 08:00:00,135
9889795010,9834073380,2026-08-09 08:00:00,487
9863481198,9849682169,2026-08-11 08:00:00,84
9811250299,9826726926,2026-08-03 08:00:00,139
9885146293,9835921441,2026-08-13 08:00:00,11
9843308443,9844999379,2026-08-09 08:00:00,485
9854058573,9864813568,2026-08-09 08:00:00,271
9863481198,9831810617,2026-08-07 08:00:00,146
9873174945,9815134794,2026-08-16 08:00:00,314
9880166708,9868571795,2026-08-14 08:00:00,208
9836445607,9854769200,2026-08-05 08:00:00,102
9885146293,9813176186,2026-08-02 08:00:00,31
9843308443,9824366125,2026-08-04 08:00:00,290
9871510041,9830743797,2026-08-05 08:00:00,411
9887388337,9880993218,2026-08-14 08:00:00,114
9871780854,9824549543,2026-08-02 08:00:00,15
9824508349,9877898694,2026-08-09 08:00:00,155
9848250360,9888183110,2026-08-08 08:00:00,122
9895132217,9890070438,2026-08-09 08:00:00,485
9828024248,9836786211,2026-08-08 08:00:00,87
9815614174,9828024248,2026-08-11 08:00:00,400
9884411983,9852169044,2026-08-13 08:00:00,114
9811297845,9871367643,2026-08-01 08:00:00,498
9899245317,9867887757,2026-08-09 08:00:00,424
9819832887,9885146293,2026-08-04 08:00:00,136
9883227889,9884411983,2026-08-08 08:00:00,245
9891363974,9860888017,2026-08-06 08:00:00,479
9884411983,9824366125,2026-08-04 08:00:00,11
9888183110,9858884978,2026-08-10 08:00:00,232
9843704923,9899038526,2026-08-13 08:00:00,238
9847135391,9842035886,2026-08-04 08:00:00,443
9831687165,9883227889,2026-08-15 08:00:00,236
9852133044,9852462441,2026-08-13 08:00:00,445
9871367643,9882269803,2026-08-13 08:00:00,21
9811297845,9837326368,2026-08-09 08:00:00,115
9863643924,9839920292,2026-08-14 08:00:00,414
9856020613,9887925434,2026-08-11 08:00:00,20
9891178885,9861700055,2026-08-13 08:00:00,439
9830005727,9826726926,2026-08-07 08:00:00,200
9844188276,9896637649,2026-08-03 08:00:00,317
9851373735,9831172421,2026-08-13 08:00:00,96
9868326160,9877834855,2026-08-07 08:00:00,170
9836786211,9868326160,2026-08-09 08:00:00,137
9825492573,9845431319,2026-08-08 08:00:00,204
9899038526,9850264926,2026-08-01 08:00:00,361
9850181935,9878642041,2026-08-03 08:00:00,241
9882909480,9815614174,2026-08-13 08:00:00,302
9823419256,9813176186,2026-08-13 08:00:00,20
9839920292,9897775215,2026-08-15 08:00:00,475
9857469942,9854318698,2026-08-14 08:00:00,140
9884252420,9899889098,2026-08-09 08:00:00,197
9884158663,9898231132,2026-08-06 08:00:00,96
9884411983,9833357554,2026-08-07 08:00:00,443
9858024342,9819233013,2026-08-12 08:00:00,34
9893131979,9899889098,2026-08-03 08:00:00,372
9885283645,9867887757,2026-08-02 08:00:00,138
9831687165,9856020613,2026-08-09 08:00:00,241
9852133044,9875569635,2026-08-05 08:00:00,449
9897775215,9824366125,2026-08-06 08:00:00,127
9883227889,9835748341,2026-08-06 08:00:00,276
9843308443,9842035886,2026-08-03 08:00:00,327
9873174945,9823796726,2026-08-06 08:00:00,157
9854446182,9850264926,2026-08-14 08:00:00,468
9860888017,9845496015,2026-08-01 08:00:00,423
9865337219,9890070438,2026-08-03 08:00:00,44
9846553958,9847463522,2026-08-09 08:00:00,428
9837415205,9813704481,2026-08-04 08:00:00,408
9851511484,9828024248,2026-08-12 08:00:00,380
9837415205,9865259205,2026-08-06 08:00:00,135
9815354599,9893370583,2026-08-06 08:00:00,402
9831367172,9827558317,2026-08-01 08:00:00,266
9861700055,9896098221,2026-08-13 08:00:00,79
9860888017,9888339168,2026-08-16 08:00:00,89
9886384014,9888183110,2026-08-12 08:00:00,303
9824366125,9851511484,2026-08-08 08:00:00,242
9845810056,9825015458,2026-08-04 08:00:00,375
9857130035,9899245317,2026-08-02 08:00:00,44
9835921441,9845650176,2026-08-01 08:00:00,157
9849682169,9866851377,2026-08-16 08:00:00,356
9838270233,9830863865,2026-08-13 08:00:00,465
9856020613,9856843172,2026-08-12 08:00:00,412
9826726926,9895125977,2026-08-13 08:00:00,394
9878064830,9856020613,2026-08-14 08:00:00,95
9899152472,9891178885,2026-08-05 08:00:00,422
9858024342,9893638503,2026-08-03 08:00:00,317
9825521714,9899514287,2026-08-04 08:00:00,319
9829876811,9819233013,2026-08-13 08:00:00,163
9893303777,9845059710,2026-08-11 08:00:00,259
9865337219,9882269803,2026-08-01 08:00:00,120
9897775215,9815957459,2026-08-05 08:00:00,240
9814835614,9893131979,2026-08-05 08:00:00,342
9899639081,9830863865,2026-08-08 08:00:00,82
9864543049,9899889098,2026-08-15 08:00:00,139
9819832887,9825480907,2026-08-15 08:00:00,374
9856843172,9893303777,2026-08-07 08:00:00,247
9886384014,9815197528,2026-08-02 08:00:00,135
9861343880,9833763566,2026-08-04 08:00:00,161
9893303777,9873174945,2026-08-12 08:00:00,248
9840547349,9884437458,2026-08-14 08:00:00,49
9899038526,9875569635,2026-08-12 08:00:00,430
9827558317,9828024248,2026-08-16 08:00:00,30
9898231132,9843308443,2026-08-12 08:00:00,179
9819317495,9835748341,2026-08-06 08:00:00,15
9847463522,9861343880,2026-08-09 08:00:00,40
9845059710,9856397338,2026-08-07 08:00:00,332
9827778019,9893303777,2026-08-01 08:00:00,239
9868326160,9856930359,2026-08-15 08:00:00,187
9838195995,9893370583,2026-08-10 08:00:00,198
9873174945,9827084279,2026-08-04 08:00:00,462
9850603163,9893131979,2026-08-16 08:00:00,231
9837326368,9827558317,2026-08-02 08:00:00,351
9863121477,9854446182,2026-08-03 08:00:00,88
9835921441,9835511941,2026-08-15 08:00:00,384
9884045292,9885563727,2026-08-09 08:00:00,83
9844188276,9837326368,2026-08-07 08:00:00,57
9871367643,9840547349,2026-08-09 08:00:00,211
9884411983,9871780854,2026-08-02 08:00:00,165
9822388090,9845650176,2026-08-07 08:00:00,224
9863481198,9819317495,2026-08-14 08:00:00,419
9852133044,9815134794,2026-08-09 08:00:00,479
9877834855,9852436584,2026-08-03 08:00:00,93
9858024342,9892097999,2026-08-16 08:00:00,412
9819391725,9884411983,2026-08-15 08:00:00,478
9860888017,9863643924,2026-08-16 08:00:00,68
9831687165,9858884978,2026-08-15 08:00:00,425
9887925434,9871367643,2026-08-12 08:00:00,445
9850264926,9884158663,2026-08-11 08:00:00,333
9845159040,9893370583,2026-08-05 08:00:00,351
9831172421,9825492573,2026-08-09 08:00:00,422
9898588154,9863121477,2026-08-08 08:00:00,125
9815614174,9897775215,2026-08-16 08:00:00,149
9835511941,9856397338,2026-08-10 08:00:00,265
9885863473,9868326160,2026-08-02 08:00:00,497
9814835614,9899514287,2026-08-09 08:00:00,64
9861343880,9810475894,2026-08-08 08:00:00,442
9884411983,9857130035,2026-08-15 08:00:00,473
9865259205,9847463522,2026-08-12 08:00:00,221
9880993218,9825480907,2026-08-14 08:00:00,300
9835511941,9899514287,2026-08-03 08:00:00,134
9899245317,9838195995,2026-08-16 08:00:00,495
9824549543,9819391725,2026-08-11 08:00:00,484
9896098221,9897775215,2026-08-13 08:00:00,427
9848250360,9865259205,2026-08-14 08:00:00,252
9827105448,9856930359,2026-08-12 08:00:00,70
9854585178,9845496015,2026-08-16 08:00:00,460
9839920292,9830863865,2026-08-07 08:00:00,217
9848250360,9845496015,2026-08-10 08:00:00,134
9891363974,9860888017,2026-08-11 08:00:00,91
9899038526,9893370583,2026-08-13 08:00:00,446
9879782527,9847463522,2026-08-03 08:00:00,52
9810226999,9815354599,2026-08-05 08:00:00,286
9815134794,9854058573,2026-08-03 08:00:00,488
9851373735,9815917225,2026-08-05 08:00:00,36
9852436584,9850264926,2026-08-06 08:00:00,26
9845650176,9845431319,2026-08-12 08:00:00,357
9868526649,9899508850,2026-08-12 08:00:00,351
9823796726,9854318698,2026-08-02 08:00:00,94
9835748341,9835511941,2026-08-04 08:00:00,29
9833357554,9879782527,2026-08-02 08:00:00,324
9852436584,9819317495,2026-08-06 08:00:00,469
9889795010,9839920292,2026-08-04 08:00:00,146
9814835614,9845431319,2026-08-03 08:00:00,435
9891363974,9850962024,2026-08-05 08:00:00,43
9851511484,9826726926,2026-08-09 08:00:00,90
9850308572,9815957459,2026-08-04 08:00:00,264
9826726926,9842787299,2026-08-10 08:00:00,26
9889795010,9877898694,2026-08-06 08:00:00,365
9868571795,9869302158,2026-08-12 08:00:00,497
9856397338,9854585178,2026-08-10 08:00:00,344
9896637649,9825480907,2026-08-14 08:00:00,423
9845496015,9835748341,2026-08-11 08:00:00,117
9888183110,9851511484,2026-08-05 08:00:00,370
9865259205,9858024342,2026-08-03 08:00:00,40
9868812137,9854769200,2026-08-05 08:00:00,65
9839854548,9827566185,2026-08-05 08:00:00,380
9847816686,9850962024,2026-08-11 08:00:00,362
9899913412,9843704923,2026-08-08 08:00:00,377
9834073380,9897775215,2026-08-14 08:00:00,72
9850308572,9858884978,2026-08-10 08:00:00,489
9825015458,9877834855,2026-08-16 08:00:00,345
9859597086,9878371272,2026-08-06 08:00:00,210
9819317495,9823419256,2026-08-03 08:00:00,35
9859597086,9878064830,2026-08-13 08:00:00,105
9891178885,9851511484,2026-08-13 08:00:00,411
9825015458,9821003626,2026-08-15 08:00:00,78
9893370583,9880993218,2026-08-14 08:00:00,347
9836445607,9882269803,2026-08-06 08:00:00,13
9860888017,9878064830,2026-08-14 08:00:00,57
9819832887,9856930359,2026-08-05 08:00:00,31
9823903144,9888183110,2026-08-16 08:00:00,500
9824366125,9892613013,2026-08-06 08:00:00,223
9858024342,9846553958,2026-08-01 08:00:00,333
9813176186,9882909480,2026-08-11 08:00:00,419
9871367643,9893303777,2026-08-11 08:00:00,11
9881969657,9834073380,2026-08-07 08:00:00,118
9861343880,9856930359,2026-08-09 08:00:00,281
9889795010,9866851377,2026-08-07 08:00:00,232
9846553958,9843491314,2026-08-02 08:00:00,242
9884045292,9814835614,2026-08-10 08:00:00,285
9838270233,9864813568,2026-08-02 08:00:00,155
9856930359,9864543049,2026-08-14 08:00:00,311
9866267415,9819391725,2026-08-16 08:00:00,434
9815197528,9851511484,2026-08-08 08:00:00,482
9836445607,9814835614,2026-08-08 08:00:00,240
9892097999,9899514287,2026-08-02 08:00:00,428
9899889098,9858884978,2026-08-09 08:00:00,212
9892097999,9866431351,2026-08-08 08:00:00,30
9884411983,9869302158,2026-08-08 08:00:00,213
9852436584,9848250360,2026-08-02 08:00:00,500
9838609087,9858942697,2026-08-14 08:00:00,18
9899152472,9843491314,2026-08-10 08:00:00,403
9899038526,9824549543,2026-08-02 08:00:00,264
9843704923,9847135391,2026-08-10 08:00:00,409
9853779528,9845496015,2026-08-13 08:00:00,297
9885863473,9835511941,2026-08-06 08:00:00,289
9884437458,9892613013,2026-08-01 08:00:00,360
9815134794,9831687165,2026-08-11 08:00:00,341
9878642041,9898231132,2026-08-01 08:00:00,60
9886384014,9895511909,2026-08-09 08:00:00,96
9841774346,9845431319,2026-08-09 08:00:00,222
9899245317,9815134794,2026-08-07 08:00:00,383
9899245317,9813176186,2026-08-04 08:00:00,401
9847393469,9835748341,2026-08-03 08:00:00,49
9865259205,9885146293,2026-08-01 08:00:00,498
9888183110,9819391725,2026-08-09 08:00:00,101
9853779528,9837326368,2026-08-15 08:00:00,182
9885146293,9899152472,2026-08-15 08:00:00,271
9885146293,9834073380,2026-08-09 08:00:00,412
9879782527,9820099059,2026-08-03 08:00:00,190
9837415205,9845630292,2026-08-07 08:00:00,289
9878064830,9885863473,2026-08-01 08:00:00,476
9895132217,9864009265,2026-08-03 08:00:00,42
9899245317,9861343880,2026-08-11 08:00:00,92
9827778019,9852101056,2026-08-07 08:00:00,255
9838270233,9867684996,2026-08-12 08:00:00,25
9887925434,9845630292,2026-08-14 08:00:00,63
9827558317,9815957459,2026-08-13 08:00:00,118
9860888017,9844999379,2026-08-16 08:00:00,406
9868812137,9895511909,2026-08-03 08:00:00,391
9899889098,9841774346,2026-08-16 08:00:00,295
9846553958,9849682169,2026-08-13 08:00:00,174
9850308572,9825521714,2026-08-07 08:00:00,470
9871780854,9858024342,2026-08-15 08:00:00,106
9852436584,9823796726,2026-08-12 08:00:00,18
9845159040,9893303777,2026-08-11 08:00:00,222
9895511909,9866431351,2026-08-11 08:00:00,451
9851511484,9879782527,2026-08-05 08:00:00,441
9887388337,9898588154,2026-08-04 08:00:00,313
9845650176,9868571795,2026-08-16 08:00:00,293
9828024248,9885863473,2026-08-11 08:00:00,71
9838195995,9859597086,2026-08-11 08:00:00,135
9835748341,9871510041,2026-08-14 08:00:00,160
9858024342,9880166708,2026-08-02 08:00:00,490
9899514287,9845159040,2026-08-05 08:00:00,366
9884158663,9819233013,2026-08-05 08:00:00,153
9887925434,9829876811,2026-08-03 08:00:00,281
9878371272,9838609087,2026-08-16 08:00:00,167
9852462441,9899514287,2026-08-14 08:00:00,21
9845059710,9850962024,2026-08-11 08:00:00,104
9882909480,9867887757,2026-08-05 08:00:00,486
9856020613,9890070438,2026-08-04 08:00:00,195
9853779528,9887388337,2026-08-09 08:00:00,403
9856930359,9899913412,2026-08-04 08:00:00,103
9895125977,9847135391,2026-08-03 08:00:00,128
9888339168,9858942697,2026-08-10 08:00:00,440
9893131979,9854446182,2026-08-03 08:00:00,425
9882909480,9854446182,2026-08-10 08:00:00,474
9828024248,9841774346,2026-08-10 08:00:00,61
9868326160,9882269803,2026-08-02 08:00:00,169
9831810617,9867887757,2026-08-11 08:00:00,147
9852462441,9873174945,2026-08-05 08:00:00,45
9887388337,9868812137,2026-08-01 08:00:00,64
9898231132,9871780854,2026-08-16 08:00:00,424
9813176186,9868326160,2026-08-04 08:00:00,145
9885283645,9814835614,2026-08-08 08:00:00,51
9856930359,9852169044,2026-08-06 08:00:00,342
9863481198,9899508850,2026-08-04 08:00:00,332
9864543049,9850264926,2026-08-07 08:00:00,383
9825015458,9827566185,2026-08-06 08:00:00,387
9831172421,9856397338,2026-08-08 08:00:00,218
9866431351,9831172421,2026-08-09 08:00:00,305
9845594597,9815957459,2026-08-07 08:00:00,262
9854446182,9845496015,2026-08-02 08:00:00,230
9847135391,9891363974,2026-08-13 08:00:00,108
9866851377,9845431319,2026-08-12 08:00:00,79
9868326160,9814835614,2026-08-14 08:00:00,476
9843704923,9847393469,2026-08-09 08:00:00,137
9871367643,9885146293,2026-08-14 08:00:00,140
9815917225,9890070438,2026-08-16 08:00:00,10
9853779528,9868326160,2026-08-07 08:00:00,392
9878064830,9852101056,2026-08-05 08:00:00,305
9882160068,9850308572,2026-08-04 08:00:00,353
9857130035,9886384014,2026-08-02 08:00:00,128
9857130035,9880993218,2026-08-02 08:00:00,384
9847816686,9868526649,2026-08-13 08:00:00,78
9899038359,9858942697,2026-08-04 08:00:00,304
9852436584,9867403166,2026-08-07 08:00:00,377
9824508349,9851373735,2026-08-01 08:00:00,221
9880166708,9887925434,2026-08-07 08:00:00,238
9844188276,9861343880,2026-08-04 08:00:00,454
9825521714,9893370583,2026-08-14 08:00:00,203
9841774346,9827084279,2026-08-09 08:00:00,237
9824549543,9892613013,2026-08-05 08:00:00,115
9845630292,9836786211,2026-08-07 08:00:00,455
9845159040,9824549543,2026-08-08 08:00:00,260
9839920292,9858942697,2026-08-14 08:00:00,35
9878064830,9852436584,2026-08-14 08:00:00,247
9885283645,9811049999,2026-08-02 08:00:00,393
9849682169,9856020613,2026-08-10 08:00:00,114
9829876811,9824508349,2026-08-10 08:00:00,82
9850962024,9824366125,2026-08-06 08:00:00,228
9864009265,9822388090,2026-08-16 08:00:00,412
9837326368,9866851377,2026-08-03 08:00:00,310
9864813568,9884252420,2026-08-10 08:00:00,339
9842787299,9869302158,2026-08-07 08:00:00,362
9858942697,9898231132,2026-08-13 08:00:00,148
9899245317,9898231132,2026-08-08 08:00:00,234
9845650176,9864543049,2026-08-08 08:00:00,340
9819832887,9840547349,2026-08-08 08:00:00,495
9828024248,9856397338,2026-08-05 08:00:00,66
9830743797,9884045292,2026-08-12 08:00:00,277
9811250299,9852101056,2026-08-04 08:00:00,149
9841774346,9827084279,2026-08-10 08:00:00,392
9868326160,9815614174,2026-08-03 08:00:00,300
9880166708,9888183110,2026-08-10 08:00:00,139
9878642041,9838270233,2026-08-06 08:00:00,331
9891178885,9866851377,2026-08-01 08:00:00,86
9815614174,9893370583,2026-08-14 08:00:00,300
9887925434,9852436584,2026-08-16 08:00:00,109
9882160068,9880166708,2026-08-10 08:00:00,379
9837326368,9857469942,2026-08-09 08:00:00,366
9831367172,9868812137,2026-08-07 08:00:00,331
9825480907,9858884978,2026-08-12 08:00:00,59
9819233013,9850264926,2026-08-07 08:00:00,465
9878642041,9893370583,2026-08-02 08:00:00,449
9877898694,9820099059,2026-08-16 08:00:00,398
9888183110,9813704481,2026-08-11 08:00:00,262
9899889098,9848250360,2026-08-01 08:00:00,363
9838609087,9881969657,2026-08-05 08:00:00,128
9829876811,9813326769,2026-08-07 08:00:00,249
9829876811,9813704481,2026-08-03 08:00:00,62
9831172421,9854446182,2026-08-15 08:00:00,377
9845650176,9884411983,2026-08-07 08:00:00,121
9825521714,9887388337,2026-08-02 08:00:00,141
9815354599,9868812137,2026-08-14 08:00:00,71
9824366125,9850308572,2026-08-15 08:00:00,467
9877834855,9867887757,2026-08-11 08:00:00,482
9845496015,9891363974,2026-08-04 08:00:00,57
9878064830,9899038526,2026-08-08 08:00:00,32
9868571795,9852101056,2026-08-09 08:00:00,287
9860888017,9841774346,2026-08-01 08:00:00,484
9839920292,9899038359,2026-08-14 08:00:00,464
9835511941,9847463522,2026-08-03 08:00:00,267
9833357554,9899889098,2026-08-09 08:00:00,10
9815134794,9851373735,2026-08-12 08:00:00,488
9820099059,9882269803,2026-08-15 08:00:00,294
9851373735,9860888017,2026-08-01 08:00:00,388
9887388337,9866267415,2026-08-01 08:00:00,351
9858942697,9819317495,2026-08-06 08:00:00,431
9885283645,9842035886,2026-08-02 08:00:00,385
9837415205,9865337219,2026-08-07 08:00:00,111
9886384014,9875569635,2026-08-15 08:00:00,41
9824549543,9869302158,2026-08-08 08:00:00,326
9845650176,9859597086,2026-08-04 08:00:00,381
9885863473,9893638503,2026-08-12 08:00:00,331
9838270233,9893131979,2026-08-10 08:00:00,437
9868526649,9848250360,2026-08-05 08:00:00,362
9819391725,9885283645,2026-08-16 08:00:00,203
9866431351,9852169044,2026-08-12 08:00:00,27
9813704481,9845810056,2026-08-14 08:00:00,65
9879782527,9837326368,2026-08-06 08:00:00,118
9847816686,9865259205,2026-08-14 08:00:00,65
9897775215,9899889098,2026-08-06 08:00:00,146
9882909480,9827778019,2026-08-11 08:00:00,463
9869302158,9885283645,2026-08-07 08:00:00,498
9839854548,9857469942,2026-08-06 08:00:00,322
9830005727,9824366125,2026-08-11 08:00:00,143
9826726926,9847135391,2026-08-01 08:00:00,110
9868326160,9875569635,2026-08-13 08:00:00,405
9871510041,9856843172,2026-08-03 08:00:00,457
9843704923,9853779528,2026-08-05 08:00:00,471
9873174945,9899889098,2026-08-04 08:00:00,296
9898231132,9830863865,2026-08-05 08:00:00,37
9827084279,9815334035,2026-08-08 08:00:00,419
9827566185,9888183110,2026-08-02 08:00:00,270
9826726926,9816818112,2026-08-03 08:00:00,133
9871510041,9828024248,2026-08-03 08:00:00,183
9856020613,9871510041,2026-08-03 08:00:00,142
9884158663,9856930359,2026-08-05 08:00:00,433
9837415205,9813326769,2026-08-14 08:00:00,261
9893638503,9823903144,2026-08-08 08:00:00,367
9885563727,9854318698,2026-08-05 08:00:00,329
9830005727,9847816686,2026-08-14 08:00:00,379
9885563727,9816818112,2026-08-03 08:00:00,387
9893131979,9821003626,2026-08-15 08:00:00,94
9831172421,9858942697,2026-08-11 08:00:00,25
9859597086,9837326368,2026-08-01 08:00:00,409
9845059710,9815957459,2026-08-01 08:00:00,451
9885863473,9827105448,2026-08-03 08:00:00,175
9860888017,9838270233,2026-08-03 08:00:00,52
9852101056,9844999379,2026-08-16 08:00:00,497
9847463522,9850603163,2026-08-12 08:00:00,39
9867684996,9895511909,2026-08-01 08:00:00,378
9852133044,9836786211,2026-08-11 08:00:00,204
9863643924,9853779528,2026-08-10 08:00:00,395
9845431319,9884158663,2026-08-06 08:00:00,53
9816818112,9861343880,2026-08-16 08:00:00,157
9839920292,9827778019,2026-08-03 08:00:00,87
9845810056,9837326368,2026-08-10 08:00:00,266
9838195995,9871780854,2026-08-11 08:00:00,204
9850264926,9871780854,2026-08-14 08:00:00,249
9845059710,9813326769,2026-08-02 08:00:00,11
9824549543,9884158663,2026-08-08 08:00:00,203
9823419256,9885563727,2026-08-11 08:00:00,55
9813176186,9885863473,2026-08-09 08:00:00,281
9852133044,9868326160,2026-08-13 08:00:00,298
9885146293,9845496015,2026-08-14 08:00:00,86
9830743797,9856397338,2026-08-08 08:00:00,174
9825521714,9824549543,2026-08-02 08:00:00,197
9835748341,9852169044,2026-08-13 08:00:00,383
9871780854,9828024248,2026-08-02 08:00:00,330
9850264926,9873174945,2026-08-14 08:00:00,116
9888183110,9829876811,2026-08-15 08:00:00,326
9836786211,9864543049,2026-08-06 08:00:00,74
9819391725,9811049999,2026-08-09 08:00:00,420
9888339168,9885146293,2026-08-13 08:00:00,139
9866851377,9885146293,2026-08-01 08:00:00,143
9866267415,9843491314,2026-08-09 08:00:00,448
9850308572,9837415205,2026-08-16 08:00:00,265
9857130035,9827084279,2026-08-07 08:00:00,203
9825492573,9837326368,2026-08-07 08:00:00,280
9815917225,9819391725,2026-08-13 08:00:00,147
9878642041,9865259205,2026-08-03 08:00:00,82
9851373735,9825480907,2026-08-10 08:00:00,381
9852169044,9827778019,2026-08-10 08:00:00,218
9899514287,9885283645,2026-08-01 08:00:00,134
9831810617,9838270233,2026-08-05 08:00:00,198
9884045292,9885863473,2026-08-14 08:00:00,119
9881969657,9835748341,2026-08-09 08:00:00,52
9851511484,9871780854,2026-08-13 08:00:00,159
9867684996,9845630292,2026-08-06 08:00:00,191
9882269803,9893303777,2026-08-10 08:00:00,453
9871780854,9882160068,2026-08-13 08:00:00,413
9899889098,9884045292,2026-08-12 08:00:00,184
9816818112,9831172421,2026-08-06 08:00:00,160
9819317495,9845594597,2026-08-01 08:00:00,352
9879782527,9850264926,2026-08-13 08:00:00,167
9829876811,9824366125,2026-08-10 08:00:00,272
9895125977,9866851377,2026-08-01 08:00:00,405
9842787299,9843491314,2026-08-04 08:00:00,198
9888183110,9810475894,2026-08-06 08:00:00,435
9858942697,9835511941,2026-08-05 08:00:00,248
9891363974,9851373735,2026-08-02 08:00:00,354
9852101056,9887925434,2026-08-02 08:00:00,158
9868526649,9833763566,2026-08-02 08:00:00,446
9845431319,9888183110,2026-08-07 08:00:00,479
9899038359,9877834855,2026-08-12 08:00:00,109
9856020613,9811250299,2026-08-11 08:00:00,462
9825015458,9885146293,2026-08-13 08:00:00,382
9884411983,9844188276,2026-08-04 08:00:00,56
9887388337,9882909480,2026-08-15 08:00:00,279
9856843172,9884045292,2026-08-04 08:00:00,288
9888339168,9826726926,2026-08-07 08:00:00,133
9814835614,9867887757,2026-08-07 08:00:00,262
9899038359,9845650176,2026-08-13 08:00:00,339
9821003626,9842787299,2026-08-02 08:00:00,461
9883227889,9859597086,2026-08-03 08:00:00,499
9879782527,9882269803,2026-08-16 08:00:00,398
9893370583,9845630292,2026-08-04 08:00:00,246
9899152472,9883227889,2026-08-01 08:00:00,15
9882160068,9877834855,2026-08-01 08:00:00,425
9827105448,9868812137,2026-08-04 08:00:00,181
9863121477,9815197528,2026-08-04 08:00:00,291
9827566185,9898588154,2026-08-01 08:00:00,135
9852101056,9835921441,2026-08-11 08:00:00,251
9833763566,9899508850,2026-08-16 08:00:00,145
9845594597,9850962024,2026-08-04 08:00:00,381
9815197528,9852436584,2026-08-07 08:00:00,210
9825521714,9891363974,2026-08-12 08:00:00,78
9896098221,9838609087,2026-08-10 08:00:00,319
9847816686,9885146293,2026-08-10 08:00:00,65
9811297845,9845431319,2026-08-08 08:00:00,128
9830863865,9866851377,2026-08-16 08:00:00,185
9845059710,9868812137,2026-08-05 08:00:00,397
9883227889,9819317495,2026-08-06 08:00:00,427
9885863473,9885283645,2026-08-07 08:00:00,320
9890070438,9861700055,2026-08-05 08:00:00,47
9888183110,9869302158,2026-08-09 08:00:00,181
9877898694,9831810617,2026-08-03 08:00:00,57
9811250299,9858024342,2026-08-10 08:00:00,76
9827778019,9871510041,2026-08-14 08:00:00,491
9895511909,9871780854,2026-08-12 08:00:00,332
9815614174,9863121477,2026-08-11 08:00:00,131
9854058573,9830863865,2026-08-14 08:00:00,232
9880993218,9813326769,2026-08-04 08:00:00,69
9895511909,9827566185,2026-08-14 08:00:00,409
9864543049,9871780854,2026-08-07 08:00:00,457
9896098221,9827778019,2026-08-07 08:00:00,194
9845630292,9830863865,2026-08-03 08:00:00,428
9837326368,9845059710,2026-08-13 08:00:00,88
9868526649,9864813568,2026-08-03 08:00:00,174
9880993218,9847135391,2026-08-04 08:00:00,497
9845810056,9864009265,2026-08-07 08:00:00,140
9887925434,9820099059,2026-08-02 08:00:00,428
9848250360,9856397338,2026-08-06 08:00:00,233
9823796726,9880166708,2026-08-16 08:00:00,330
9819832887,9857469942,2026-08-05 08:00:00,328
9877834855,9856020613,2026-08-09 08:00:00,158
9895511909,9871780854,2026-08-04 08:00:00,133
9899639081,9828024248,2026-08-01 08:00:00,416
9866851377,9839854548,2026-08-07 08:00:00,185
9899514287,9845496015,2026-08-16 08:00:00,451
9845159040,9854446182,2026-08-05 08:00:00,218
9813326769,9847135391,2026-08-08 08:00:00,340
9893303777,9871367643,2026-08-04 08:00:00,37
9881969657,9845159040,2026-08-12 08:00:00,241
9852101056,9833966966,2026-08-01 08:00:00,320
9888339168,9861700055,2026-08-12 08:00:00,299
9843704923,9825015458,2026-08-03 08:00:00,421
9845431319,9847393469,2026-08-06 08:00:00,488
9864543049,9882909480,2026-08-15 08:00:00,140
9833357554,9860888017,2026-08-13 08:00:00,397
9899038526,9896637649,2026-08-14 08:00:00,402
9838195995,9823796726,2026-08-13 08:00:00,455
9863121477,9841774346,2026-08-10 08:00:00,435
9828024248,9850308572,2026-08-15 08:00:00,55
9827778019,9875569635,2026-08-05 08:00:00,284
9878371272,9843704923,2026-08-13 08:00:00,336
9863481198,9857130035,2026-08-05 08:00:00,179
9850181935,9881969657,2026-08-10 08:00:00,20
9846553958,9899152472,2026-08-10 08:00:00,301
9895132217,9819317495,2026-08-06 08:00:00,465
9844999379,9880166708,2026-08-06 08:00:00,439
9863121477,9842787299,2026-08-10 08:00:00,409
9844188276,9815957459,2026-08-14 08:00:00,216
9850181935,9859555330,2026-08-02 08:00:00,218
9838195995,9899508850,2026-08-01 08:00:00,295
9868571795,9865259205,2026-08-13 08:00:00,337
9854769200,9849682169,2026-08-14 08:00:00,466
9827105448,9850308572,2026-08-15 08:00:00,99
9895511909,9899038359,2026-08-10 08:00:00,297
9885863473,9899889098,2026-08-08 08:00:00,176
9858884978,9824549543,2026-08-12 08:00:00,342
9878642041,9827778019,2026-08-05 08:00:00,346
9859555330,9838270233,2026-08-01 08:00:00,438
9850962024,9852436584,2026-08-12 08:00:00,218
9824549543,9854769200,2026-08-05 08:00:00,471
9833966966,9850181935,2026-08-14 08:00:00,184
9827105448,9854446182,2026-08-05 08:00:00,217
9814835614,9837326368,2026-08-12 08:00:00,288
9819736572,9861343880,2026-08-14 08:00:00,348
9830743797,9867887757,2026-08-13 08:00:00,303
9835921441,9823419256,2026-08-14 08:00:00,332
9847816686,9899038359,2026-08-01 08:00:00,297
9834073380,9815134794,2026-08-04 08:00:00,354
9868526649,9861343880,2026-08-07 08:00:00,423
9866851377,9836445607,2026-08-11 08:00:00,482
9882269803,9854769200,2026-08-09 08:00:00,441
9819317495,9815957459,2026-08-09 08:00:00,214
9811297845,9852133044,2026-08-08 08:00:00,310
9846553958,9835748341,2026-08-09 08:00:00,330
9871780854,9827105448,2026-08-06 08:00:00,254
9882269803,9842787299,2026-08-01 08:00:00,13
9845159040,9827558317,2026-08-14 08:00:00,317
9889795010,9845630292,2026-08-03 08:00:00,38
9853779528,9837326368,2026-08-13 08:00:00,267
9892613013,9838609087,2026-08-03 08:00:00,352
9819317495,9891363974,2026-08-11 08:00:00,431
9845059710,9888339168,2026-08-03 08:00:00,202
9866851377,9896098221,2026-08-09 08:00:00,51
9875569635,9867684996,2026-08-03 08:00:00,449
9810226999,9821003626,2026-08-02 08:00:00,242
9883227889,9815957459,2026-08-06 08:00:00,451
9867684996,9827778019,2026-08-07 08:00:00,456
9833357554,9830005727,2026-08-14 08:00:00,331
9844188276,9888339168,2026-08-12 08:00:00,122
9833763566,9824366125,2026-08-09 08:00:00,18
9854058573,9850603163,2026-08-15 08:00:00,316
9850962024,9889795010,2026-08-06 08:00:00,39
9882909480,9839854548,2026-08-05 08:00:00,381
9868326160,9837326368,2026-08-14 08:00:00,353
9886384014,9898588154,2026-08-05 08:00:00,186
9864543049,9810475894,2026-08-03 08:00:00,391
9839920292,9885863473,2026-08-16 08:00:00,482
9840547349,9888339168,2026-08-06 08:00:00,299
9899508850,9890070438,2026-08-03 08:00:00,403
9863121477,9892097999,2026-08-01 08:00:00,213
9856020613,9863643924,2026-08-09 08:00:00,44
9819317495,9865337219,2026-08-07 08:00:00,242
9842035886,9854318698,2026-08-05 08:00:00,498
9836445607,9820099059,2026-08-06 08:00:00,113
9823419256,9825480907,2026-08-04 08:00:00,249
9816818112,9831687165,2026-08-15 08:00:00,15
9893638503,9860888017,2026-08-04 08:00:00,50
9890070438,9899245317,2026-08-01 08:00:00,204
9824508349,9884411983,2026-08-14 08:00:00,131
9827558317,9858884978,2026-08-11 08:00:00,77
9856843172,9854058573,2026-08-12 08:00:00,202
9885146293,9844999379,2026-08-07 08:00:00,239
9838609087,9845159040,2026-08-10 08:00:00,167
9892097999,9814835614,2026-08-02 08:00:00,381
9852169044,9843704923,2026-08-11 08:00:00,34
9844188276,9830863865,2026-08-10 08:00:00,271
9813326769,9887388337,2026-08-14 08:00:00,151
9850962024,9873174945,2026-08-08 08:00:00,241
9893638503,9831172421,2026-08-09 08:00:00,435
9881969657,9830863865,2026-08-16 08:00:00,283
9880166708,9844188276,2026-08-15 08:00:00,389
9891178885,9845159040,2026-08-06 08:00:00,478
9882160068,9838609087,2026-08-01 08:00:00,436
9899245317,9833763566,2026-08-03 08:00:00,459
9839920292,9868812137,2026-08-06 08:00:00,62
9866267415,9819317495,2026-08-09 08:00:00,275
9831810617,9852169044,2026-08-11 08:00:00,386
9839920292,9843491314,2026-08-15 08:00:00,129
9893131979,9815134794,2026-08-08 08:00:00,457
9811297845,9878642041,2026-08-04 08:00:00,444
9827558317,9837415205,2026-08-11 08:00:00,219
9827105448,9877898694,2026-08-08 08:00:00,303
9882269803,9869302158,2026-08-01 08:00:00,262
9899508850,9868812137,2026-08-14 08:00:00,216
9831172421,9854769200,2026-08-15 08:00:00,254
9899508850,9811049999,2026-08-13 08:00:00,450
9891178885,9845496015,2026-08-13 08:00:00,275
9863121477,9861343880,2026-08-01 08:00:00,196
9837326368,9852436584,2026-08-13 08:00:00,286
9844188276,9879782527,2026-08-06 08:00:00,102
9842787299,9867684996,2026-08-12 08:00:00,177
9863643924,9885283645,2026-08-03 08:00:00,211
9819736572,9841774346,2026-08-12 08:00:00,17
9815957459,9856930359,2026-08-15 08:00:00,489
9881969657,9868526649,2026-08-09 08:00:00,217
9863481198,9852133044,2026-08-03 08:00:00,277
9867403166,9846553958,2026-08-06 08:00:00,47
9823796726,9823903144,2026-08-11 08:00:00,300
9830863865,9864813568,2026-08-02 08:00:00,295
9814835614,9813704481,2026-08-09 08:00:00,130
9848250360,9838195995,2026-08-10 08:00:00,411
9816818112,9864543049,2026-08-06 08:00:00,74
9858024342,9835511941,2026-08-02 08:00:00,497
9890070438,9833966966,2026-08-08 08:00:00,349
9811297845,9848250360,2026-08-09 08:00:00,269
9845431319,9815917225,2026-08-05 08:00:00,162
9826726926,9877898694,2026-08-03 08:00:00,341
9879782527,9850962024,2026-08-12 08:00:00,241
9866267415,9816818112,2026-08-15 08:00:00,424
9882269803,9858024342,2026-08-15 08:00:00,56
9820099059,9837415205,2026-08-08 08:00:00,468
9816818112,9825480907,2026-08-15 08:00:00,209
9898231132,9865337219,2026-08-06 08:00:00,23
9871367643,9869302158,2026-08-09 08:00:00,204
9863121477,9838609087,2026-08-03 08:00:00,378
9866267415,9824549543,2026-08-15 08:00:00,263
9891363974,9813704481,2026-08-16 08:00:00,206
9811297845,9852133044,2026-08-14 08:00:00,268
9891178885,9825492573,2026-08-05 08:00:00,438
9886384014,9899913412,2026-08-07 08:00:00,262
9895511909,9858024342,2026-08-11 08:00:00,358
9856020613,9852436584,2026-08-13 08:00:00,339
9882160068,9831172421,2026-08-08 08:00:00,198
9873174945,9851373735,2026-08-09 08:00:00,462
9827105448,9824549543,2026-08-12 08:00:00,396
9845630292,9819233013,2026-08-11 08:00:00,361
9864813568,9863481198,2026-08-02 08:00:00,25
9863643924,9885146293,2026-08-06 08:00:00,153
9811297845,9837415205,2026-08-11 08:00:00,446
9893303777,9830743797,2026-08-09 08:00:00,103
9856020613,9889795010,2026-08-15 08:00:00,313
9889795010,9865337219,2026-08-05 08:00:00,190
9891363974,9875569635,2026-08-06 08:00:00,336
9857130035,9885563727,2026-08-05 08:00:00,359
9813704481,9852462441,2026-08-09 08:00:00,414
9889795010,9884411983,2026-08-07 08:00:00,289
9823796726,9881969657,2026-08-11 08:00:00,217
9860888017,9884158663,2026-08-03 08:00:00,360
9831172421,9893370583,2026-08-06 08:00:00,282
9893131979,9877898694,2026-08-16 08:00:00,101
9887925434,9845630292,2026-08-06 08:00:00,304
9852169044,9868326160,2026-08-08 08:00:00,454
9833966966,9884411983,2026-08-11 08:00:00,281
9826726926,9868526649,2026-08-12 08:00:00,62
9842787299,9861700055,2026-08-04 08:00:00,296
9825015458,9889795010,2026-08-12 08:00:00,197
9845059710,9815917225,2026-08-16 08:00:00,275
9892097999,9840547349,2026-08-11 08:00:00,18
9891363974,9821003626,2026-08-16 08:00:00,405
9831172421,9847393469,2026-08-09 08:00:00,124
9866431351,9819317495,2026-08-10 08:00:00,331
9838195995,9854769200,2026-08-03 08:00:00,484
9824508349,9834073380,2026-08-16 08:00:00,94
9888339168,9865337219,2026-08-11 08:00:00,307
9845496015,9830743797,2026-08-02 08:00:00,54
9878371272,9877834855,2026-08-13 08:00:00,167
9854318698,9893370583,2026-08-10 08:00:00,242
9880166708,9893370583,2026-08-11 08:00:00,113
9880166708,9899038359,2026-08-06 08:00:00,197
9895132217,9847135391,2026-08-14 08:00:00,253
9845594597,9856020613,2026-08-04 08:00:00,131
9815134794,9839854548,2026-08-11 08:00:00,33
9864543049,9895132217,2026-08-09 08:00:00,497
9852133044,9851373735,2026-08-04 08:00:00,155
9846553958,9854318698,2026-08-02 08:00:00,407
9836786211,9837415205,2026-08-15 08:00:00,206
9871367643,9866851377,2026-08-04 08:00:00,366
9814835614,9856020613,2026-08-16 08:00:00,297
9811049999,9890070438,2026-08-05 08:00:00,397
9898231132,9866431351,2026-08-09 08:00:00,194
9886384014,9845496015,2026-08-12 08:00:00,215
9899245317,9823903144,2026-08-11 08:00:00,295
9815957459,9815134794,2026-08-14 08:00:00,39
9893370583,9846553958,2026-08-14 08:00:00,415
9838270233,9869302158,2026-08-15 08:00:00,153
9899514287,9860888017,2026-08-05 08:00:00,262
9896637649,9877898694,2026-08-11 08:00:00,389
9858884978,9824366125,2026-08-11 08:00:00,385
9868812137,9857469942,2026-08-12 08:00:00,417
9899913412,9882909480,2026-08-10 08:00:00,101
9899152472,9827566185,2026-08-10 08:00:00,500
9871367643,9854769200,2026-08-03 08:00:00,425
9833966966,9815134794,2026-08-11 08:00:00,23
9845650176,9866431351,2026-08-02 08:00:00,31
9865259205,9854585178,2026-08-12 08:00:00,337
9899889098,9868812137,2026-08-08 08:00:00,47
9845496015,9886384014,2026-08-04 08:00:00,419
9893370583,9899913412,2026-08-03 08:00:00,116
9866431351,9821003626,2026-08-11 08:00:00,256
9859597086,9827778019,2026-08-07 08:00:00,334
9885563727,9857469942,2026-08-06 08:00:00,359
9847463522,9850962024,2026-08-10 08:00:00,155
9827778019,9856020613,2026-08-13 08:00:00,207
9868812137,9895132217,2026-08-16 08:00:00,83
9891178885,9852101056,2026-08-08 08:00:00,226
9839854548,9833763566,2026-08-15 08:00:00,378
9845431319,9850308572,2026-08-14 08:00:00,86
9895511909,9866431351,2026-08-05 08:00:00,197
9827558317,9852462441,2026-08-06 08:00:00,480
9825521714,9847393469,2026-08-07 08:00:00,496
9843308443,9856020613,2026-08-07 08:00:00,422
9845810056,9825015458,2026-08-04 08:00:00,387
9845650176,9844999379,2026-08-03 08:00:00,74
9892613013,9826726926,2026-08-05 08:00:00,459
9815917225,9866431351,2026-08-10 08:00:00,329
9867887757,9811049999,2026-08-13 08:00:00,388
9815354599,9867887757,2026-08-08 08:00:00,222
9892097999,9839920292,2026-08-06 08:00:00,114
9825492573,9828024248,2026-08-15 08:00:00,186
9845059710,9813704481,2026-08-06 08:00:00,402
9850264926,9868326160,2026-08-03 08:00:00,350
9864813568,9837415205,2026-08-06 08:00:00,470
9884252420,9898231132,2026-08-15 08:00:00,174
9884158663,9895511909,2026-08-12 08:00:00,297
9866267415,9830743797,2026-08-16 08:00:00,79
9819233013,9865259205,2026-08-02 08:00:00,176
9844188276,9895132217,2026-08-03 08:00:00,271
9815957459,9858884978,2026-08-15 08:00:00,205
9841774346,9828024248,2026-08-08 08:00:00,383
9881969657,9889795010,2026-08-02 08:00:00,291
9815334035,9825492573,2026-08-15 08:00:00,71
9815917225,9850264926,2026-08-06 08:00:00,42
9849682169,9868526649,2026-08-07 08:00:00,111
9830005727,9825492573,2026-08-07 08:00:00,484
9850181935,9884437458,2026-08-06 08:00:00,499
9827105448,9893370583,2026-08-06 08:00:00,98
9865259205,9895125977,2026-08-07 08:00:00,389
9829876811,9852169044,2026-08-04 08:00:00,385
9815134794,9893370583,2026-08-03 08:00:00,337
9899639081,9845496015,2026-08-05 08:00:00,131
9860888017,9893370583,2026-08-12 08:00:00,369
9878642041,9895125977,2026-08-07 08:00:00,173
9810475894,9854585178,2026-08-09 08:00:00,223
9885146293,9839920292,2026-08-15 08:00:00,387
9880993218,9854058573,2026-08-08 08:00:00,92
9889795010,9845431319,2026-08-08 08:00:00,492
9815614174,9823796726,2026-08-11 08:00:00,143
9878064830,9895125977,2026-08-16 08:00:00,322
9825492573,9885863473,2026-08-04 08:00:00,102
9839854548,9890070438,2026-08-15 08:00:00,11
9882160068,9823796726,2026-08-06 08:00:00,235
9843308443,9899245317,2026-08-02 08:00:00,179
9857130035,9845159040,2026-08-15 08:00:00,398
9856020613,9891178885,2026-08-04 08:00:00,119
9839920292,9825015458,2026-08-11 08:00:00,80
9843704923,9810475894,2026-08-08 08:00:00,76
9852133044,9827105448,2026-08-04 08:00:00,78
9878371272,9830863865,2026-08-02 08:00:00,290
9844999379,9845810056,2026-08-02 08:00:00,462
9813326769,9892097999,2026-08-16 08:00:00,320
9868526649,9856843172,2026-08-15 08:00:00,188
9868526649,9877834855,2026-08-12 08:00:00,351
9827558317,9820099059,2026-08-06 08:00:00,131
9833763566,9813704481,2026-08-13 08:00:00,483
9811049999,9882269803,2026-08-02 08:00:00,113
9864543049,9824366125,2026-08-10 08:00:00,130
9845630292,9815917225,2026-08-03 08:00:00,427
9821003626,9824508349,2026-08-15 08:00:00,44
9823419256,9899245317,2026-08-07 08:00:00,456
9845594597,9823796726,2026-08-03 08:00:00,21
9863121477,9852133044,2026-08-06 08:00:00,408
9845594597,9868812137,2026-08-12 08:00:00,349
9845059710,9867887757,2026-08-10 08:00:00,111
9898231132,9858942697,2026-08-07 08:00:00,39
9891363974,9865337219,2026-08-01 08:00:00,305
9815197528,9850264926,2026-08-03 08:00:00,117
9868526649,9814835614,2026-08-16 08:00:00,57
9826726926,9853779528,2026-08-05 08:00:00,213
9888339168,9885563727,2026-08-05 08:00:00,384
9852133044,9853779528,2026-08-07 08:00:00,90
9854769200,9868526649,2026-08-15 08:00:00,219
9856843172,9882269803,2026-08-05 08:00:00,37
9853779528,9826726926,2026-08-03 08:00:00,69
9824508349,9819233013,2026-08-13 08:00:00,63
9886384014,9815334035,2026-08-02 08:00:00,71
9895132217,9884045292,2026-08-02 08:00:00,238
9845650176,9885863473,2026-08-11 08:00:00,348
9880993218,9866851377,2026-08-15 08:00:00,487
9857130035,9865337219,2026-08-07 08:00:00,28
9875569635,9823796726,2026-08-07 08:00:00,230
9819233013,9877898694,2026-08-07 08:00:00,284
9822388090,9824549543,2026-08-06 08:00:00,243
9867403166,9845159040,2026-08-10 08:00:00,407
9827778019,9881969657,2026-08-05 08:00:00,401
9850962024,9837415205,2026-08-04 08:00:00,56
9850962024,9815614174,2026-08-13 08:00:00,330
9856020613,9823903144,2026-08-11 08:00:00,450
9815354599,9895125977,2026-08-11 08:00:00,78
9852133044,9898588154,2026-08-10 08:00:00,202
9827566185,9864543049,2026-08-07 08:00:00,368
9878371272,9884252420,2026-08-13 08:00:00,439
9819391725,9852462441,2026-08-01 08:00:00,422
9847135391,9825492573,2026-08-12 08:00:00,75
9863121477,9833966966,2026-08-16 08:00:00,431
9864543049,9815957459,2026-08-04 08:00:00,127
9864813568,9854769200,2026-08-05 08:00:00,151
9844999379,9857469942,2026-08-12 08:00:00,291
9893370583,9811297845,2026-08-12 08:00:00,208
9854585178,9837326368,2026-08-05 08:00:00,118
9845059710,9884158663,2026-08-03 08:00:00,464
9880993218,9863121477,2026-08-05 08:00:00,23
9844188276,9834073380,2026-08-02 08:00:00,226
9885146293,9813176186,2026-08-06 08:00:00,255
9842035886,9810475894,2026-08-16 08:00:00,152
9811049999,9860888017,2026-08-02 08:00:00,236
9879782527,9848250360,2026-08-14 08:00:00,451
9814835614,9815614174,2026-08-14 08:00:00,126
9886384014,9827566185,2026-08-10 08:00:00,281
9867403166,9880166708,2026-08-11 08:00:00,173
9884158663,9885283645,2026-08-01 08:00:00,123
9899508850,9825015458,2026-08-10 08:00:00,26
9857130035,9811049999,2026-08-04 08:00:00,18
9871367643,9813176186,2026-08-13 08:00:00,499
9891178885,9850181935,2026-08-15 08:00:00,198
9857469942,9854585178,2026-08-03 08:00:00,199
9830005727,9814835614,2026-08-12 08:00:00,200
9850962024,9857469942,2026-08-06 08:00:00,494
9857130035,9878064830,2026-08-16 08:00:00,440
9880166708,9823903144,2026-08-09 08:00:00,246
9897775215,9852436584,2026-08-04 08:00:00,32
9810475894,9811049999,2026-08-04 08:00:00,418
9827558317,9885146293,2026-08-02 08:00:00,116
9845059710,9810226999,2026-08-14 08:00:00,293
9899889098,9847463522,2026-08-15 08:00:00,214
9858942697,9837326368,2026-08-03 08:00:00,260
9899245317,9857469942,2026-08-02 08:00:00,288
9822388090,9827084279,2026-08-04 08:00:00,425
9845594597,9858884978,2026-08-12 08:00:00,239
9880166708,9861343880,2026-08-01 08:00:00,454
9884045292,9880166708,2026-08-11 08:00:00,370
9811049999,9851511484,2026-08-03 08:00:00,110
9856397338,9871780854,2026-08-14 08:00:00,241
9881969657,9857130035,2026-08-02 08:00:00,246
9882909480,9899889098,2026-08-11 08:00:00,50
9888339168,9847393469,2026-08-12 08:00:00,281
9858942697,9839920292,2026-08-10 08:00:00,112
9825480907,9845810056,2026-08-04 08:00:00,370
9865337219,9845059710,2026-08-01 08:00:00,299
9897775215,9815334035,2026-08-12 08:00:00,282
9866851377,9819736572,2026-08-12 08:00:00,238
9815134794,9896637649,2026-08-14 08:00:00,315
9878064830,9891178885,2026-08-01 08:00:00,114
9854769200,9859555330,2026-08-01 08:00:00,180
9865337219,9858884978,2026-08-07 08:00:00,320
9868326160,9885283645,2026-08-15 08:00:00,482
9811250299,9897775215,2026-08-13 08:00:00,233
9852133044,9831687165,2026-08-12 08:00:00,309
9819391725,9856020613,2026-08-08 08:00:00,435
9823903144,9899508850,2026-08-16 08:00:00,19
9859597086,9896098221,2026-08-09 08:00:00,216
9815197528,9857469942,2026-08-04 08:00:00,169
9835511941,9866267415,2026-08-01 08:00:00,396
9843308443,9853779528,2026-08-02 08:00:00,238
9868812137,9819832887,2026-08-15 08:00:00,73
9878064830,9858024342,2026-08-01 08:00:00,393
9884437458,9892097999,2026-08-08 08:00:00,288
9864009265,9828024248,2026-08-03 08:00:00,430
9825492573,9850181935,2026-08-09 08:00:00,303
9852436584,9836445607,2026-08-08 08:00:00,351
9825015458,9819391725,2026-08-11 08:00:00,411
9845810056,9871780854,2026-08-09 08:00:00,322
9826726926,9899152472,2026-08-02 08:00:00,423
9868812137,9899514287,2026-08-16 08:00:00,485
9830863865,9826726926,2026-08-16 08:00:00,337
9842787299,9815917225,2026-08-03 08:00:00,111
9851511484,9814835614,2026-08-15 08:00:00,360
9854769200,9815197528,2026-08-13 08:00:00,318
9810475894,9895511909,2026-08-10 08:00:00,62
9829876811,9819233013,2026-08-04 08:00:00,86
9899038359,9819832887,2026-08-10 08:00:00,497
9888339168,9819832887,2026-08-16 08:00:00,302
9830743797,9857130035,2026-08-08 08:00:00,435
9845810056,9837326368,2026-08-11 08:00:00,233
9815334035,9877834855,2026-08-10 08:00:00,308
9863481198,9853779528,2026-08-15 08:00:00,423
9822388090,9843308443,2026-08-09 08:00:00,94
9848250360,9824549543,2026-08-05 08:00:00,23
9847135391,9856843172,2026-08-02 08:00:00,273
9849682169,9811297845,2026-08-06 08:00:00,64
9854318698,9829876811,2026-08-02 08:00:00,440
9885283645,9824549543,2026-08-01 08:00:00,332
9824549543,9866267415,2026-08-09 08:00:00,58
9816818112,9879782527,2026-08-08 08:00:00,199
9868526649,9899508850,2026-08-15 08:00:00,471
9861343880,9824508349,2026-08-03 08:00:00,237
9815614174,9843491314,2026-08-10 08:00:00,485
9824549543,9856397338,2026-08-01 08:00:00,427
9847816686,9816818112,2026-08-13 08:00:00,467
9884158663,9899639081,2026-08-05 08:00:00,92
9893131979,9854769200,2026-08-15 08:00:00,494
9820099059,9827778019,2026-08-08 08:00:00,302
9850603163,9861700055,2026-08-12 08:00:00,234
9815354599,9811297845,2026-08-06 08:00:00,41
9845059710,9884158663,2026-08-02 08:00:00,224
9868571795,9899913412,2026-08-16 08:00:00,351
9867887757,9815334035,2026-08-07 08:00:00,204
9850181935,9879782527,2026-08-10 08:00:00,314
9868326160,9867887757,2026-08-03 08:00:00,488
9885283645,9856397338,2026-08-16 08:00:00,355
9814835614,9831367172,2026-08-06 08:00:00,317
9858884978,9857469942,2026-08-05 08:00:00,247
9885863473,9882269803,2026-08-13 08:00:00,306
9858884978,9898231132,2026-08-02 08:00:00,146
9813326769,9868812137,2026-08-12 08:00:00,127
9882909480,9854769200,2026-08-09 08:00:00,473
9854318698,9843704923,2026-08-14 08:00:00,67
9836786211,9815134794,2026-08-02 08:00:00,263
9828024248,9850308572,2026-08-08 08:00:00,100
9819832887,9850962024,2026-08-08 08:00:00,180
9885863473,9835921441,2026-08-12 08:00:00,64
9863121477,9849682169,2026-08-13 08:00:00,103
9845431319,9833763566,2026-08-02 08:00:00,463
9890070438,9831810617,2026-08-10 08:00:00,437
9891363974,9835921441,2026-08-13 08:00:00,289
9857130035,9884045292,2026-08-09 08:00:00,489
9891363974,9815134794,2026-08-01 08:00:00,146
9869302158,9856397338,2026-08-10 08:00:00,87
9819391725,9830005727,2026-08-01 08:00:00,88
9859555330,9877898694,2026-08-04 08:00:00,207
9844188276,9885283645,2026-08-12 08:00:00,306
9893131979,9878642041,2026-08-14 08:00:00,150
9811297845,9816818112,2026-08-05 08:00:00,10
9899152472,9823796726,2026-08-08 08:00:00,146
9813704481,9825480907,2026-08-08 08:00:00,324
9871780854,9897775215,2026-08-05 08:00:00,142
9830863865,9898231132,2026-08-05 08:00:00,395
9856020613,9830005727,2026-08-03 08:00:00,227
9815614174,9838195995,2026-08-03 08:00:00,55
9899514287,9847816686,2026-08-07 08:00:00,434
9824508349,9868812137,2026-08-08 08:00:00,193
9824549543,9838270233,2026-08-06 08:00:00,430
9893638503,9882909480,2026-08-14 08:00:00,65
9842035886,9847135391,2026-08-16 08:00:00,378
9883227889,9852436584,2026-08-11 08:00:00,105
9857130035,9813326769,2026-08-09 08:00:00,174
9810475894,9856397338,2026-08-04 08:00:00,215
9856930359,9863121477,2026-08-01 08:00:00,475
9860888017,9813176186,2026-08-09 08:00:00,394
9899639081,9854058573,2026-08-05 08:00:00,144
9885146293,9871367643,2026-08-04 08:00:00,229
9899913412,9867403166,2026-08-02 08:00:00,456
9819317495,9851373735,2026-08-10 08:00:00,150
9827105448,9863481198,2026-08-14 08:00:00,215
9819391725,9850264926,2026-08-16 08:00:00,469
9895511909,9819391725,2026-08-05 08:00:00,368
9884158663,9898588154,2026-08-02 08:00:00,289
9811297845,9845594597,2026-08-01 08:00:00,453
9825480907,9851511484,2026-08-05 08:00:00,59
9831367172,9831687165,2026-08-15 08:00:00,148
9829876811,9827084279,2026-08-04 08:00:00,413
9842787299,9893370583,2026-08-06 08:00:00,480
9889795010,9866267415,2026-08-13 08:00:00,494
9892097999,9816818112,2026-08-14 08:00:00,325
9824549543,9871510041,2026-08-08 08:00:00,367
9843704923,9830863865,2026-08-15 08:00:00,169
9861700055,9819233013,2026-08-10 08:00:00,362
9867887757,9893370583,2026-08-11 08:00:00,311
9884158663,9836445607,2026-08-02 08:00:00,66
9885146293,9871367643,2026-08-05 08:00:00,379
9899038526,9819736572,2026-08-06 08:00:00,39
9868526649,9863121477,2026-08-16 08:00:00,194
9857130035,9851373735,2026-08-13 08:00:00,465
9833966966,9813326769,2026-08-12 08:00:00,68
9847816686,9868571795,2026-08-03 08:00:00,226
9831172421,9845594597,2026-08-02 08:00:00,126
9898588154,9871510041,2026-08-13 08:00:00,116
9831810617,9836445607,2026-08-08 08:00:00,220
9825015458,9815917225,2026-08-05 08:00:00,61
9827558317,9843704923,2026-08-09 08:00:00,177
9893303777,9899038526,2026-08-02 08:00:00,204
9819832887,9866431351,2026-08-02 08:00:00,22
9898588154,9884437458,2026-08-10 08:00:00,423
9845650176,9899514287,2026-08-09 08:00:00,101
9888339168,9875569635,2026-08-13 08:00:00,202
9831172421,9858942697,2026-08-14 08:00:00,230
9891178885,9829876811,2026-08-02 08:00:00,177
9897775215,9892097999,2026-08-06 08:00:00,17
9835748341,9836445607,2026-08-14 08:00:00,452
9878371272,9839920292,2026-08-15 08:00:00,184
9871510041,9827105448,2026-08-15 08:00:00,410
9854585178,9864009265,2026-08-11 08:00:00,123
9819317495,9861700055,2026-08-01 08:00:00,227
9886384014,9878642041,2026-08-12 08:00:00,142
9868326160,9819233013,2026-08-05 08:00:00,447
9885563727,9882160068,2026-08-14 08:00:00,182
9899508850,9845431319,2026-08-02 08:00:00,65
9830863865,9867684996,2026-08-11 08:00:00,319
9826726926,9823419256,2026-08-08 08:00:00,483
9873174945,9815354599,2026-08-14 08:00:00,92
9882160068,9854769200,2026-08-06 08:00:00,87
9875569635,9815334035,2026-08-15 08:00:00,229
9898231132,9833966966,2026-08-16 08:00:00,169
9825480907,9845650176,2026-08-11 08:00:00,323
9843308443,9845630292,2026-08-01 08:00:00,63
9831687165,9837415205,2026-08-09 08:00:00,373
9847463522,9867887757,2026-08-12 08:00:00,476
9899152472,9878064830,2026-08-13 08:00:00,40
9866431351,9893131979,2026-08-01 08:00:00,65
9868571795,9868812137,2026-08-13 08:00:00,256
9882909480,9854058573,2026-08-05 08:00:00,110
9831687165,9845810056,2026-08-12 08:00:00,237
9822388090,9831367172,2026-08-15 08:00:00,79
9825492573,9883227889,2026-08-09 08:00:00,446
9860888017,9833763566,2026-08-14 08:00:00,48
9861343880,9845594597,2026-08-04 08:00:00,480
9860888017,9873174945,2026-08-07 08:00:00,280
9878064830,9899889098,2026-08-16 08:00:00,185
9899889098,9848250360,2026-08-12 08:00:00,366
9868812137,9845594597,2026-08-13 08:00:00,453
9882269803,9813704481,2026-08-02 08:00:00,246
9828024248,9884252420,2026-08-06 08:00:00,198
9892097999,9827558317,2026-08-06 08:00:00,168
9827566185,9885146293,2026-08-08 08:00:00,267
9893370583,9878064830,2026-08-12 08:00:00,418
9882269803,9830743797,2026-08-02 08:00:00,26
9819736572,9815134794,2026-08-09 08:00:00,166
9884437458,9825521714,2026-08-10 08:00:00,343
9856843172,9877898694,2026-08-05 08:00:00,455
9865337219,9838609087,2026-08-04 08:00:00,81
9819317495,9865259205,2026-08-15 08:00:00,156
9846553958,9871510041,2026-08-16 08:00:00,359
9895132217,9843491314,2026-08-03 08:00:00,240
9850603163,9815957459,2026-08-13 08:00:00,401
9893638503,9878642041,2026-08-10 08:00:00,340
9850308572,9819736572,2026-08-06 08:00:00,260
9852169044,9827105448,2026-08-07 08:00:00,454
9810475894,9871510041,2026-08-13 08:00:00,360
9852169044,9847816686,2026-08-16 08:00:00,191
9882909480,9822388090,2026-08-02 08:00:00,420
9843308443,9826726926,2026-08-13 08:00:00,136
9871780854,9811250299,2026-08-11 08:00:00,375
9885563727,9819317495,2026-08-02 08:00:00,207
9826726926,9899889098,2026-08-11 08:00:00,378
9816818112,9899152472,2026-08-05 08:00:00,146
9838195995,9899889098,2026-08-11 08:00:00,444
9899889098,9854585178,2026-08-01 08:00:00,28
9899508850,9885563727,2026-08-04 08:00:00,273
9843308443,9825492573,2026-08-13 08:00:00,235
9868571795,9861700055,2026-08-10 08:00:00,273
9843308443,9857469942,2026-08-12 08:00:00,98
9824366125,9811250299,2026-08-09 08:00:00,479
9858884978,9813176186,2026-08-09 08:00:00,144
9815134794,9873174945,2026-08-07 08:00:00,429
9813704481,9813176186,2026-08-03 08:00:00,253
9890070438,9895132217,2026-08-07 08:00:00,240
9896637649,9828024248,2026-08-04 08:00:00,17
9850308572,9868526649,2026-08-11 08:00:00,133
9850308572,9898588154,2026-08-04 08:00:00,85
9871510041,9864813568,2026-08-09 08:00:00,457
9871510041,9810226999,2026-08-13 08:00:00,421
9838195995,9863481198,2026-08-14 08:00:00,310
9866851377,9827558317,2026-08-05 08:00:00,463
9837326368,9852101056,2026-08-02 08:00:00,166
9836445607,9834073380,2026-08-05 08:00:00,438
9898231132,9881969657,2026-08-09 08:00:00,439
9869302158,9831172421,2026-08-05 08:00:00,139
9835921441,9842035886,2026-08-02 08:00:00,424
9854318698,9845594597,2026-08-13 08:00:00,373
9878064830,9845810056,2026-08-09 08:00:00,77
9893638503,9810475894,2026-08-08 08:00:00,313
9869302158,9899245317,2026-08-08 08:00:00,131
9863481198,9881969657,2026-08-05 08:00:00,67
9815917225,9841774346,2026-08-16 08:00:00,25
9889795010,9885283645,2026-08-07 08:00:00,98
9827084279,9827558317,2026-08-02 08:00:00,374
9895125977,9810475894,2026-08-07 08:00:00,95
9861343880,9885146293,2026-08-02 08:00:00,427
9853779528,9822388090,2026-08-06 08:00:00,127
9845810056,9852436584,2026-08-01 08:00:00,42
9833966966,9827778019,2026-08-13 08:00:00,246
9897775215,9819233013,2026-08-04 08:00:00,33
9827105448,9856397338,2026-08-16 08:00:00,376
9840547349,9885146293,2026-08-01 08:00:00,290
9879782527,9875569635,2026-08-07 08:00:00,200
9840547349,9867887757,2026-08-10 08:00:00,41
9885863473,9845496015,2026-08-10 08:00:00,485
9899913412,9867403166,2026-08-08 08:00:00,338
9879782527,9868812137,2026-08-02 08:00:00,412
9834073380,9858942697,2026-08-14 08:00:00,410
9882269803,9864009265,2026-08-05 08:00:00,109
9836445607,9835748341,2026-08-14 08:00:00,453
9868812137,9836445607,2026-08-04 08:00:00,27
9852436584,9865337219,2026-08-01 08:00:00,244
9882269803,9868326160,2026-08-06 08:00:00,11
9825521714,9824366125,2026-08-11 08:00:00,497
9880993218,9868812137,2026-08-13 08:00:00,234
9838609087,9835511941,2026-08-01 08:00:00,472
9852101056,9813326769,2026-08-14 08:00:00,231
9858884978,9845630292,2026-08-14 08:00:00,147
9867887757,9847816686,2026-08-01 08:00:00,473
9815917225,9889795010,2026-08-12 08:00:00,163
9854318698,9825015458,2026-08-03 08:00:00,370
9842787299,9850962024,2026-08-01 08:00:00,423
9839854548,9811297845,2026-08-11 08:00:00,61
9825480907,9871367643,2026-08-09 08:00:00,405
9895132217,9850264926,2026-08-02 08:00:00,277
9871367643,9822388090,2026-08-12 08:00:00,405
9859555330,9893131979,2026-08-07 08:00:00,230
9831810617,9854446182,2026-08-07 08:00:00,160
9828024248,9844188276,2026-08-13 08:00:00,283
9885863473,9863481198,2026-08-13 08:00:00,91
9845630292,9826726926,2026-08-15 08:00:00,411
9822388090,9866851377,2026-08-08 08:00:00,286
9848250360,9810475894,2026-08-04 08:00:00,251
9866851377,9831172421,2026-08-16 08:00:00,410
9871367643,9847816686,2026-08-12 08:00:00,25
9825521714,9814835614,2026-08-14 08:00:00,102
9813176186,9864813568,2026-08-03 08:00:00,301
9864813568,9835921441,2026-08-01 08:00:00,364
9898588154,9845496015,2026-08-05 08:00:00,21
9854318698,9886384014,2026-08-14 08:00:00,461
9899508850,9837326368,2026-08-12 08:00:00,242
9867684996,9827778019,2026-08-06 08:00:00,204
9822388090,9899639081,2026-08-03 08:00:00,293
9866431351,9893131979,2026-08-12 08:00:00,488
9823903144,9847816686,2026-08-15 08:00:00,194
9856930359,9856397338,2026-08-11 08:00:00,500
9854769200,9849682169,2026-08-16 08:00:00,243
9845431319,9896637649,2026-08-03 08:00:00,353
9895511909,9823903144,2026-08-16 08:00:00,161
9840547349,9890070438,2026-08-06 08:00:00,411
9838609087,9887388337,2026-08-05 08:00:00,153
9867887757,9826726926,2026-08-13 08:00:00,491
9823903144,9897775215,2026-08-09 08:00:00,100
9899245317,9844188276,2026-08-16 08:00:00,181
9827558317,9868812137,2026-08-03 08:00:00,240
9873174945,9825015458,2026-08-09 08:00:00,379
9843491314,9878371272,2026-08-09 08:00:00,479
9886384014,9881969657,2026-08-12 08:00:00,358
9875569635,9893303777,2026-08-16 08:00:00,436
9813326769,9899913412,2026-08-14 08:00:00,409
9861700055,9827566185,2026-08-01 08:00:00,442
9895125977,9844188276,2026-08-05 08:00:00,442
9878371272,9891178885,2026-08-01 08:00:00,373
9895125977,9864543049,2026-08-02 08:00:00,42
9867684996,9825480907,2026-08-08 08:00:00,483
9896637649,9887925434,2026-08-14 08:00:00,150
9873174945,9849682169,2026-08-06 08:00:00,118
9845650176,9824366125,2026-08-16 08:00:00,100
9899152472,9899245317,2026-08-11 08:00:00,464
9884045292,9824366125,2026-08-01 08:00:00,39
9854318698,9819832887,2026-08-06 08:00:00,92
9852101056,9892097999,2026-08-15 08:00:00,133
9867887757,9845650176,2026-08-14 08:00:00,47
9845630292,9811297845,2026-08-12 08:00:00,13
9834073380,9819391725,2026-08-02 08:00:00,412
9884252420,9859555330,2026-08-02 08:00:00,56
9853779528,9895125977,2026-08-12 08:00:00,10
9891363974,9837415205,2026-08-15 08:00:00,463
9880166708,9841774346,2026-08-03 08:00:00,171
9882160068,9815134794,2026-08-03 08:00:00,392
9813326769,9880993218,2026-08-12 08:00:00,126
9850603163,9873174945,2026-08-05 08:00:00,112
9813326769,9859597086,2026-08-15 08:00:00,46
9848250360,9814835614,2026-08-11 08:00:00,358
9822388090,9866431351,2026-08-16 08:00:00,141
9899508850,9884437458,2026-08-03 08:00:00,459
9861700055,9823796726,2026-08-10 08:00:00,297
9882909480,9893370583,2026-08-10 08:00:00,126
9815917225,9844188276,2026-08-15 08:00:00,221
9814835614,9810475894,2026-08-07 08:00:00,452
9829876811,9823419256,2026-08-05 08:00:00,314
9811250299,9824366125,2026-08-16 08:00:00,402
9853779528,9829876811,2026-08-03 08:00:00,329
9884045292,9827558317,2026-08-05 08:00:00,252
9892613013,9835748341,2026-08-03 08:00:00,119
9846553958,9885863473,2026-08-03 08:00:00,28
9884158663,9856930359,2026-08-02 08:00:00,88
9836786211,9815957459,2026-08-13 08:00:00,123
9868526649,9815334035,2026-08-03 08:00:00,249
9875569635,9847135391,2026-08-12 08:00:00,234
9811250299,9856020613,2026-08-08 08:00:00,182
9852133044,9831810617,2026-08-02 08:00:00,217
9831367172,9816818112,2026-08-14 08:00:00,29
9880993218,9815134794,2026-08-15 08:00:00,109
9868812137,9854446182,2026-08-08 08:00:00,377
9878064830,9899514287,2026-08-07 08:00:00,290
9899639081,9837415205,2026-08-11 08:00:00,419
9899889098,9819233013,2026-08-10 08:00:00,217
9823903144,9811297845,2026-08-02 08:00:00,179
9856930359,9873174945,2026-08-15 08:00:00,427
9830005727,9858942697,2026-08-02 08:00:00,211
9813176186,9839854548,2026-08-11 08:00:00,190
9831687165,9878371272,2026-08-13 08:00:00,91
9893638503,9850181935,2026-08-06 08:00:00,383
9815354599,9898588154,2026-08-02 08:00:00,286
9856930359,9864009265,2026-08-11 08:00:00,64
9871780854,9854058573,2026-08-10 08:00:00,384
9827105448,9845159040,2026-08-04 08:00:00,465
9842035886,9847463522,2026-08-03 08:00:00,61
9851511484,9863121477,2026-08-13 08:00:00,58
9899038526,9868526649,2026-08-01 08:00:00,82
9835511941,9875569635,2026-08-15 08:00:00,359
9845630292,9873174945,2026-08-06 08:00:00,96
9885563727,9845059710,2026-08-13 08:00:00,377
9895132217,9825521714,2026-08-08 08:00:00,171
9830743797,9851373735,2026-08-03 08:00:00,359
9837415205,9852436584,2026-08-03 08:00:00,351
9845650176,9815334035,2026-08-15 08:00:00,471
9836445607,9850181935,2026-08-12 08:00:00,456
9811049999,9815354599,2026-08-06 08:00:00,450
9815197528,9893131979,2026-08-02 08:00:00,50
9899913412,9824508349,2026-08-11 08:00:00,119
9884045292,9815334035,2026-08-12 08:00:00,418
9884437458,9868526649,2026-08-09 08:00:00,235
9885563727,9895132217,2026-08-11 08:00:00,26
9850603163,9850962024,2026-08-02 08:00:00,499
9854058573,9847463522,2026-08-15 08:00:00,370
9844999379,9886384014,2026-08-15 08:00:00,314
9854446182,9888339168,2026-08-12 08:00:00,372
9880993218,9814835614,2026-08-12 08:00:00,339
9827105448,9842035886,2026-08-03 08:00:00,34
9815354599,9889795010,2026-08-10 08:00:00,500
9819736572,9838195995,2026-08-07 08:00:00,165
9846553958,9884045292,2026-08-01 08:00:00,114
9852101056,9843704923,2026-08-04 08:00:00,11
9824366125,9884252420,2026-08-05 08:00:00,490
9859597086,9847135391,2026-08-14 08:00:00,33
9861700055,9891363974,2026-08-10 08:00:00,42
9847816686,9811297845,2026-08-10 08:00:00,330
9871367643,9887388337,2026-08-08 08:00:00,344
9877898694,9871367643,2026-08-06 08:00:00,289
9820099059,9823419256,2026-08-08 08:00:00,475
9893303777,9868526649,2026-08-11 08:00:00,85
9813326769,9813176186,2026-08-13 08:00:00,46
9859597086,9811049999,2026-08-14 08:00:00,259
9863481198,9895125977,2026-08-01 08:00:00,339
9864543049,9830863865,2026-08-14 08:00:00,492
9854446182,9811049999,2026-08-03 08:00:00,289
9845630292,9825492573,2026-08-15 08:00:00,254
9892097999,9813326769,2026-08-08 08:00:00,255
9899152472,9830743797,2026-08-05 08:00:00,376
9899038359,9824549543,2026-08-07 08:00:00,301
9847393469,9854585178,2026-08-12 08:00:00,451
9842787299,9815614174,2026-08-01 08:00:00,211
9839920292,9849682169,2026-08-13 08:00:00,398
9885283645,9856930359,2026-08-11 08:00:00,14
9899038359,9899245317,2026-08-12 08:00:00,434
9815354599,9847816686,2026-08-16 08:00:00,118
9819233013,9836445607,2026-08-09 08:00:00,76
9889795010,9882160068,2026-08-10 08:00:00,64
9849682169,9871510041,2026-08-09 08:00:00,104
9833357554,9811049999,2026-08-06 08:00:00,348
9823796726,9899508850,2026-08-05 08:00:00,122
9884411983,9854585178,2026-08-11 08:00:00,448
9887388337,9843308443,2026-08-01 08:00:00,387
9859597086,9823796726,2026-08-02 08:00:00,339
9831810617,9819736572,2026-08-02 08:00:00,192
9878642041,9866431351,2026-08-14 08:00:00,271
9878064830,9878642041,2026-08-01 08:00:00,87
9853779528,9854318698,2026-08-13 08:00:00,211
9830005727,9884411983,2026-08-05 08:00:00,325
9866431351,9850962024,2026-08-11 08:00:00,500
9864813568,9856930359,2026-08-15 08:00:00,175
9850181935,9882160068,2026-08-03 08:00:00,97
9814835614,9810226999,2026-08-14 08:00:00,169
9860888017,9830863865,2026-08-02 08:00:00,128
9888183110,9831810617,2026-08-06 08:00:00,418
9815354599,9833966966,2026-08-05 08:00:00,244
9825521714,9836786211,2026-08-06 08:00:00,49
9811250299,9851511484,2026-08-15 08:00:00,465
9845059710,9833966966,2026-08-05 08:00:00,10
9830005727,9853779528,2026-08-03 08:00:00,420
9823419256,9899245317,2026-08-08 08:00:00,375
9882269803,9854446182,2026-08-01 08:00:00,102
9844999379,9848250360,2026-08-06 08:00:00,60
9815917225,9826726926,2026-08-06 08:00:00,44
9836786211,9856020613,2026-08-04 08:00:00,277
9823796726,9839920292,2026-08-01 08:00:00,361
9878371272,9850181935,2026-08-04 08:00:00,232
9880166708,9846553958,2026-08-04 08:00:00,267
9897775215,9847135391,2026-08-12 08:00:00,180
9831687165,9845594597,2026-08-11 08:00:00,301
9895511909,9851511484,2026-08-16 08:00:00,95
9896637649,9852101056,2026-08-04 08:00:00,205
9810475894,9827084279,2026-08-02 08:00:00,372
9888339168,9882269803,2026-08-11 08:00:00,479
9845496015,9898231132,2026-08-07 08:00:00,44
9854446182,9835921441,2026-08-05 08:00:00,270
9843704923,9898231132,2026-08-06 08:00:00,421
9856397338,9858942697,2026-08-11 08:00:00,461
9835748341,9873174945,2026-08-04 08:00:00,273
9823903144,9852169044,2026-08-16 08:00:00,93
9852436584,9873174945,2026-08-06 08:00:00,292
9847135391,9871367643,2026-08-10 08:00:00,284
9827566185,9866267415,2026-08-08 08:00:00,79
9824549543,9865259205,2026-08-02 08:00:00,139
9854318698,9824366125,2026-08-09 08:00:00,259
9824366125,9884437458,2026-08-07 08:00:00,384
9886384014,9895511909,2026-08-04 08:00:00,43
9831810617,9813176186,2026-08-07 08:00:00,368
9815354599,9863643924,2026-08-05 08:00:00,386
9866267415,9810226999,2026-08-01 08:00:00,75
9858024342,9885563727,2026-08-07 08:00:00,35
9858942697,9882909480,2026-08-05 08:00:00,122
9825492573,9850603163,2026-08-16 08:00:00,193
9827566185,9851373735,2026-08-04 08:00:00,134
9893303777,9825492573,2026-08-07 08:00:00,31
9815957459,9893131979,2026-08-05 08:00:00,267
9867887757,9815197528,2026-08-11 08:00:00,463
9888339168,9883227889,2026-08-09 08:00:00,212
9865337219,9852436584,2026-08-02 08:00:00,186
9825492573,9898588154,2026-08-08 08:00:00,488
9850603163,9864813568,2026-08-15 08:00:00,192
9830863865,9833357554,2026-08-04 08:00:00,322
9871510041,9842787299,2026-08-05 08:00:00,403
9847816686,9868526649,2026-08-01 08:00:00,343
9899245317,9899038526,2026-08-03 08:00:00,222
9831172421,9868526649,2026-08-03 08:00:00,250
9899514287,9835921441,2026-08-02 08:00:00,450
9885283645,9833357554,2026-08-07 08:00:00,71
9827105448,9892097999,2026-08-08 08:00:00,441
9852462441,9811297845,2026-08-09 08:00:00,44
9895132217,9845630292,2026-08-13 08:00:00,93
9852133044,9863481198,2026-08-03 08:00:00,420
9892613013,9854769200,2026-08-14 08:00:00,259
9822388090,9899152472,2026-08-02 08:00:00,197
9868326160,9810475894,2026-08-12 08:00:00,440
9815197528,9889795010,2026-08-15 08:00:00,498
9882269803,9871780854,2026-08-13 08:00:00,129
9899508850,9889795010,2026-08-05 08:00:00,53
9823796726,9827558317,2026-08-13 08:00:00,195
9813176186,9811049999,2026-08-10 08:00:00,307
9847393469,9863121477,2026-08-09 08:00:00,163
9884437458,9858024342,2026-08-15 08:00:00,230
9889795010,9865337219,2026-08-10 08:00:00,319
9846553958,9844999379,2026-08-08 08:00:00,300
9815197528,9823419256,2026-08-01 08:00:00,164
9815917225,9890070438,2026-08-13 08:00:00,95
9864813568,9844999379,2026-08-05 08:00:00,443
9852169044,9840547349,2026-08-05 08:00:00,232
9854769200,9854318698,2026-08-10 08:00:00,85
9811250299,9899038359,2026-08-14 08:00:00,350
9823903144,9852462441,2026-08-11 08:00:00,491
9884437458,9810475894,2026-08-11 08:00:00,146
9863643924,9852133044,2026-08-04 08:00:00,357
9885563727,9871780854,2026-08-16 08:00:00,495
9898588154,9868526649,2026-08-04 08:00:00,388
9838195995,9883227889,2026-08-05 08:00:00,337
9888183110,9885863473,2026-08-10 08:00:00,474
9882909480,9879782527,2026-08-13 08:00:00,144
9884411983,9892613013,2026-08-11 08:00:00,422
9888183110,9845650176,2026-08-10 08:00:00,494
9849682169,9882160068,2026-08-12 08:00:00,351
9896098221,9878371272,2026-08-08 08:00:00,125
9878642041,9884158663,2026-08-07 08:00:00,496
9859597086,9852101056,2026-08-08 08:00:00,49
9831687165,9896637649,2026-08-12 08:00:00,444
9858884978,9866851377,2026-08-16 08:00:00,217
9827105448,9893303777,2026-08-09 08:00:00,199
9856843172,9863121477,2026-08-13 08:00:00,479
9852101056,9850181935,2026-08-09 08:00:00,265
9835511941,9864813568,2026-08-13 08:00:00,310
9882909480,9884045292,2026-08-09 08:00:00,379
9846553958,9885563727,2026-08-11 08:00:00,494
9892613013,9813176186,2026-08-08 08:00:00,233
9825521714,9850181935,2026-08-16 08:00:00,448
9831367172,9889795010,2026-08-13 08:00:00,486
9845594597,9898588154,2026-08-13 08:00:00,423
9819391725,9848250360,2026-08-07 08:00:00,473
9824366125,9827566185,2026-08-03 08:00:00,100
9887925434,9847393469,2026-08-12 08:00:00,21
9871510041,9851373735,2026-08-01 08:00:00,303
9856930359,9895132217,2026-08-10 08:00:00,270
9854318698,9887925434,2026-08-06 08:00:00,399
9825480907,9898588154,2026-08-05 08:00:00,175
9893303777,9895125977,2026-08-13 08:00:00,213
9899639081,9839854548,2026-08-06 08:00:00,67
9888183110,9822388090,2026-08-15 08:00:00,455
9858942697,9845650176,2026-08-08 08:00:00,198
9815957459,9825492573,2026-08-04 08:00:00,146
9815334035,9840547349,2026-08-04 08:00:00,487
9847393469,9873174945,2026-08-09 08:00:00,343
9816818112,9833357554,2026-08-07 08:00:00,136
9885283645,9815197528,2026-08-04 08:00:00,164
9815957459,9899913412,2026-08-10 08:00:00,119
9825492573,9896098221,2026-08-15 08:00:00,300
9829876811,9884411983,2026-08-15 08:00:00,125
9881969657,9831172421,2026-08-01 08:00:00,25
9813704481,9815917225,2026-08-04 08:00:00,263
9866851377,9820099059,2026-08-06 08:00:00,82
9854769200,9831687165,2026-08-12 08:00:00,383
9854446182,9839854548,2026-08-03 08:00:00,479
9810475894,9824366125,2026-08-11 08:00:00,90
9877834855,9813176186,2026-08-09 08:00:00,388
9837415205,9848250360,2026-08-15 08:00:00,142
9830743797,9831172421,2026-08-16 08:00:00,34
9824508349,9891178885,2026-08-07 08:00:00,339
9899245317,9815917225,2026-08-01 08:00:00,364
9866851377,9829876811,2026-08-11 08:00:00,458
9852462441,9861343880,2026-08-08 08:00:00,473
9830005727,9851511484,2026-08-15 08:00:00,77
9895125977,9848250360,2026-08-13 08:00:00,359
9821003626,9883227889,2026-08-07 08:00:00,109
9856843172,9852436584,2026-08-04 08:00:00,152
9811049999,9815917225,2026-08-02 08:00:00,483
9837326368,9867684996,2026-08-12 08:00:00,427
9865259205,9850603163,2026-08-03 08:00:00,22
9825521714,9893370583,2026-08-02 08:00:00,28
9845059710,9852133044,2026-08-16 08:00:00,448
9831172421,9837415205,2026-08-05 08:00:00,43
9835748341,9882160068,2026-08-11 08:00:00,247
9824549543,9819317495,2026-08-04 08:00:00,227
9845059710,9890070438,2026-08-10 08:00:00,126
9823796726,9833966966,2026-08-04 08:00:00,403
9899038359,9837326368,2026-08-13 08:00:00,280
9866267415,9833966966,2026-08-03 08:00:00,263
9860888017,9859597086,2026-08-07 08:00:00,72
9865337219,9835921441,2026-08-12 08:00:00,189
9825015458,9865259205,2026-08-13 08:00:00,100
9884045292,9845059710,2026-08-06 08:00:00,304
9885863473,9867684996,2026-08-16 08:00:00,411
9857130035,9823419256,2026-08-05 08:00:00,378
9893303777,9871367643,2026-08-12 08:00:00,433
9841774346,9831172421,2026-08-07 08:00:00,475
9845496015,9861343880,2026-08-06 08:00:00,87
9833763566,9833966966,2026-08-15 08:00:00,126
9899508850,9871367643,2026-08-07 08:00:00,467
9827778019,9890070438,2026-08-06 08:00:00,10
9847393469,9878371272,2026-08-16 08:00:00,363
9833966966,9884411983,2026-08-12 08:00:00,125
9886384014,9899889098,2026-08-14 08:00:00,228
9854318698,9861700055,2026-08-12 08:00:00,27
9850264926,9830863865,2026-08-03 08:00:00,474
9888339168,9828024248,2026-08-15 08:00:00,33
9856397338,9882160068,2026-08-13 08:00:00,320
9891178885,9854769200,2026-08-06 08:00:00,434
9892613013,9819233013,2026-08-02 08:00:00,60
9822388090,9839920292,2026-08-04 08:00:00,89
9830863865,9847463522,2026-08-12 08:00:00,340
9828024248,9884411983,2026-08-06 08:00:00,371
9854318698,9854058573,2026-08-14 08:00:00,482
9825015458,9837326368,2026-08-09 08:00:00,283
9884158663,9863121477,2026-08-13 08:00:00,254
9892613013,9893370583,2026-08-15 08:00:00,395
9892097999,9886384014,2026-08-05 08:00:00,117
9899038359,9852101056,2026-08-05 08:00:00,82
9899245317,9882909480,2026-08-01 08:00:00,334
9880166708,9838270233,2026-08-10 08:00:00,139
9865259205,9823419256,2026-08-05 08:00:00,377
9845159040,9868526649,2026-08-06 08:00:00,101
9843491314,9836786211,2026-08-13 08:00:00,39
9835921441,9815334035,2026-08-11 08:00:00,118
9893303777,9884437458,2026-08-02 08:00:00,470
9845630292,9878642041,2026-08-16 08:00:00,452
9878642041,9843308443,2026-08-04 08:00:00,282
9896098221,9831367172,2026-08-13 08:00:00,360
9839920292,9858942697,2026-08-04 08:00:00,433
9845496015,9866431351,2026-08-16 08:00:00,352
9836445607,9899889098,2026-08-10 08:00:00,405
9885146293,9884437458,2026-08-11 08:00:00,86
9822388090,9841774346,2026-08-03 08:00:00,122
9815957459,9840547349,2026-08-06 08:00:00,215
9824549543,9896098221,2026-08-10 08:00:00,349
9825480907,9899889098,2026-08-16 08:00:00,346
9878371272,9840547349,2026-08-03 08:00:00,170
9843491314,9858942697,2026-08-16 08:00:00,33
9813176186,9899913412,2026-08-09 08:00:00,301
9847816686,9845810056,2026-08-03 08:00:00,198
9854318698,9815134794,2026-08-09 08:00:00,46
9838609087,9850181935,2026-08-11 08:00:00,178
9815134794,9831367172,2026-08-01 08:00:00,301
9858884978,9867887757,2026-08-13 08:00:00,313
9847135391,9814835614,2026-08-11 08:00:00,240
9854446182,9891178885,2026-08-12 08:00:00,422
9882160068,9811049999,2026-08-16 08:00:00,421
9852436584,9823903144,2026-08-01 08:00:00,139
9852169044,9897775215,2026-08-06 08:00:00,351
9822388090,9847816686,2026-08-16 08:00:00,59
9845650176,9845594597,2026-08-03 08:00:00,86
9854585178,9847816686,2026-08-07 08:00:00,302
9878642041,9882269803,2026-08-14 08:00:00,473
9895132217,9868326160,2026-08-15 08:00:00,282
9863481198,9815917225,2026-08-15 08:00:00,217
9858024342,9850181935,2026-08-16 08:00:00,120
9847816686,9860888017,2026-08-14 08:00:00,261
9834073380,9842035886,2026-08-03 08:00:00,418
9890070438,9846553958,2026-08-06 08:00:00,77
9850603163,9867403166,2026-08-13 08:00:00,355
9837326368,9827105448,2026-08-15 08:00:00,183
9851373735,9895125977,2026-08-16 08:00:00,342
9816818112,9831810617,2026-08-12 08:00:00,131
9833763566,9877834855,2026-08-10 08:00:00,113
9853779528,9890070438,2026-08-03 08:00:00,332
9846553958,9819233013,2026-08-11 08:00:00,168
9844999379,9827105448,2026-08-11 08:00:00,103
9842035886,9885146293,2026-08-05 08:00:00,33
9885283645,9854769200,2026-08-03 08:00:00,190
9845059710,9815957459,2026-08-12 08:00:00,258
9835921441,9831367172,2026-08-10 08:00:00,298
9833763566,9864813568,2026-08-10 08:00:00,255
9866431351,9882909480,2026-08-02 08:00:00,10
9823903144,9831810617,2026-08-15 08:00:00,212
9854585178,9835748341,2026-08-14 08:00:00,264
9825480907,9899514287,2026-08-15 08:00:00,313
9869302158,9835748341,2026-08-03 08:00:00,224
9892613013,9840547349,2026-08-12 08:00:00,228
9852101056,9859597086,2026-08-09 08:00:00,449
9835511941,9859597086,2026-08-01 08:00:00,218
9878642041,9836786211,2026-08-11 08:00:00,367
9884411983,9850264926,2026-08-07 08:00:00,29
9868812137,9852462441,2026-08-13 08:00:00,149
9850181935,9815134794,2026-08-06 08:00:00,247
9850603163,9831687165,2026-08-04 08:00:00,461
9885563727,9850181935,2026-08-12 08:00:00,80
9863481198,9851373735,2026-08-13 08:00:00,124
9821003626,9893638503,2026-08-02 08:00:00,365
9825521714,9814835614,2026-08-15 08:00:00,378
9815354599,9837415205,2026-08-12 08:00:00,189
9824508349,9899245317,2026-08-06 08:00:00,246
9829876811,9863643924,2026-08-07 08:00:00,228
9899514287,9845496015,2026-08-03 08:00:00,446
9836445607,9871367643,2026-08-10 08:00:00,479
9856020613,9895132217,2026-08-11 08:00:00,323
9889795010,9884252420,2026-08-10 08:00:00,221
9841774346,9897775215,2026-08-08 08:00:00,162
9835511941,9882269803,2026-08-09 08:00:00,457
9845431319,9880993218,2026-08-08 08:00:00,167
9825015458,9811250299,2026-08-03 08:00:00,415
9854585178,9891363974,2026-08-04 08:00:00,212
9863481198,9890070438,2026-08-08 08:00:00,395
9826726926,9878642041,2026-08-09 08:00:00,151
9843704923,9869302158,2026-08-10 08:00:00,125
9895125977,9831367172,2026-08-14 08:00:00,145
9864543049,9856020613,2026-08-06 08:00:00,84
9842787299,9888339168,2026-08-11 08:00:00,266
9831810617,9827566185,2026-08-16 08:00:00,380
9899038359,9895125977,2026-08-09 08:00:00,61
9857130035,9885283645,2026-08-04 08:00:00,14
9893131979,9823796726,2026-08-15 08:00:00,76
9811049999,9852101056,2026-08-06 08:00:00,68
9898231132,9893131979,2026-08-02 08:00:00,255
9893370583,9899639081,2026-08-12 08:00:00,108
9847393469,9867684996,2026-08-14 08:00:00,199
9877898694,9850264926,2026-08-05 08:00:00,449
9863121477,9827566185,2026-08-02 08:00:00,135
9815354599,9871780854,2026-08-10 08:00:00,152
9863481198,9848250360,2026-08-10 08:00:00,205
9819391725,9861343880,2026-08-08 08:00:00,300
9873174945,9827105448,2026-08-05 08:00:00,469
9810226999,9820099059,2026-08-04 08:00:00,79
9863121477,9853779528,2026-08-07 08:00:00,385
9851511484,9856930359,2026-08-13 08:00:00,452
9820099059,9866851377,2026-08-13 08:00:00,107
9835511941,9833357554,2026-08-11 08:00:00,331
9819736572,9850264926,2026-08-01 08:00:00,294
9848250360,9831687165,2026-08-07 08:00:00,493
9843308443,9884158663,2026-08-12 08:00:00,292
9899514287,9844999379,2026-08-09 08:00:00,366
9893370583,9830863865,2026-08-13 08:00:00,123
9879782527,9847816686,2026-08-08 08:00:00,488
9811297845,9854446182,2026-08-12 08:00:00,34
9893638503,9875569635,2026-08-06 08:00:00,107
9883227889,9885283645,2026-08-05 08:00:00,27
9857130035,9819317495,2026-08-10 08:00:00,244
9845431319,9815334035,2026-08-09 08:00:00,218
9877834855,9884437458,2026-08-04 08:00:00,19
9899639081,9842035886,2026-08-15 08:00:00,375
9843704923,9815197528,2026-08-13 08:00:00,410
9811297845,9827105448,2026-08-02 08:00:00,292
9867403166,9836445607,2026-08-05 08:00:00,301
9824366125,9819233013,2026-08-02 08:00:00,88
9884437458,9854318698,2026-08-16 08:00:00,234
9847393469,9819391725,2026-08-15 08:00:00,144
9844999379,9858024342,2026-08-10 08:00:00,116
9899913412,9896098221,2026-08-05 08:00:00,126
9871510041,9878371272,2026-08-02 08:00:00,93
9899245317,9859555330,2026-08-09 08:00:00,226
9889795010,9877898694,2026-08-06 08:00:00,239
9882269803,9877898694,2026-08-06 08:00:00,111
9892613013,9845650176,2026-08-05 08:00:00,329
9842035886,9815354599,2026-08-05 08:00:00,18
9845650176,9835511941,2026-08-13 08:00:00,303
9880166708,9899038359,2026-08-07 08:00:00,459
9815354599,9899889098,2026-08-01 08:00:00,122
9865337219,9878064830,2026-08-14 08:00:00,249
9850603163,9843308443,2026-08-04 08:00:00,353
9815134794,9864813568,2026-08-12 08:00:00,487
9815354599,9850603163,2026-08-14 08:00:00,82
9815957459,9898231132,2026-08-12 08:00:00,394
9836445607,9857130035,2026-08-02 08:00:00,98
9824366125,9850308572,2026-08-12 08:00:00,117
9896098221,9831687165,2026-08-06 08:00:00,476
9842035886,9810226999,2026-08-09 08:00:00,427
9819832887,9852169044,2026-08-08 08:00:00,24
9899038359,9831367172,2026-08-05 08:00:00,33
9827566185,9811297845,2026-08-10 08:00:00,244
9843308443,9843704923,2026-08-01 08:00:00,56
9864813568,9825492573,2026-08-06 08:00:00,500
9899245317,9824549543,2026-08-05 08:00:00,159
9873174945,9893303777,2026-08-02 08:00:00,234
9884045292,9829876811,2026-08-09 08:00:00,348
9816818112,9851511484,2026-08-04 08:00:00,435
9868571795,9850308572,2026-08-16 08:00:00,174
9884158663,9829876811,2026-08-04 08:00:00,328
9899038526,9815334035,2026-08-09 08:00:00,35
9840547349,9813176186,2026-08-08 08:00:00,284
9850603163,9865259205,2026-08-16 08:00:00,332
9861343880,9877898694,2026-08-03 08:00:00,102
9865259205,9899913412,2026-08-02 08:00:00,420
9833357554,9852101056,2026-08-11 08:00:00,207
9889795010,9893131979,2026-08-10 08:00:00,374
9811250299,9861700055,2026-08-05 08:00:00,494
9857130035,9819832887,2026-08-08 08:00:00,331
9844999379,9869302158,2026-08-03 08:00:00,416
9882160068,9847463522,2026-08-05 08:00:00,53
9854318698,9888339168,2026-08-04 08:00:00,281
9849682169,9827558317,2026-08-02 08:00:00,130
9851373735,9823419256,2026-08-14 08:00:00,423
9880993218,9871367643,2026-08-02 08:00:00,352
9847816686,9864813568,2026-08-02 08:00:00,451
9819832887,9845431319,2026-08-02 08:00:00,418
9867684996,9842787299,2026-08-05 08:00:00,190
9881969657,9868812137,2026-08-09 08:00:00,365
9836786211,9837415205,2026-08-11 08:00:00,386
9837326368,9824508349,2026-08-16 08:00:00,62
9844188276,9854058573,2026-08-13 08:00:00,393
9811250299,9857130035,2026-08-08 08:00:00,295
9864813568,9815334035,2026-08-06 08:00:00,20
9813176186,9845431319,2026-08-05 08:00:00,83
9824508349,9835921441,2026-08-06 08:00:00,202
9819736572,9821003626,2026-08-09 08:00:00,312
9815917225,9819233013,2026-08-07 08:00:00,475
9819317495,9852462441,2026-08-01 08:00:00,364
9811297845,9865337219,2026-08-07 08:00:00,158
9875569635,9899639081,2026-08-15 08:00:00,459
9864543049,9854585178,2026-08-16 08:00:00,270
9899038526,9843704923,2026-08-11 08:00:00,16
9831367172,9851511484,2026-08-01 08:00:00,421
9860888017,9815354599,2026-08-12 08:00:00,324
9831172421,9835921441,2026-08-12 08:00:00,46
9891363974,9864009265,2026-08-11 08:00:00,107
9831172421,9839854548,2026-08-16 08:00:00,141
9838195995,9899508850,2026-08-06 08:00:00,213
9815134794,9885563727,2026-08-07 08:00:00,91
9899038526,9852462441,2026-08-11 08:00:00,222
9842035886,9830743797,2026-08-06 08:00:00,241
9891178885,9868571795,2026-08-11 08:00:00,416
9852169044,9885283645,2026-08-12 08:00:00,300
9865259205,9864543049,2026-08-14 08:00:00,51
9825480907,9884252420,2026-08-03 08:00:00,82
9890070438,9845650176,2026-08-01 08:00:00,344
9825521714,9823796726,2026-08-06 08:00:00,87
9814835614,9847393469,2026-08-04 08:00:00,46
9821003626,9864009265,2026-08-14 08:00:00,121
9871780854,9852133044,2026-08-11 08:00:00,171
9838270233,9845159040,2026-08-13 08:00:00,129
9897775215,9878642041,2026-08-15 08:00:00,352
9884045292,9865259205,2026-08-14 08:00:00,98
9838195995,9885863473,2026-08-10 08:00:00,350
9837326368,9815334035,2026-08-02 08:00:00,230
9835921441,9838609087,2026-08-11 08:00:00,349
9884158663,9838195995,2026-08-01 08:00:00,340
9858884978,9828024248,2026-08-11 08:00:00,59
9819317495,9893638503,2026-08-04 08:00:00,124
9884437458,9871510041,2026-08-02 08:00:00,32
9831367172,9823796726,2026-08-08 08:00:00,370
9885283645,9819391725,2026-08-03 08:00:00,100
9852133044,9887388337,2026-08-06 08:00:00,410
9838609087,9893303777,2026-08-10 08:00:00,271
9824549543,9824508349,2026-08-12 08:00:00,285
9865259205,9897775215,2026-08-14 08:00:00,284
9891178885,9825480907,2026-08-10 08:00:00,467
9815354599,9881969657,2026-08-04 08:00:00,281
9893370583,9892097999,2026-08-02 08:00:00,209
9835748341,9854585178,2026-08-05 08:00:00,438
9863643924,9852436584,2026-08-02 08:00:00,416
9845630292,9837415205,2026-08-16 08:00:00,236
9833763566,9856020613,2026-08-16 08:00:00,135
9836445607,9827778019,2026-08-11 08:00:00,407
9810226999,9845630292,2026-08-13 08:00:00,154
9825480907,9895511909,2026-08-10 08:00:00,406
9880993218,9854769200,2026-08-14 08:00:00,380
9886384014,9899038359,2026-08-10 08:00:00,347
9815334035,9824508349,2026-08-05 08:00:00,376
9897775215,9861343880,2026-08-06 08:00:00,48
9819317495,9815334035,2026-08-01 08:00:00,166
9852101056,9819391725,2026-08-02 08:00:00,155
9899245317,9891363974,2026-08-09 08:00:00,282
9899038359,9824508349,2026-08-10 08:00:00,385
9819832887,9856397338,2026-08-04 08:00:00,56
9850264926,9871367643,2026-08-15 08:00:00,88
9893131979,9883227889,2026-08-09 08:00:00,304
9852101056,9856020613,2026-08-04 08:00:00,343
9899245317,9827558317,2026-08-07 08:00:00,66
9810226999,9854446182,2026-08-01 08:00:00,39
9884411983,9848250360,2026-08-14 08:00:00,219
9815614174,9810226999,2026-08-06 08:00:00,371
9852436584,9811049999,2026-08-01 08:00:00,188
9865337219,9895511909,2026-08-06 08:00:00,286
9877898694,9819317495,2026-08-13 08:00:00,106
9887388337,9852436584,2026-08-11 08:00:00,333
9813326769,9893370583,2026-08-06 08:00:00,148
9878642041,9866851377,2026-08-08 08:00:00,291
9825015458,9852436584,2026-08-12 08:00:00,293
9852101056,9899245317,2026-08-14 08:00:00,441
9871367643,9852169044,2026-08-02 08:00:00,40
9869302158,9830863865,2026-08-14 08:00:00,93
9849682169,9838270233,2026-08-14 08:00:00,487
9878642041,9899889098,2026-08-06 08:00:00,442
9810475894,9893638503,2026-08-13 08:00:00,354
9893638503,9847135391,2026-08-16 08:00:00,218
9895511909,9879782527,2026-08-11 08:00:00,335
9853779528,9867684996,2026-08-13 08:00:00,100
9830863865,9864813568,2026-08-04 08:00:00,136
9897775215,9828024248,2026-08-10 08:00:00,407
9880166708,9852436584,2026-08-03 08:00:00,107
9865259205,9824549543,2026-08-06 08:00:00,112
9842787299,9825492573,2026-08-05 08:00:00,60
9863643924,9811297845,2026-08-08 08:00:00,188
9882160068,9851511484,2026-08-03 08:00:00,280
9898231132,9893370583,2026-08-01 08:00:00,217
9834073380,9854058573,2026-08-13 08:00:00,58
9867403166,9813326769,2026-08-14 08:00:00,396
9867684996,9885863473,2026-08-12 08:00:00,432
9843704923,9860888017,2026-08-01 08:00:00,335
9871510041,9827778019,2026-08-04 08:00:00,448
9884437458,9830743797,2026-08-08 08:00:00,404
9838609087,9838195995,2026-08-05 08:00:00,249
9826726926,9830005727,2026-08-14 08:00:00,69
9849682169,9899152472,2026-08-04 08:00:00,190
9814835614,9831810617,2026-08-08 08:00:00,287
9833966966,9899514287,2026-08-12 08:00:00,348
9891178885,9837415205,2026-08-01 08:00:00,376
9843491314,9852133044,2026-08-13 08:00:00,202
9825521714,9851373735,2026-08-13 08:00:00,283
9840547349,9837326368,2026-08-06 08:00:00,323
9836786211,9895125977,2026-08-04 08:00:00,80
9821003626,9839854548,2026-08-07 08:00:00,167
9871367643,9861700055,2026-08-06 08:00:00,185
9893370583,9842787299,2026-08-09 08:00:00,353
9897775215,9866267415,2026-08-01 08:00:00,401
9830005727,9810226999,2026-08-10 08:00:00,463
9845650176,9843704923,2026-08-01 08:00:00,237
9830743797,9866267415,2026-08-16 08:00:00,83
9837326368,9895132217,2026-08-14 08:00:00,226
9814835614,9899639081,2026-08-03 08:00:00,401
9850603163,9823796726,2026-08-13 08:00:00,258
9815614174,9859555330,2026-08-01 08:00:00,293
9898588154,9849682169,2026-08-10 08:00:00,361
9831172421,9891178885,2026-08-09 08:00:00,296
9836786211,9868526649,2026-08-10 08:00:00,217
9858942697,9838609087,2026-08-07 08:00:00,420
9826726926,9861700055,2026-08-10 08:00:00,67
9829876811,9851511484,2026-08-08 08:00:00,157
9849682169,9827084279,2026-08-11 08:00:00,115
9825480907,9843491314,2026-08-04 08:00:00,204
9845431319,9815957459,2026-08-01 08:00:00,145
9845431319,9836445607,2026-08-01 08:00:00,415
9890070438,9860888017,2026-08-13 08:00:00,458
9815354599,9893370583,2026-08-06 08:00:00,70
9859597086,9899245317,2026-08-13 08:00:00,81
9849682169,9871780854,2026-08-13 08:00:00,214
9845431319,9828024248,2026-08-02 08:00:00,19
9816818112,9837415205,2026-08-09 08:00:00,283
9878064830,9820099059,2026-08-04 08:00:00,404
9884411983,9852436584,2026-08-07 08:00:00,457
9845159040,9871780854,2026-08-11 08:00:00,257
9854585178,9845159040,2026-08-08 08:00:00,326
9898588154,9810226999,2026-08-16 08:00:00,144
9880993218,9880166708,2026-08-12 08:00:00,222
9845496015,9822388090,2026-08-05 08:00:00,483
9839854548,9825521714,2026-08-01 08:00:00,34
9852436584,9847135391,2026-08-02 08:00:00,357
9823419256,9884045292,2026-08-13 08:00:00,399
9819736572,9868326160,2026-08-04 08:00:00,313
9863121477,9898588154,2026-08-12 08:00:00,340
9893638503,9864543049,2026-08-12 08:00:00,208
9845431319,9887388337,2026-08-09 08:00:00,402
9850181935,9819317495,2026-08-15 08:00:00,287
9845159040,9875569635,2026-08-14 08:00:00,239
9863481198,9873174945,2026-08-16 08:00:00,477
9884045292,9864543049,2026-08-04 08:00:00,281
9850264926,9899245317,2026-08-14 08:00:00,459
9850308572,9859597086,2026-08-01 08:00:00,67
9867684996,9882269803,2026-08-07 08:00:00,228
9893303777,9852101056,2026-08-04 08:00:00,34
9842035886,9831367172,2026-08-10 08:00:00,165
9878064830,9886384014,2026-08-02 08:00:00,211
9834073380,9858942697,2026-08-11 08:00:00,498
9857469942,9859555330,2026-08-13 08:00:00,429
9893303777,9860888017,2026-08-10 08:00:00,491
9858024342,9835921441,2026-08-05 08:00:00,413
9863121477,9827566185,2026-08-04 08:00:00,175
9823419256,9891363974,2026-08-14 08:00:00,456
9898231132,9823903144,2026-08-11 08:00:00,487
9857469942,9864009265,2026-08-06 08:00:00,104
9815334035,9885146293,2026-08-01 08:00:00,179
9845496015,9899038359,2026-08-10 08:00:00,235
9827105448,9884158663,2026-08-16 08:00:00,167
9898231132,9845630292,2026-08-10 08:00:00,287
9847393469,9868526649,2026-08-11 08:00:00,200
9898588154,9842787299,2026-08-14 08:00:00,177
9852169044,9887388337,2026-08-08 08:00:00,283
9842787299,9836445607,2026-08-01 08:00:00,260
9831687165,9823903144,2026-08-10 08:00:00,180
9845594597,9884252420,2026-08-07 08:00:00,62
9860888017,9899508850,2026-08-02 08:00:00,11
9852462441,9857130035,2026-08-13 08:00:00,75
9841774346,9882160068,2026-08-03 08:00:00,486
9843308443,9825492573,2026-08-16 08:00:00,131
9863121477,9833763566,2026-08-05 08:00:00,334
9851511484,9854058573,2026-08-06 08:00:00,227
9846553958,9831367172,2026-08-08 08:00:00,326
9823419256,9810475894,2026-08-11 08:00:00,374
9863643924,9821003626,2026-08-11 08:00:00,97
9815334035,9833357554,2026-08-10 08:00:00,97
9831172421,9823419256,2026-08-05 08:00:00,374
9836445607,9847463522,2026-08-13 08:00:00,69
9899152472,9893370583,2026-08-16 08:00:00,198
9871367643,9879782527,2026-08-15 08:00:00,44
9896098221,9877898694,2026-08-02 08:00:00,280
9833763566,9888339168,2026-08-12 08:00:00,167
9899038526,9867887757,2026-08-09 08:00:00,239
9864813568,9854585178,2026-08-09 08:00:00,251
9899889098,9837326368,2026-08-12 08:00:00,336
9847135391,9820099059,2026-08-05 08:00:00,162
9850603163,9866851377,2026-08-10 08:00:00,67
9851511484,9854769200,2026-08-12 08:00:00,307
9899514287,9899508850,2026-08-15 08:00:00,112
9884158663,9845431319,2026-08-07 08:00:00,28
9856930359,9842035886,2026-08-16 08:00:00,271
9813704481,9827105448,2026-08-08 08:00:00,109
9885146293,9866851377,2026-08-07 08:00:00,225
9879782527,9843308443,2026-08-07 08:00:00,132
9850308572,9827778019,2026-08-06 08:00:00,228
9858024342,9827558317,2026-08-16 08:00:00,269
9813704481,9845810056,2026-08-03 08:00:00,190
9845810056,9898231132,2026-08-16 08:00:00,110
9815354599,9847393469,2026-08-14 08:00:00,104
9836445607,9868526649,2026-08-03 08:00:00,170
9815334035,9885146293,2026-08-15 08:00:00,364
9854585178,9883227889,2026-08-11 08:00:00,435
9824549543,9847135391,2026-08-11 08:00:00,383
9842787299,9834073380,2026-08-02 08:00:00,61
9827558317,9850181935,2026-08-04 08:00:00,192
9857469942,9868526649,2026-08-16 08:00:00,106
9845431319,9824366125,2026-08-13 08:00:00,264
9854318698,9810226999,2026-08-16 08:00:00,236
9880993218,9835921441,2026-08-06 08:00:00,313
9830863865,9868812137,2026-08-03 08:00:00,168
9842787299,9877834855,2026-08-13 08:00:00,79
9868812137,9890070438,2026-08-09 08:00:00,464
9835921441,9867684996,2026-08-14 08:00:00,144
9887925434,9873174945,2026-08-01 08:00:00,363
9858024342,9824508349,2026-08-02 08:00:00,282
9898588154,9828024248,2026-08-11 08:00:00,255
9899889098,9895125977,2026-08-01 08:00:00,282
9842035886,9868526649,2026-08-11 08:00:00,93
9887388337,9896637649,2026-08-03 08:00:00,286
9898588154,9883227889,2026-08-10 08:00:00,473
9847393469,9852169044,2026-08-10 08:00:00,209
9858942697,9810226999,2026-08-10 08:00:00,327
9882269803,9858884978,2026-08-15 08:00:00,308
9825521714,9850603163,2026-08-06 08:00:00,297
9825521714,9815957459,2026-08-16 08:00:00,178
9885563727,9825015458,2026-08-12 08:00:00,396
9827778019,9827566185,2026-08-04 08:00:00,441
9814835614,9873174945,2026-08-06 08:00:00,83
9847816686,9850603163,2026-08-15 08:00:00,384
9871510041,9826726926,2026-08-03 08:00:00,429
9823903144,9899514287,2026-08-07 08:00:00,337
9826726926,9869302158,2026-08-03 08:00:00,246
9822388090,9835511941,2026-08-10 08:00:00,478
9892097999,9835511941,2026-08-04 08:00:00,414
9830743797,9893638503,2026-08-14 08:00:00,264
9893131979,9885283645,2026-08-13 08:00:00,277
9881969657,9879782527,2026-08-06 08:00:00,381
9899038359,9833763566,2026-08-01 08:00:00,117
9866851377,9899152472,2026-08-11 08:00:00,395
9897775215,9871510041,2026-08-04 08:00:00,406
9831687165,9895125977,2026-08-08 08:00:00,322
9839920292,9871510041,2026-08-03 08:00:00,150
9877898694,9895125977,2026-08-01 08:00:00,464
9815614174,9810226999,2026-08-06 08:00:00,436
9881969657,9830005727,2026-08-15 08:00:00,305
9888339168,9825521714,2026-08-11 08:00:00,85
9859555330,9857469942,2026-08-14 08:00:00,309
9877834855,9884411983,2026-08-12 08:00:00,55
9866267415,9841774346,2026-08-11 08:00:00,391
9861700055,9871510041,2026-08-01 08:00:00,396
9884045292,9851511484,2026-08-01 08:00:00,403
9858884978,9899913412,2026-08-07 08:00:00,74
9863643924,9830863865,2026-08-01 08:00:00,392
9880993218,9885146293,2026-08-04 08:00:00,304
9888183110,9833357554,2026-08-03 08:00:00,15
9857130035,9813704481,2026-08-05 08:00:00,446
9823796726,9868571795,2026-08-10 08:00:00,78
9815917225,9836445607,2026-08-12 08:00:00,72
9878642041,9885863473,2026-08-14 08:00:00,31
9823796726,9811049999,2026-08-11 08:00:00,433
9813704481,9847463522,2026-08-04 08:00:00,31
9850962024,9893370583,2026-08-02 08:00:00,460
9845650176,9899514287,2026-08-07 08:00:00,375
9851511484,9893638503,2026-08-13 08:00:00,45
9887925434,9851373735,2026-08-16 08:00:00,115
9819233013,9838270233,2026-08-13 08:00:00,81
9850603163,9831687165,2026-08-07 08:00:00,363
9884252420,9856397338,2026-08-13 08:00:00,300
9878642041,9877834855,2026-08-12 08:00:00,133
9895132217,9811049999,2026-08-01 08:00:00,330
9856930359,9816818112,2026-08-11 08:00:00,457
9882269803,9848250360,2026-08-03 08:00:00,197
9885563727,9845431319,2026-08-15 08:00:00,350
9857130035,9854318698,2026-08-11 08:00:00,450
9840547349,9835921441,2026-08-08 08:00:00,309
9819832887,9863481198,2026-08-06 08:00:00,192
9823419256,9853779528,2026-08-04 08:00:00,204
9845431319,9857130035,2026-08-13 08:00:00,499
9819736572,9871367643,2026-08-02 08:00:00,347
9845650176,9856397338,2026-08-08 08:00:00,251
9819832887,9815334035,2026-08-15 08:00:00,24
9885283645,9816818112,2026-08-14 08:00:00,402
9867403166,9835921441,2026-08-14 08:00:00,12
9887925434,9857130035,2026-08-10 08:00:00,100
9827778019,9879782527,2026-08-13 08:00:00,423
9843308443,9896637649,2026-08-14 08:00:00,49
9859597086,9881969657,2026-08-15 08:00:00,500
9821003626,9885563727,2026-08-07 08:00:00,181
9871510041,9885563727,2026-08-10 08:00:00,219
9892097999,9871780854,2026-08-12 08:00:00,73
9858024342,9844999379,2026-08-01 08:00:00,79
9839920292,9847135391,2026-08-01 08:00:00,145
9844188276,9819832887,2026-08-14 08:00:00,116
9857469942,9845650176,2026-08-04 08:00:00,144
9885563727,9884158663,2026-08-09 08:00:00,242
9853779528,9866851377,2026-08-08 08:00:00,313
9899913412,9847135391,2026-08-01 08:00:00,304
9829876811,9895125977,2026-08-02 08:00:00,224
9854058573,9825480907,2026-08-09 08:00:00,365
9838270233,9841774346,2026-08-01 08:00:00,301
9861700055,9871510041,2026-08-09 08:00:00,490
9871367643,9856397338,2026-08-15 08:00:00,401
9831367172,9899913412,2026-08-12 08:00:00,67
9896637649,9845496015,2026-08-11 08:00:00,285
9895511909,9864813568,2026-08-05 08:00:00,443
9839920292,9885146293,2026-08-15 08:00:00,146
9865337219,9815614174,2026-08-14 08:00:00,422
9828024248,9859555330,2026-08-04 08:00:00,413
9880166708,9838270233,2026-08-13 08:00:00,439
9831367172,9815957459,2026-08-02 08:00:00,113
9854585178,9877834855,2026-08-03 08:00:00,269
9854058573,9893638503,2026-08-16 08:00:00,236
9867403166,9895511909,2026-08-12 08:00:00,272
9884411983,9843491314,2026-08-08 08:00:00,119
9868326160,9850962024,2026-08-16 08:00:00,240
9822388090,9878064830,2026-08-04 08:00:00,129
9825492573,9815354599,2026-08-01 08:00:00,328
9824508349,9884252420,2026-08-07 08:00:00,272
9833763566,9831810617,2026-08-01 08:00:00,105
9816818112,9827566185,2026-08-13 08:00:00,78
9884252420,9892097999,2026-08-06 08:00:00,30
9892097999,9843308443,2026-08-06 08:00:00,451
9842035886,9879782527,2026-08-02 08:00:00,380
9884437458,9820099059,2026-08-15 08:00:00,246
9845650176,9866431351,2026-08-09 08:00:00,398
9824366125,9819391725,2026-08-01 08:00:00,38
9825015458,9852101056,2026-08-16 08:00:00,363
9814835614,9896637649,2026-08-09 08:00:00,61
9850181935,9899038359,2026-08-06 08:00:00,148
9893303777,9863121477,2026-08-08 08:00:00,440
9828024248,9850308572,2026-08-03 08:00:00,40
9838195995,9834073380,2026-08-10 08:00:00,60
9885563727,9844188276,2026-08-05 08:00:00,394
9858942697,9816818112,2026-08-15 08:00:00,24
9868812137,9845594597,2026-08-16 08:00:00,87
9880993218,9845630292,2026-08-09 08:00:00,453
9895125977,9883227889,2026-08-07 08:00:00,103
9837415205,9893303777,2026-08-03 08:00:00,263
9899514287,9844188276,2026-08-06 08:00:00,158
9822388090,9892097999,2026-08-07 08:00:00,98
9831810617,9847463522,2026-08-04 08:00:00,283
9838195995,9873174945,2026-08-02 08:00:00,108
9854585178,9819233013,2026-08-14 08:00:00,60
9852101056,9819233013,2026-08-07 08:00:00,35
9868571795,9822388090,2026-08-05 08:00:00,289
9825480907,9839854548,2026-08-06 08:00:00,38
9852133044,9863121477,2026-08-02 08:00:00,26
9898588154,9856930359,2026-08-08 08:00:00,210
9815197528,9884045292,2026-08-05 08:00:00,45
9823796726,9813176186,2026-08-07 08:00:00,219
9816818112,9833357554,2026-08-01 08:00:00,15
9877898694,9856843172,2026-08-16 08:00:00,319
9836445607,9827105448,2026-08-02 08:00:00,59
9854058573,9878642041,2026-08-05 08:00:00,180
9850181935,9822388090,2026-08-01 08:00:00,418
9851511484,9899038359,2026-08-15 08:00:00,55
9844999379,9882269803,2026-08-02 08:00:00,345
9869302158,9852169044,2026-08-06 08:00:00,57
9880166708,9893638503,2026-08-13 08:00:00,299
9871780854,9880993218,2026-08-16 08:00:00,462
9838609087,9884437458,2026-08-13 08:00:00,263
9844188276,9882160068,2026-08-04 08:00:00,22
9878064830,9836445607,2026-08-09 08:00:00,390
9883227889,9824508349,2026-08-16 08:00:00,66
9863481198,9860888017,2026-08-03 08:00:00,252
9866431351,9864813568,2026-08-09 08:00:00,166
9878642041,9883227889,2026-08-02 08:00:00,84
9842787299,9893131979,2026-08-10 08:00:00,160
9886384014,9882160068,2026-08-12 08:00:00,83
9867887757,9815917225,2026-08-13 08:00:00,17
9844188276,9887925434,2026-08-06 08:00:00,119
9868812137,9831367172,2026-08-03 08:00:00,82
9843491314,9845159040,2026-08-01 08:00:00,308
9831367172,9854585178,2026-08-15 08:00:00,418
9868571795,9815334035,2026-08-13 08:00:00,325
9815614174,9877834855,2026-08-06 08:00:00,225
9850308572,9866267415,2026-08-12 08:00:00,171
9887388337,9842787299,2026-08-05 08:00:00,250
9883227889,9831687165,2026-08-15 08:00:00,318
9899514287,9884045292,2026-08-01 08:00:00,356
9845650176,9831367172,2026-08-12 08:00:00,433
9833966966,9820099059,2026-08-12 08:00:00,67
9819233013,9858024342,2026-08-05 08:00:00,64
9880166708,9895125977,2026-08-04 08:00:00,173
9871510041,9843704923,2026-08-03 08:00:00,97
9848250360,9811297845,2026-08-13 08:00:00,397
9899508850,9847393469,2026-08-14 08:00:00,140
9898231132,9810475894,2026-08-14 08:00:00,415
9827558317,9863643924,2026-08-14 08:00:00,74
9847135391,9851511484,2026-08-13 08:00:00,40
9815354599,9899152472,2026-08-09 08:00:00,169
9864813568,9884158663,2026-08-01 08:00:00,271
9895511909,9842035886,2026-08-15 08:00:00,430
9841774346,9810475894,2026-08-03 08:00:00,299
9824508349,9823796726,2026-08-02 08:00:00,261
9845431319,9895132217,2026-08-05 08:00:00,53
9897775215,9899514287,2026-08-02 08:00:00,35
9868326160,9823796726,2026-08-07 08:00:00,211
9826726926,9845594597,2026-08-05 08:00:00,436
9865337219,9893370583,2026-08-08 08:00:00,152
9811297845,9830743797,2026-08-14 08:00:00,148
9839854548,9871780854,2026-08-06 08:00:00,70
9842787299,9823796726,2026-08-14 08:00:00,173
9858942697,9848250360,2026-08-06 08:00:00,85
9882909480,9815354599,2026-08-06 08:00:00,43
9860888017,9892613013,2026-08-16 08:00:00,361
9880993218,9861343880,2026-08-01 08:00:00,193
9835511941,9852436584,2026-08-07 08:00:00,399
9899038359,9852436584,2026-08-02 08:00:00,20
9864543049,9854446182,2026-08-13 08:00:00,137
9845431319,9880993218,2026-08-13 08:00:00,242
9888183110,9814835614,2026-08-04 08:00:00,323
9866431351,9852436584,2026-08-03 08:00:00,72
9878064830,9854769200,2026-08-13 08:00:00,418
9852436584,9815614174,2026-08-03 08:00:00,206
9863481198,9882269803,2026-08-05 08:00:00,430
9845496015,9823903144,2026-08-16 08:00:00,113
9864813568,9852462441,2026-08-15 08:00:00,388
9825492573,9895132217,2026-08-02 08:00:00,208
9815354599,9811297845,2026-08-11 08:00:00,163
9816818112,9879782527,2026-08-14 08:00:00,255
9884158663,9845630292,2026-08-08 08:00:00,30
