transaction_id,sender,receiver,amount,timestamp,mode
TRAIN-ANOM-1-0,Vikram Reddy,Anil Sharma,9923.0,2026-08-09 02:00:00,UPI
TRAIN-ANOM-1-1,Vikram Reddy,Anil Sharma,9701.0,2026-08-12 04:00:00,UPI
TRAIN-ANOM-1-2,Vikram Reddy,Anil Sharma,9976.0,2026-08-07 22:00:00,UPI
TRAIN-ANOM-1-3,Vikram Reddy,Anil Sharma,10283.0,2026-08-09 22:00:00,UPI
TRAIN-ANOM-1-4,Vikram Reddy,Anil Sharma,9668.0,2026-08-06 00:00:00,UPI
TRAIN-ANOM-1-5,Vikram Reddy,Anil Sharma,9668.0,2026-08-10 07:00:00,UPI
TRAIN-ANOM-1-6,Vikram Reddy,Anil Sharma,10302.0,2026-08-05 05:00:00,UPI
TRAIN-ANOM-1-7,Vikram Reddy,Anil Sharma,10018.0,2026-08-03 17:00:00,UPI
TRAIN-ANOM-1-8,Vikram Reddy,Anil Sharma,9585.0,2026-08-11 05:00:00,UPI
TRAIN-ANOM-2-0,Amit Gupta,Sameer Gupta,9939.0,2026-08-03 12:00:00,UPI
TRAIN-ANOM-2-1,Amit Gupta,Sameer Gupta,9587.0,2026-08-04 15:00:00,UPI
TRAIN-ANOM-2-2,Amit Gupta,Sameer Gupta,9586.0,2026-08-09 06:00:00,UPI
TRAIN-ANOM-2-3,Amit Gupta,Sameer Gupta,9834.0,2026-08-05 06:00:00,UPI
TRAIN-ANOM-2-4,Amit Gupta,Sameer Gupta,9080.0,2026-08-05 10:00:00,UPI
TRAIN-ANOM-2-5,Amit Gupta,Sameer Gupta,9146.0,2026-08-08 21:00:00,UPI
TRAIN-ANOM-2-6,Amit Gupta,Sameer Gupta,9553.0,2026-08-08 01:00:00,UPI
TRAIN-ANOM-2-7,Amit Gupta,Sameer Gupta,9395.0,2026-08-09 21:00:00,UPI
TRAIN-ANOM-2-8,Amit Gupta,Sameer Gupta,9859.0,2026-08-02 14:00:00,UPI
TRAIN-ANOM-2-9,Amit Gupta,Sameer Gupta,9432.0,2026-08-08 20:00:00,UPI
TRAIN-ANOM-2-10,Amit Gupta,Sameer Gupta,9255.0,2026-08-12 06:00:00,UPI
TRAIN-ANOM-2-11,Amit Gupta,Sameer Gupta,10262.0,2026-08-03 02:00:00,UPI
TRAIN-ANOM-2-12,Amit Gupta,Sameer Gupta,9670.0,2026-08-08 23:00:00,UPI
TRAIN-ANOM-2-13,Amit Gupta,Sameer Gupta,9773.0,2026-08-02 19:00:00,UPI
TRAIN-ANOM-3-0,Sameer Singh,Deepak Kumar,9251.0,2026-08-06 19:00:00,UPI
TRAIN-ANOM-3-1,Sameer Singh,Deepak Kumar,9559.0,2026-08-05 03:00:00,UPI
TRAIN-ANOM-3-2,Sameer Singh,Deepak Kumar,9788.0,2026-08-12 07:00:00,UPI
TRAIN-ANOM-3-3,Sameer Singh,Deepak Kumar,9347.0,2026-08-03 13:00:00,UPI
TRAIN-ANOM-3-4,Sameer Singh,Deepak Kumar,9881.0,2026-08-06 11:00:00,UPI
TRAIN-ANOM-3-5,Sameer Singh,Deepak Kumar,9539.0,2026-08-11 08:00:00,UPI
TRAIN-ANOM-3-6,Sameer Singh,Deepak Kumar,9647.0,2026-08-07 02:00:00,UPI
TRAIN-ANOM-3-7,Sameer Singh,Deepak Kumar,9539.0,2026-08-08 20:00:00,UPI
TRAIN-ANOM-3-8,Sameer Singh,Deepak Kumar,10398.0,2026-08-05 10:00:00,UPI
TRAIN-ANOM-3-9,Sameer Singh,Deepak Kumar,9745.0,2026-08-12 06:00:00,UPI
TRAIN-ANOM-3-10,Sameer Singh,Deepak Kumar,9379.0,2026-08-05 11:00:00,UPI
TRAIN-ANOM-3-11,Sameer Singh,Deepak Kumar,10037.0,2026-08-07 05:00:00,UPI
TRAIN-ANOM-3-12,Sameer Singh,Deepak Kumar,9322.0,2026-08-11 11:00:00,UPI
TRAIN-ANOM-4-0,Sameer Rao,Pooja Mehta,9823.0,2026-08-02 23:00:00,UPI
TRAIN-ANOM-4-1,Sameer Rao,Pooja Mehta,9064.0,2026-08-07 13:00:00,UPI
TRAIN-ANOM-4-2,Sameer Rao,Pooja Mehta,9285.0,2026-08-09 14:00:00,UPI
TRAIN-ANOM-4-3,Sameer Rao,Pooja Mehta,9818.0,2026-08-07 16:00:00,UPI
TRAIN-ANOM-4-4,Sameer Rao,Pooja Mehta,10008.0,2026-08-07 16:00:00,UPI
TRAIN-ANOM-4-5,Sameer Rao,Pooja Mehta,9809.0,2026-08-12 06:00:00,UPI
TRAIN-ANOM-4-6,Sameer Rao,Pooja Mehta,9709.0,2026-08-07 01:00:00,UPI
TRAIN-ANOM-4-7,Sameer Rao,Pooja Mehta,9644.0,2026-08-03 00:00:00,UPI
TRAIN-ANOM-4-8,Sameer Rao,Pooja Mehta,9232.0,2026-08-05 10:00:00,UPI
TRAIN-ANOM-4-9,Sameer Rao,Pooja Mehta,9498.0,2026-08-06 07:00:00,UPI
TRAIN-ANOM-4-10,Sameer Rao,Pooja Mehta,9588.0,2026-08-08 23:00:00,UPI
TRAIN-ANOM-5-0,Ravi Gupta,Rahul Sharma,10119.0,2026-08-09 11:00:00,UPI
TRAIN-ANOM-5-1,Ravi Gupta,Rahul Sharma,9870.0,2026-08-03 02:00:00,UPI
TRAIN-ANOM-5-2,Ravi Gupta,Rahul Sharma,9132.0,2026-08-06 23:00:00,UPI
TRAIN-ANOM-5-3,Ravi Gupta,Rahul Sharma,9863.0,2026-08-09 22:00:00,UPI
TRAIN-ANOM-5-4,Ravi Gupta,Rahul Sharma,9615.0,2026-08-07 13:00:00,UPI
TRAIN-ANOM-5-5,Ravi Gupta,Rahul Sharma,9513.0,2026-08-02 16:00:00,UPI
TRAIN-ANOM-5-6,Ravi Gupta,Rahul Sharma,9964.0,2026-08-09 11:00:00,UPI
TRAIN-ANOM-5-7,Ravi Gupta,Rahul Sharma,10110.0,2026-08-03 20:00:00,UPI
TRAIN-ANOM-6-0,Deepak Gupta,Ramesh Gupta,10075.0,2026-08-09 10:00:00,UPI
TRAIN-ANOM-6-1,Deepak Gupta,Ramesh Gupta,9456.0,2026-08-11 09:00:00,UPI
TRAIN-ANOM-6-2,Deepak Gupta,Ramesh Gupta,9641.0,2026-08-09 07:00:00,UPI
TRAIN-ANOM-6-3,Deepak Gupta,Ramesh Gupta,9865.0,2026-08-08 03:00:00,UPI
TRAIN-ANOM-6-4,Deepak Gupta,Ramesh Gupta,10091.0,2026-08-06 08:00:00,UPI
TRAIN-ANOM-6-5,Deepak Gupta,Ramesh Gupta,9582.0,2026-08-03 15:00:00,UPI
TRAIN-ANOM-6-6,Deepak Gupta,Ramesh Gupta,9685.0,2026-08-12 02:00:00,UPI
TRAIN-ANOM-6-7,Deepak Gupta,Ramesh Gupta,9362.0,2026-08-03 05:00:00,UPI
TRAIN-ANOM-6-8,Deepak Gupta,Ramesh Gupta,9331.0,2026-08-07 02:00:00,UPI
TRAIN-ANOM-6-9,Deepak Gupta,Ramesh Gupta,10034.0,2026-08-02 13:00:00,UPI
TRAIN-ANOM-6-10,Deepak Gupta,Ramesh Gupta,10224.0,2026-08-10 00:00:00,UPI
TRAIN-ANOM-6-11,Deepak Gupta,Ramesh Gupta,9724.0,2026-08-09 16:00:00,UPI
TRAIN-ANOM-6-12,Deepak Gupta,Ramesh Gupta,10101.0,2026-08-05 02:00:00,UPI
TRAIN-ANOM-7-0,Sameer Rao,Anil Singh,9876.0,2026-08-11 07:00:00,UPI
TRAIN-ANOM-7-1,Sameer Rao,Anil Singh,9524.0,2026-08-04 10:00:00,UPI
TRAIN-ANOM-7-2,Sameer Rao,Anil Singh,9876.0,2026-08-06 21:00:00,UPI
TRAIN-ANOM-7-3,Sameer Rao,Anil Singh,10288.0,2026-08-08 00:00:00,UPI
TRAIN-ANOM-7-4,Sameer Rao,Anil Singh,9737.0,2026-08-06 08:00:00,UPI
TRAIN-ANOM-7-5,Sameer Rao,Anil Singh,10297.0,2026-08-07 07:00:00,UPI
TRAIN-ANOM-7-6,Sameer Rao,Anil Singh,8833.0,2026-08-07 02:00:00,UPI
TRAIN-ANOM-7-7,Sameer Rao,Anil Singh,10037.0,2026-08-12 05:00:00,UPI
TRAIN-ANOM-7-8,Sameer Rao,Anil Singh,9780.0,2026-08-09 12:00:00,UPI
TRAIN-ANOM-7-9,Sameer Rao,Anil Singh,9645.0,2026-08-10 01:00:00,UPI
TRAIN-ANOM-7-10,Sameer Rao,Anil Singh,9782.0,2026-08-09 19:00:00,UPI
TRAIN-ANOM-7-11,Sameer Rao,Anil Singh,9054.0,2026-08-08 01:00:00,UPI
TRAIN-ANOM-7-12,Sameer Rao,Anil Singh,9673.0,2026-08-10 20:00:00,UPI
TRAIN-ANOM-7-13,Sameer Rao,Anil Singh,9874.0,2026-08-09 18:00:00,UPI
TRAIN-ANOM-7-14,Sameer Rao,Anil Singh,10267.0,2026-08-06 06:00:00,UPI
TRAIN-ANOM-8-0,Deepak Singh,Vikram Sharma,9568.0,2026-08-06 19:00:00,UPI
TRAIN-ANOM-8-1,Deepak Singh,Vikram Sharma,9467.0,2026-08-07 21:00:00,UPI
TRAIN-ANOM-8-2,Deepak Singh,Vikram Sharma,9574.0,2026-08-04 15:00:00,UPI
TRAIN-ANOM-8-3,Deepak Singh,Vikram Sharma,10070.0,2026-08-10 21:00:00,UPI
TRAIN-ANOM-8-4,Deepak Singh,Vikram Sharma,9865.0,2026-08-12 05:00:00,UPI
TRAIN-ANOM-8-5,Deepak Singh,Vikram Sharma,9564.0,2026-08-04 13:00:00,UPI
TRAIN-ANOM-9-0,Rahul Mehta,Deepak Gupta,9929.0,2026-08-06 04:00:00,UPI
TRAIN-ANOM-9-1,Rahul Mehta,Deepak Gupta,9783.0,2026-08-06 03:00:00,UPI
TRAIN-ANOM-9-2,Rahul Mehta,Deepak Gupta,10089.0,2026-08-07 05:00:00,UPI
TRAIN-ANOM-9-3,Rahul Mehta,Deepak Gupta,9504.0,2026-08-05 04:00:00,UPI
TRAIN-ANOM-9-4,Rahul Mehta,Deepak Gupta,9635.0,2026-08-04 04:00:00,UPI
TRAIN-ANOM-9-5,Rahul Mehta,Deepak Gupta,9612.0,2026-08-02 17:00:00,UPI
TRAIN-ANOM-9-6,Rahul Mehta,Deepak Gupta,9237.0,2026-08-09 09:00:00,UPI
TRAIN-ANOM-9-7,Rahul Mehta,Deepak Gupta,9853.0,2026-08-11 19:00:00,UPI
TRAIN-ANOM-9-8,Rahul Mehta,Deepak Gupta,9841.0,2026-08-04 10:00:00,UPI
TRAIN-ANOM-9-9,Rahul Mehta,Deepak Gupta,9751.0,2026-08-06 18:00:00,UPI
TRAIN-ANOM-9-10,Rahul Mehta,Deepak Gupta,9667.0,2026-08-08 13:00:00,UPI
TRAIN-ANOM-10-0,Amit Singh,Rahul Sharma,9254.0,2026-08-03 15:00:00,UPI
TRAIN-ANOM-10-1,Amit Singh,Rahul Sharma,9602.0,2026-08-10 12:00:00,UPI
TRAIN-ANOM-10-2,Amit Singh,Rahul Sharma,9630.0,2026-08-08 22:00:00,UPI
TRAIN-ANOM-10-3,Amit Singh,Rahul Sharma,9469.0,2026-08-08 05:00:00,UPI
TRAIN-ANOM-10-4,Amit Singh,Rahul Sharma,9693.0,2026-08-10 21:00:00,UPI
TRAIN-ANOM-10-5,Amit Singh,Rahul Sharma,9891.0,2026-08-12 07:00:00,UPI
TRAIN-ANOM-10-6,Amit Singh,Rahul Sharma,10410.0,2026-08-04 21:00:00,UPI
TRAIN-ANOM-11-0,Ravi Mehta,Rahul Gupta,9811.0,2026-08-06 13:00:00,UPI
TRAIN-ANOM-11-1,Ravi Mehta,Rahul Gupta,9840.0,2026-08-04 05:00:00,UPI
TRAIN-ANOM-11-2,Ravi Mehta,Rahul Gupta,9723.0,2026-08-02 12:00:00,UPI
TRAIN-ANOM-11-3,Ravi Mehta,Rahul Gupta,9078.0,2026-08-02 19:00:00,UPI
TRAIN-ANOM-11-4,Ravi Mehta,Rahul Gupta,9740.0,2026-08-06 02:00:00,UPI
TRAIN-ANOM-11-5,Ravi Mehta,Rahul Gupta,9771.0,2026-08-07 08:00:00,UPI
TRAIN-ANOM-11-6,Ravi Mehta,Rahul Gupta,10612.0,2026-08-04 16:00:00,UPI
TRAIN-ANOM-11-7,Ravi Mehta,Rahul Gupta,9682.0,2026-08-02 12:00:00,UPI
TRAIN-ANOM-11-8,Ravi Mehta,Rahul Gupta,9855.0,2026-08-09 00:00:00,UPI
TRAIN-ANOM-11-9,Ravi Mehta,Rahul Gupta,9737.0,2026-08-04 07:00:00,UPI
TRAIN-ANOM-11-10,Ravi Mehta,Rahul Gupta,9340.0,2026-08-03 23:00:00,UPI
TRAIN-ANOM-11-11,Ravi Mehta,Rahul Gupta,10149.0,2026-08-09 19:00:00,UPI
TRAIN-ANOM-11-12,Ravi Mehta,Rahul Gupta,10013.0,2026-08-11 02:00:00,UPI
TRAIN-ANOM-11-13,Ravi Mehta,Rahul Gupta,10026.0,2026-08-03 22:00:00,UPI
TRAIN-ANOM-12-0,Suresh Gupta,Suresh Singh,9431.0,2026-08-03 10:00:00,UPI
TRAIN-ANOM-12-1,Suresh Gupta,Suresh Singh,10240.0,2026-08-08 11:00:00,UPI
TRAIN-ANOM-12-2,Suresh Gupta,Suresh Singh,9259.0,2026-08-07 12:00:00,UPI
TRAIN-ANOM-12-3,Suresh Gupta,Suresh Singh,9955.0,2026-08-10 09:00:00,UPI
TRAIN-ANOM-12-4,Suresh Gupta,Suresh Singh,10516.0,2026-08-12 01:00:00,UPI
TRAIN-ANOM-12-5,Suresh Gupta,Suresh Singh,9403.0,2026-08-10 18:00:00,UPI
TRAIN-ANOM-12-6,Suresh Gupta,Suresh Singh,9551.0,2026-08-03 21:00:00,UPI
TRAIN-ANOM-13-0,Pooja Sharma,Amit Gupta,9784.0,2026-08-10 03:00:00,UPI
TRAIN-ANOM-13-1,Pooja Sharma,Amit Gupta,9573.0,2026-08-09 21:00:00,UPI
TRAIN-ANOM-13-2,Pooja Sharma,Amit Gupta,9207.0,2026-08-06 14:00:00,UPI
TRAIN-ANOM-13-3,Pooja Sharma,Amit Gupta,9773.0,2026-08-10 11:00:00,UPI
TRAIN-ANOM-13-4,Pooja Sharma,Amit Gupta,9378.0,2026-08-07 21:00:00,UPI
TRAIN-ANOM-13-5,Pooja Sharma,Amit Gupta,9915.0,2026-08-03 17:00:00,UPI
TRAIN-ANOM-13-6,Pooja Sharma,Amit Gupta,9428.0,2026-08-11 23:00:00,UPI
TRAIN-ANOM-13-7,Pooja Sharma,Amit Gupta,10292.0,2026-08-11 05:00:00,UPI
TRAIN-ANOM-13-8,Pooja Sharma,Amit Gupta,9475.0,2026-08-06 09:00:00,UPI
TRAIN-ANOM-13-9,Pooja Sharma,Amit Gupta,9637.0,2026-08-05 20:00:00,UPI
TRAIN-ANOM-13-10,Pooja Sharma,Amit Gupta,10034.0,2026-08-11 09:00:00,UPI
TRAIN-ANOM-13-11,Pooja Sharma,Amit Gupta,9319.0,2026-08-02 14:00:00,UPI
TRAIN-ANOM-14-0,Amit Joshi,Anil Verma,9829.0,2026-08-05 11:00:00,UPI
TRAIN-ANOM-14-1,Amit Joshi,Anil Verma,10207.0,2026-08-04 16:00:00,UPI
TRAIN-ANOM-14-2,Amit Joshi,Anil Verma,9187.0,2026-08-05 13:00:00,UPI
TRAIN-ANOM-14-3,Amit Joshi,Anil Verma,9814.0,2026-08-11 12:00:00,UPI
TRAIN-ANOM-14-4,Amit Joshi,Anil Verma,9840.0,2026-08-03 13:00:00,UPI
TRAIN-ANOM-14-5,Amit Joshi,Anil Verma,10023.0,2026-08-09 22:00:00,UPI
TRAIN-ANOM-14-6,Amit Joshi,Anil Verma,9317.0,2026-08-12 02:00:00,UPI
TRAIN-ANOM-14-7,Amit Joshi,Anil Verma,9287.0,2026-08-10 05:00:00,UPI
TRAIN-ANOM-15-0,Rahul Patel,Amit Patel,9932.0,2026-08-06 16:00:00,UPI
TRAIN-ANOM-15-1,Rahul Patel,Amit Patel,9853.0,2026-08-11 12:00:00,UPI
TRAIN-ANOM-15-2,Rahul Patel,Amit Patel,9837.0,2026-08-07 10:00:00,UPI
TRAIN-ANOM-15-3,Rahul Patel,Amit Patel,9871.0,2026-08-12 05:00:00,UPI
TRAIN-ANOM-15-4,Rahul Patel,Amit Patel,9511.0,2026-08-04 19:00:00,UPI
TRAIN-ANOM-15-5,Rahul Patel,Amit Patel,9831.0,2026-08-07 04:00:00,UPI
TRAIN-ANOM-15-6,Rahul Patel,Amit Patel,9852.0,2026-08-08 12:00:00,UPI
TRAIN-ANOM-15-7,Rahul Patel,Amit Patel,9499.0,2026-08-12 06:00:00,UPI
TRAIN-ANOM-15-8,Rahul Patel,Amit Patel,10403.0,2026-08-03 17:00:00,UPI
TRAIN-ANOM-15-9,Rahul Patel,Amit Patel,9915.0,2026-08-10 20:00:00,UPI
TRAIN-ANOM-15-10,Rahul Patel,Amit Patel,9333.0,2026-08-07 12:00:00,UPI
TRAIN-ANOM-15-11,Rahul Patel,Amit Patel,9979.0,2026-08-10 10:00:00,UPI
TRAIN-NOISE-160,Anil Singh,Pooja Mehta,5754.0,2026-08-09 08:00:00,UPI
TRAIN-NOISE-161,Vikram Reddy,Pooja Patel,1368.0,2026-08-05 08:00:00,UPI
TRAIN-NOISE-162,Rahul Reddy,Ramesh Verma,1921.0,2026-08-08 08:00:00,UPI
TRAIN-NOISE-163,Vikram Reddy,Amit Reddy,6325.0,2026-08-01 08:00:00,UPI
TRAIN-NOISE-164,Anil Kumar,Deepak Reddy,4869.0,2026-08-13 08:00:00,UPI
TRAIN-NOISE-165,Vikram Sharma,Deepak Patel,8663.0,2026-08-08 08:00:00,UPI
TRAIN-NOISE-166,Vikram Singh,Anil Singh,4973.0,2026-08-12 08:00:00,UPI
TRAIN-NOISE-167,Deepak Joshi,Anil Mehta,3930.0,2026-08-11 08:00:00,UPI
TRAIN-NOISE-168,Amit Rao,Deepak Gupta,592.0,2026-08-05 08:00:00,UPI
TRAIN-NOISE-169,Deepak Singh,Suresh Gupta,2212.0,2026-08-10 08:00:00,UPI
TRAIN-NOISE-170,Pooja Kumar,Deepak Singh,1536.0,2026-08-16 08:00:00,UPI
TRAIN-NOISE-171,Vikram Reddy,Pooja Verma,1408.0,2026-08-01 08:00:00,UPI
TRAIN-NOISE-172,Anil Singh,Amit Sharma,16405.0,2026-08-09 08:00:00,UPI
TRAIN-NOISE-173,Ravi Singh,Vikram Kumar,2397.0,2026-08-14 08:00:00,UPI
TRAIN-NOISE-174,Rahul Joshi,Sameer Sharma,10167.0,2026-08-08 08:00:00,UPI
TRAIN-NOISE-175,Ramesh Singh,Vikram Joshi,4638.0,2026-08-02 08:00:00,UPI
TRAIN-NOISE-176,Rahul Sharma,Anil Kumar,7277.0,2026-08-15 08:00:00,UPI
TRAIN-NOISE-177,Anil Verma,Rahul Joshi,3292.0,2026-08-16 08:00:00,UPI
TRAIN-NOISE-178,Sameer Reddy,Pooja Reddy,4020.0,2026-08-01 08:00:00,UPI
TRAIN-NOISE-179,Pooja Patel,Ravi Verma,3202.0,2026-08-08 08:00:00,UPI
TRAIN-NOISE-180,Anil Rao,Sameer Mehta,1127.0,2026-08-14 08:00:00,UPI
TRAIN-NOISE-181,Vikram Mehta,Pooja Verma,5917.0,2026-08-12 08:00:00,UPI
TRAIN-NOISE-182,Rahul Sharma,Ravi Verma,1633.0,2026-08-14 08:00:00,UPI
TRAIN-NOISE-183,Suresh Sharma,Anil Singh,260.0,2026-08-12 08:00:00,UPI
TRAIN-NOISE-184,Anil Verma,Ravi Rao,4816.0,2026-08-01 08:00:00,UPI
TRAIN-NOISE-185,Vikram Singh,Pooja Kumar,1027.0,2026-08-02 08:00:00,UPI
TRAIN-NOISE-186,Vikram Singh,Deepak Patel,12844.0,2026-08-09 08:00:00,UPI
TRAIN-NOISE-187,Amit Sharma,Sameer Verma,13999.0,2026-08-03 08:00:00,UPI
TRAIN-NOISE-188,Amit Reddy,Rahul Sharma,11235.0,2026-08-04 08:00:00,UPI
TRAIN-NOISE-189,Suresh Rao,Deepak Gupta,2230.0,2026-08-05 08:00:00,UPI
TRAIN-NOISE-190,Suresh Mehta,Sameer Verma,220.0,2026-08-11 08:00:00,UPI
TRAIN-NOISE-191,Amit Joshi,Ramesh Joshi,12009.0,2026-08-16 08:00:00,UPI
TRAIN-NOISE-192,Suresh Sharma,Deepak Singh,2665.0,2026-08-03 08:00:00,UPI
TRAIN-NOISE-193,Deepak Sharma,Suresh Gupta,15453.0,2026-08-10 08:00:00,UPI
TRAIN-NOISE-194,Deepak Mehta,Suresh Mehta,15061.0,2026-08-07 08:00:00,UPI
TRAIN-NOISE-195,Suresh Mehta,Anil Joshi,8778.0,2026-08-10 08:00:00,UPI
TRAIN-NOISE-196,Pooja Patel,Ravi Patel,1719.0,2026-08-16 08:00:00,UPI
TRAIN-NOISE-197,Pooja Joshi,Suresh Gupta,2338.0,2026-08-07 08:00:00,UPI
TRAIN-NOISE-198,Sameer Sharma,Sameer Verma,8721.0,2026-08-02 08:00:00,UPI
TRAIN-NOISE-199,Deepak Gupta,Deepak Kumar,1865.0,2026-08-04 08:00:00,UPI
TRAIN-NOISE-200,Deepak Patel,Rahul Reddy,985.0,2026-08-13 08:00:00,UPI
TRAIN-NOISE-201,Vikram Rao,Vikram Singh,3811.0,2026-08-11 08:00:00,UPI
TRAIN-NOISE-202,Suresh Sharma,Sameer Joshi,12530.0,2026-08-16 08:00:00,UPI
TRAIN-NOISE-203,Deepak Patel,Ravi Sharma,5508.0,2026-08-09 08:00:00,UPI
TRAIN-NOISE-204,Anil Singh,Pooja Singh,3948.0,2026-08-03 08:00:00,UPI
TRAIN-NOISE-205,Rahul Reddy,Amit Mehta,610.0,2026-08-06 08:00:00,UPI
TRAIN-NOISE-206,Ramesh Mehta,Sameer Mehta,4445.0,2026-08-11 08:00:00,UPI
TRAIN-NOISE-207,Ramesh Gupta,Anil Singh,20897.0,2026-08-11 08:00:00,UPI
TRAIN-NOISE-208,Sameer Mehta,Sameer Gupta,829.0,2026-08-15 08:00:00,UPI
TRAIN-NOISE-209,Amit Mehta,Pooja Singh,3437.0,2026-08-06 08:00:00,UPI
TRAIN-NOISE-210,Vikram Rao,Amit Reddy,9593.0,2026-08-15 08:00:00,UPI
TRAIN-NOISE-211,Suresh Mehta,Sameer Verma,6225.0,2026-08-14 08:00:00,UPI
TRAIN-NOISE-212,Anil Gupta,Ravi Gupta,5523.0,2026-08-03 08:00:00,UPI
TRAIN-NOISE-213,Anil Sharma,Amit Patel,5605.0,2026-08-06 08:00:00,UPI
TRAIN-NOISE-214,Anil Mehta,Anil Rao,2154.0,2026-08-15 08:00:00,UPI
TRAIN-NOISE-215,Suresh Gupta,Rahul Singh,1714.0,2026-08-03 08:00:00,UPI
TRAIN-NOISE-216,Rahul Sharma,Amit Patel,7608.0,2026-08-12 08:00:00,UPI
TRAIN-NOISE-217,Vikram Singh,Suresh Reddy,7625.0,2026-08-02 08:00:00,UPI
TRAIN-NOISE-218,Amit Mehta,Vikram Kumar,9230.0,2026-08-15 08:00:00,UPI
TRAIN-NOISE-219,Vikram Rao,Deepak Verma,11150.0,2026-08-05 08:00:00,UPI
TRAIN-NOISE-220,Ravi Rao,Amit Patel,3372.0,2026-08-13 08:00:00,UPI
TRAIN-NOISE-221,Anil Joshi,Anil Gupta,3282.0,2026-08-08 08:00:00,UPI
TRAIN-NOISE-222,Rahul Joshi,Anil Mehta,7354.0,2026-08-06 08:00:00,UPI
TRAIN-NOISE-223,Sameer Joshi,Ravi Sharma,4873.0,2026-08-13 08:00:00,UPI
TRAIN-NOISE-224,Sameer Singh,Vikram Joshi,5597.0,2026-08-09 08:00:00,UPI
TRAIN-NOISE-225,Vikram Verma,Vikram Reddy,7298.0,2026-08-07 08:00:00,UPI
TRAIN-NOISE-226,Pooja Verma,Sameer Sharma,10082.0,2026-08-16 08:00:00,UPI
TRAIN-NOISE-227,Deepak Mehta,Vikram Joshi,2006.0,2026-08-05 08:00:00,UPI
TRAIN-NOISE-228,Deepak Verma,Vikram Reddy,2269.0,2026-08-06 08:00:00,UPI
TRAIN-NOISE-229,Vikram Rao,Ramesh Verma,594.0,2026-08-11 08:00:00,UPI
TRAIN-NOISE-230,Amit Reddy,Anil Verma,4035.0,2026-08-10 08:00:00,UPI
TRAIN-NOISE-231,Ramesh Singh,Pooja Mehta,314.0,2026-08-06 08:00:00,UPI
TRAIN-NOISE-232,Amit Patel,Pooja Patel,2969.0,2026-08-08 08:00:00,UPI
TRAIN-NOISE-233,Vikram Joshi,Deepak Mehta,3670.0,2026-08-05 08:00:00,UPI
TRAIN-NOISE-234,Rahul Sharma,Sameer Joshi,1669.0,2026-08-01 08:00:00,UPI
TRAIN-NOISE-235,Amit Patel,Suresh Verma,4171.0,2026-08-12 08:00:00,UPI
TRAIN-NOISE-236,Ramesh Joshi,Suresh Verma,289.0,2026-08-05 08:00:00,UPI
TRAIN-NOISE-237,Pooja Verma,Ramesh Verma,321.0,2026-08-03 08:00:00,UPI
TRAIN-NOISE-238,Sameer Gupta,Ravi Patel,7932.0,2026-08-16 08:00:00,UPI
TRAIN-NOISE-239,Ravi Rao,Rahul Kumar,2159.0,2026-08-14 08:00:00,UPI
TRAIN-NOISE-240,Ravi Verma,Deepak Verma,761.0,2026-08-05 08:00:00,UPI
TRAIN-NOISE-241,Anil Joshi,Deepak Verma,3473.0,2026-08-15 08:00:00,UPI
TRAIN-NOISE-242,Ramesh Joshi,Ravi Sharma,6763.0,2026-08-12 08:00:00,UPI
TRAIN-NOISE-243,Rahul Singh,Suresh Verma,1244.0,2026-08-06 08:00:00,UPI
TRAIN-NOISE-244,Rahul Singh,Rahul Reddy,4538.0,2026-08-02 08:00:00,UPI
TRAIN-NOISE-245,Vikram Joshi,Ravi Sharma,551.0,2026-08-05 08:00:00,UPI
TRAIN-NOISE-246,Ramesh Singh,Rahul Patel,388.0,2026-08-06 08:00:00,UPI
TRAIN-NOISE-247,Suresh Kumar,Deepak Joshi,3560.0,2026-08-12 08:00:00,UPI
TRAIN-NOISE-248,Ravi Sharma,Sameer Sharma,3650.0,2026-08-03 08:00:00,UPI
TRAIN-NOISE-249,Pooja Joshi,Deepak Mehta,4715.0,2026-08-09 08:00:00,UPI
TRAIN-NOISE-250,Rahul Singh,Ramesh Singh,5977.0,2026-08-03 08:00:00,UPI
TRAIN-NOISE-251,Vikram Sharma,Rahul Patel,16906.0,2026-08-05 08:00:00,UPI
TRAIN-NOISE-252,Rahul Patel,Rahul Gupta,3418.0,2026-08-11 08:00:00,UPI
TRAIN-NOISE-253,Suresh Reddy,Suresh Mehta,1905.0,2026-08-01 08:00:00,UPI
TRAIN-NOISE-254,Anil Singh,Suresh Mehta,7285.0,2026-08-09 08:00:00,UPI
TRAIN-NOISE-255,Ravi Kumar,Ravi Verma,1571.0,2026-08-14 08:00:00,UPI
TRAIN-NOISE-256,Rahul Gupta,Anil Mehta,2750.0,2026-08-16 08:00:00,UPI
TRAIN-NOISE-257,Ramesh Mehta,Sameer Mehta,517.0,2026-08-10 08:00:00,UPI
TRAIN-NOISE-258,Rahul Verma,Ravi Reddy,265.0,2026-08-13 08:00:00,UPI
TRAIN-NOISE-259,Ramesh Singh,Deepak Sharma,14943.0,2026-08-03 08:00:00,UPI
TRAIN-NOISE-260,Ravi Gupta,Pooja Mehta,8284.0,2026-08-15 08:00:00,UPI
TRAIN-NOISE-261,Anil Kumar,Rahul Verma,5507.0,2026-08-15 08:00:00,UPI
TRAIN-NOISE-262,Ravi Kumar,Pooja Rao,2516.0,2026-08-05 08:00:00,UPI
TRAIN-NOISE-263,Amit Reddy,Anil Sharma,1006.0,2026-08-05 08:00:00,UPI
TRAIN-NOISE-264,Deepak Patel,Pooja Patel,915.0,2026-08-04 08:00:00,UPI
TRAIN-NOISE-265,Anil Joshi,Rahul Sharma,1446.0,2026-08-15 08:00:00,UPI
TRAIN-NOISE-266,Vikram Joshi,Deepak Kumar,3735.0,2026-08-15 08:00:00,UPI
TRAIN-NOISE-267,Ravi Reddy,Anil Rao,5792.0,2026-08-04 08:00:00,UPI
TRAIN-NOISE-268,Deepak Reddy,Sameer Mehta,5007.0,2026-08-13 08:00:00,UPI
TRAIN-NOISE-269,Pooja Verma,Anil Kumar,1627.0,2026-08-08 08:00:00,UPI
TRAIN-NOISE-270,Pooja Mehta,Suresh Kumar,14091.0,2026-08-11 08:00:00,UPI
TRAIN-NOISE-271,Ravi Joshi,Pooja Mehta,6175.0,2026-08-16 08:00:00,UPI
TRAIN-NOISE-272,Pooja Patel,Ramesh Joshi,3787.0,2026-08-16 08:00:00,UPI
TRAIN-NOISE-273,Sameer Gupta,Sameer Joshi,4407.0,2026-08-01 08:00:00,UPI
TRAIN-NOISE-274,Ramesh Verma,Ravi Patel,2598.0,2026-08-15 08:00:00,UPI
TRAIN-NOISE-275,Rahul Sharma,Ravi Singh,1430.0,2026-08-12 08:00:00,UPI
TRAIN-NOISE-276,Sameer Sharma,Sameer Joshi,2130.0,2026-08-16 08:00:00,UPI
TRAIN-NOISE-277,Sameer Sharma,Pooja Reddy,6531.0,2026-08-01 08:00:00,UPI
TRAIN-NOISE-278,Ramesh Gupta,Rahul Reddy,215.0,2026-08-05 08:00:00,UPI
TRAIN-NOISE-279,Vikram Verma,Amit Patel,705.0,2026-08-13 08:00:00,UPI
TRAIN-NOISE-280,Amit Patel,Suresh Mehta,361.0,2026-08-13 08:00:00,UPI
TRAIN-NOISE-281,Deepak Reddy,Suresh Reddy,337.0,2026-08-07 08:00:00,UPI
TRAIN-NOISE-282,Amit Patel,Suresh Verma,8853.0,2026-08-10 08:00:00,UPI
TRAIN-NOISE-283,Deepak Verma,Vikram Singh,5623.0,2026-08-15 08:00:00,UPI
TRAIN-NOISE-284,Suresh Verma,Anil Gupta,3042.0,2026-08-04 08:00:00,UPI
TRAIN-NOISE-285,Rahul Singh,Amit Rao,613.0,2026-08-13 08:00:00,UPI
TRAIN-NOISE-286,Deepak Patel,Pooja Rao,3194.0,2026-08-12 08:00:00,UPI
TRAIN-NOISE-287,Anil Rao,Deepak Mehta,3036.0,2026-08-13 08:00:00,UPI
TRAIN-NOISE-288,Vikram Sharma,Suresh Mehta,1005.0,2026-08-02 08:00:00,UPI
TRAIN-NOISE-289,Suresh Gupta,Deepak Singh,2710.0,2026-08-11 08:00:00,UPI
TRAIN-NOISE-290,Pooja Kumar,Ravi Sharma,2437.0,2026-08-15 08:00:00,UPI
TRAIN-NOISE-291,Vikram Kumar,Amit Mehta,4455.0,2026-08-05 08:00:00,UPI
TRAIN-NOISE-292,Suresh Kumar,Pooja Verma,4686.0,2026-08-11 08:00:00,UPI
TRAIN-NOISE-293,Pooja Mehta,Ravi Patel,358.0,2026-08-10 08:00:00,UPI
TRAIN-NOISE-294,Ramesh Rao,Pooja Rao,2262.0,2026-08-16 08:00:00,UPI
TRAIN-NOISE-295,Suresh Reddy,Ramesh Singh,4574.0,2026-08-16 08:00:00,UPI
TRAIN-NOISE-296,Amit Sharma,Deepak Patel,3297.0,2026-08-11 08:00:00,UPI
TRAIN-NOISE-297,Rahul Joshi,Anil Kumar,8886.0,2026-08-10 08:00:00,UPI
TRAIN-NOISE-298,Anil Mehta,Sameer Reddy,4987.0,2026-08-16 08:00:00,UPI
TRAIN-NOISE-299,Vikram Verma,Suresh Rao,950.0,2026-08-08 08:00:00,UPI
TRAIN-NOISE-300,Deepak Reddy,Suresh Rao,479.0,2026-08-16 08:00:00,UPI
TRAIN-NOISE-301,Rahul Patel,Ravi Rao,4777.0,2026-08-13 08:00:00,UPI
TRAIN-NOISE-302,Anil Rao,Ravi Reddy,270.0,2026-08-02 08:00:00,UPI
TRAIN-NOISE-303,Ravi Verma,Rahul Joshi,4116.0,2026-08-07 08:00:00,UPI
TRAIN-NOISE-304,Amit Sharma,Vikram Rao,12827.0,2026-08-11 08:00:00,UPI
TRAIN-NOISE-305,Anil Kumar,Vikram Kumar,4005.0,2026-08-14 08:00:00,UPI
TRAIN-NOISE-306,Ravi Kumar,Rahul Kumar,2360.0,2026-08-16 08:00:00,UPI
TRAIN-NOISE-307,Ravi Gupta,Deepak Singh,4788.0,2026-08-07 08:00:00,UPI
TRAIN-NOISE-308,Sameer Singh,Suresh Kumar,2908.0,2026-08-16 08:00:00,UPI
TRAIN-NOISE-309,Ravi Rao,Amit Verma,3699.0,2026-08-11 08:00:00,UPI
TRAIN-NOISE-310,Amit Joshi,Deepak Sharma,12921.0,2026-08-11 08:00:00,UPI
TRAIN-NOISE-311,Ramesh Mehta,Sameer Verma,2345.0,2026-08-09 08:00:00,UPI
TRAIN-NOISE-312,Pooja Verma,Rahul Verma,14770.0,2026-08-07 08:00:00,UPI
TRAIN-NOISE-313,Ravi Reddy,Anil Gupta,10759.0,2026-08-10 08:00:00,UPI
TRAIN-NOISE-314,Deepak Joshi,Ramesh Singh,1130.0,2026-08-10 08:00:00,UPI
TRAIN-NOISE-315,Ravi Kumar,Sameer Kumar,473.0,2026-08-11 08:00:00,UPI
TRAIN-NOISE-316,Rahul Verma,Amit Reddy,628.0,2026-08-09 08:00:00,UPI
TRAIN-NOISE-317,Sameer Sharma,Vikram Joshi,232.0,2026-08-13 08:00:00,UPI
TRAIN-NOISE-318,Ravi Patel,Amit Reddy,596.0,2026-08-05 08:00:00,UPI
TRAIN-NOISE-319,Sameer Mehta,Suresh Mehta,5319.0,2026-08-10 08:00:00,UPI
TRAIN-NOISE-320,Anil Singh,Amit Reddy,482.0,2026-08-15 08:00:00,UPI
TRAIN-NOISE-321,Pooja Joshi,Rahul Verma,1878.0,2026-08-07 08:00:00,UPI
TRAIN-NOISE-322,Deepak Mehta,Pooja Reddy,8535.0,2026-08-09 08:00:00,UPI
TRAIN-NOISE-323,Sameer Singh,Deepak Kumar,255.0,2026-08-05 08:00:00,UPI
TRAIN-NOISE-324,Ramesh Gupta,Pooja Verma,7730.0,2026-08-08 08:00:00,UPI
TRAIN-NOISE-325,Ravi Reddy,Deepak Reddy,1639.0,2026-08-08 08:00:00,UPI
TRAIN-NOISE-326,Ramesh Sharma,Deepak Reddy,715.0,2026-08-04 08:00:00,UPI
TRAIN-NOISE-327,Rahul Kumar,Deepak Gupta,5519.0,2026-08-16 08:00:00,UPI
TRAIN-NOISE-328,Amit Rao,Deepak Singh,4611.0,2026-08-01 08:00:00,UPI
TRAIN-NOISE-329,Suresh Verma,Pooja Mehta,9597.0,2026-08-14 08:00:00,UPI
TRAIN-NOISE-330,Pooja Kumar,Rahul Verma,6127.0,2026-08-07 08:00:00,UPI
TRAIN-NOISE-331,Sameer Sharma,Suresh Kumar,7471.0,2026-08-10 08:00:00,UPI
TRAIN-NOISE-332,Ravi Gupta,Ramesh Verma,1641.0,2026-08-08 08:00:00,UPI
TRAIN-NOISE-333,Pooja Reddy,Suresh Gupta,1028.0,2026-08-06 08:00:00,UPI
TRAIN-NOISE-334,Anil Kumar,Amit Joshi,6399.0,2026-08-02 08:00:00,UPI
TRAIN-NOISE-335,Ravi Patel,Sameer Joshi,7548.0,2026-08-06 08:00:00,UPI
TRAIN-NOISE-336,Sameer Mehta,Suresh Gupta,21106.0,2026-08-01 08:00:00,UPI
TRAIN-NOISE-337,Ramesh Singh,Suresh Reddy,2544.0,2026-08-04 08:00:00,UPI
TRAIN-NOISE-338,Deepak Gupta,Sameer Sharma,2243.0,2026-08-15 08:00:00,UPI
TRAIN-NOISE-339,Ramesh Mehta,Ravi Rao,6890.0,2026-08-16 08:00:00,UPI
TRAIN-NOISE-340,Deepak Singh,Vikram Sharma,2025.0,2026-08-15 08:00:00,UPI
TRAIN-NOISE-341,Deepak Kumar,Ravi Joshi,12165.0,2026-08-04 08:00:00,UPI
TRAIN-NOISE-342,Deepak Gupta,Pooja Mehta,8946.0,2026-08-15 08:00:00,UPI
TRAIN-NOISE-343,Pooja Joshi,Suresh Sharma,2671.0,2026-08-01 08:00:00,UPI
TRAIN-NOISE-344,Pooja Rao,Sameer Mehta,6404.0,2026-08-07 08:00:00,UPI
TRAIN-NOISE-345,Amit Joshi,Pooja Verma,6470.0,2026-08-13 08:00:00,UPI
TRAIN-NOISE-346,Pooja Singh,Pooja Patel,639.0,2026-08-11 08:00:00,UPI
TRAIN-NOISE-347,Ramesh Verma,Anil Sharma,10628.0,2026-08-04 08:00:00,UPI
TRAIN-NOISE-348,Suresh Sharma,Deepak Singh,3316.0,2026-08-16 08:00:00,UPI
TRAIN-NOISE-349,Suresh Kumar,Ravi Reddy,8030.0,2026-08-01 08:00:00,UPI
TRAIN-NOISE-350,Vikram Verma,Vikram Singh,1885.0,2026-08-08 08:00:00,UPI
TRAIN-NOISE-351,Vikram Reddy,Deepak Kumar,10314.0,2026-08-11 08:00:00,UPI
TRAIN-NOISE-352,Ramesh Singh,Suresh Rao,2368.0,2026-08-01 08:00:00,UPI
TRAIN-NOISE-353,Vikram Verma,Amit Patel,199.0,2026-08-08 08:00:00,UPI
TRAIN-NOISE-354,Ravi Gupta,Vikram Joshi,10760.0,2026-08-15 08:00:00,UPI
TRAIN-NOISE-355,Sameer Gupta,Pooja Mehta,580.0,2026-08-13 08:00:00,UPI
TRAIN-NOISE-356,Vikram Sharma,Sameer Gupta,1880.0,2026-08-04 08:00:00,UPI
TRAIN-NOISE-357,Sameer Mehta,Deepak Patel,13636.0,2026-08-08 08:00:00,UPI
TRAIN-NOISE-358,Deepak Joshi,Deepak Singh,13685.0,2026-08-16 08:00:00,UPI
TRAIN-NOISE-359,Vikram Kumar,Deepak Sharma,3983.0,2026-08-12 08:00:00,UPI
TRAIN-NOISE-360,Anil Kumar,Suresh Verma,4646.0,2026-08-16 08:00:00,UPI
TRAIN-NOISE-361,Pooja Reddy,Ravi Singh,2827.0,2026-08-08 08:00:00,UPI
TRAIN-NOISE-362,Sameer Reddy,Anil Singh,1711.0,2026-08-15 08:00:00,UPI
TRAIN-NOISE-363,Ravi Rao,Amit Patel,1943.0,2026-08-03 08:00:00,UPI
TRAIN-NOISE-364,Suresh Reddy,Rahul Joshi,5173.0,2026-08-02 08:00:00,UPI
TRAIN-NOISE-365,Suresh Verma,Vikram Sharma,6431.0,2026-08-07 08:00:00,UPI
TRAIN-NOISE-366,Ravi Verma,Pooja Reddy,7206.0,2026-08-05 08:00:00,UPI
TRAIN-NOISE-367,Rahul Patel,Suresh Kumar,7164.0,2026-08-15 08:00:00,UPI
TRAIN-NOISE-368,Rahul Joshi,Ravi Kumar,580.0,2026-08-16 08:00:00,UPI
TRAIN-NOISE-369,Ramesh Verma,Pooja Patel,3219.0,2026-08-15 08:00:00,UPI
TRAIN-NOISE-370,Ravi Gupta,Deepak Sharma,416.0,2026-08-05 08:00:00,UPI
TRAIN-NOISE-371,Pooja Patel,Anil Kumar,3738.0,2026-08-15 08:00:00,UPI
TRAIN-NOISE-372,Suresh Reddy,Ravi Gupta,2771.0,2026-08-15 08:00:00,UPI
TRAIN-NOISE-373,Sameer Gupta,Amit Sharma,9989.0,2026-08-13 08:00:00,UPI
TRAIN-NOISE-374,Pooja Joshi,Vikram Mehta,2094.0,2026-08-07 08:00:00,UPI
TRAIN-NOISE-375,Suresh Rao,Deepak Verma,710.0,2026-08-02 08:00:00,UPI
TRAIN-NOISE-376,Pooja Singh,Amit Reddy,844.0,2026-08-03 08:00:00,UPI
TRAIN-NOISE-377,Ramesh Mehta,Ravi Gupta,6600.0,2026-08-03 08:00:00,UPI
TRAIN-NOISE-378,Pooja Kumar,Suresh Gupta,4483.0,2026-08-10 08:00:00,UPI
TRAIN-NOISE-379,Rahul Kumar,Suresh Sharma,629.0,2026-08-05 08:00:00,UPI
TRAIN-NOISE-380,Anil Kumar,Deepak Patel,545.0,2026-08-13 08:00:00,UPI
TRAIN-NOISE-381,Vikram Reddy,Amit Verma,5582.0,2026-08-13 08:00:00,UPI
TRAIN-NOISE-382,Anil Singh,Ramesh Mehta,489.0,2026-08-05 08:00:00,UPI
TRAIN-NOISE-383,Amit Reddy,Vikram Joshi,7913.0,2026-08-06 08:00:00,UPI
TRAIN-NOISE-384,Pooja Reddy,Ravi Patel,5662.0,2026-08-05 08:00:00,UPI
TRAIN-NOISE-385,Deepak Joshi,Vikram Mehta,531.0,2026-08-01 08:00:00,UPI
TRAIN-NOISE-386,Ramesh Singh,Ramesh Joshi,548.0,2026-08-14 08:00:00,UPI
TRAIN-NOISE-387,Pooja Reddy,Amit Verma,19569.0,2026-08-08 08:00:00,UPI
TRAIN-NOISE-388,Ravi Reddy,Deepak Sharma,2259.0,2026-08-12 08:00:00,UPI
TRAIN-NOISE-389,Vikram Kumar,Anil Gupta,2233.0,2026-08-07 08:00:00,UPI
TRAIN-NOISE-390,Rahul Joshi,Suresh Gupta,7690.0,2026-08-14 08:00:00,UPI
TRAIN-NOISE-391,Pooja Verma,Amit Sharma,13389.0,2026-08-08 08:00:00,UPI
TRAIN-NOISE-392,Ravi Kumar,Anil Verma,19359.0,2026-08-04 08:00:00,UPI
TRAIN-NOISE-393,Sameer Reddy,Suresh Gupta,6449.0,2026-08-15 08:00:00,UPI
TRAIN-NOISE-394,Sameer Reddy,Deepak Reddy,2274.0,2026-08-08 08:00:00,UPI
TRAIN-NOISE-395,Suresh Mehta,Anil Sharma,542.0,2026-08-15 08:00:00,UPI
TRAIN-NOISE-396,Ramesh Sharma,Ramesh Mehta,6905.0,2026-08-07 08:00:00,UPI
TRAIN-NOISE-397,Ravi Gupta,Deepak Singh,3828.0,2026-08-10 08:00:00,UPI
TRAIN-NOISE-398,Ramesh Sharma,Ravi Verma,2634.0,2026-08-11 08:00:00,UPI
TRAIN-NOISE-399,Ravi Verma,Sameer Reddy,10807.0,2026-08-11 08:00:00,UPI
TRAIN-NOISE-400,Rahul Sharma,Ramesh Singh,680.0,2026-08-05 08:00:00,UPI
TRAIN-NOISE-401,Ravi Sharma,Deepak Joshi,3203.0,2026-08-14 08:00:00,UPI
TRAIN-NOISE-402,Ramesh Singh,Anil Gupta,201.0,2026-08-02 08:00:00,UPI
TRAIN-NOISE-403,Sameer Singh,Ramesh Rao,2995.0,2026-08-06 08:00:00,UPI
TRAIN-NOISE-404,Pooja Singh,Sameer Singh,410.0,2026-08-16 08:00:00,UPI
TRAIN-NOISE-405,Deepak Reddy,Amit Reddy,719.0,2026-08-13 08:00:00,UPI
TRAIN-NOISE-406,Ravi Rao,Anil Joshi,712.0,2026-08-14 08:00:00,UPI
TRAIN-NOISE-407,Rahul Kumar,Vikram Kumar,4864.0,2026-08-10 08:00:00,UPI
TRAIN-NOISE-408,Amit Verma,Suresh Sharma,6317.0,2026-08-16 08:00:00,UPI
TRAIN-NOISE-409,Rahul Sharma,Deepak Joshi,4089.0,2026-08-10 08:00:00,UPI
TRAIN-NOISE-410,Anil Rao,Ramesh Joshi,14886.0,2026-08-02 08:00:00,UPI
TRAIN-NOISE-411,Sameer Singh,Rahul Kumar,2264.0,2026-08-14 08:00:00,UPI
TRAIN-NOISE-412,Sameer Singh,Ravi Rao,1664.0,2026-08-05 08:00:00,UPI
TRAIN-NOISE-413,Vikram Singh,Ravi Reddy,9282.0,2026-08-09 08:00:00,UPI
TRAIN-NOISE-414,Ravi Kumar,Deepak Gupta,1288.0,2026-08-03 08:00:00,UPI
TRAIN-NOISE-415,Vikram Reddy,Deepak Patel,15012.0,2026-08-03 08:00:00,UPI
TRAIN-NOISE-416,Pooja Reddy,Ravi Joshi,205.0,2026-08-02 08:00:00,UPI
TRAIN-NOISE-417,Deepak Kumar,Amit Verma,15911.0,2026-08-02 08:00:00,UPI
TRAIN-NOISE-418,Deepak Verma,Ravi Joshi,348.0,2026-08-07 08:00:00,UPI
TRAIN-NOISE-419,Rahul Verma,Ravi Kumar,10129.0,2026-08-11 08:00:00,UPI
TRAIN-NOISE-420,Ramesh Singh,Deepak Rao,3525.0,2026-08-07 08:00:00,UPI
TRAIN-NOISE-421,Ravi Joshi,Vikram Joshi,22455.0,2026-08-16 08:00:00,UPI
TRAIN-NOISE-422,Ravi Reddy,Amit Mehta,494.0,2026-08-07 08:00:00,UPI
TRAIN-NOISE-423,Ravi Patel,Rahul Sharma,3781.0,2026-08-11 08:00:00,UPI
TRAIN-NOISE-424,Sameer Sharma,Amit Verma,15826.0,2026-08-15 08:00:00,UPI
TRAIN-NOISE-425,Pooja Reddy,Sameer Verma,3481.0,2026-08-10 08:00:00,UPI
TRAIN-NOISE-426,Vikram Verma,Amit Patel,4616.0,2026-08-16 08:00:00,UPI
TRAIN-NOISE-427,Ramesh Joshi,Amit Rao,5504.0,2026-08-16 08:00:00,UPI
TRAIN-NOISE-428,Anil Joshi,Ravi Kumar,2877.0,2026-08-12 08:00:00,UPI
TRAIN-NOISE-429,Anil Joshi,Rahul Kumar,4594.0,2026-08-02 08:00:00,UPI
TRAIN-NOISE-430,Suresh Reddy,Deepak Joshi,4100.0,2026-08-05 08:00:00,UPI
TRAIN-NOISE-431,Amit Sharma,Vikram Verma,10564.0,2026-08-14 08:00:00,UPI
TRAIN-NOISE-432,Sameer Mehta,Vikram Kumar,359.0,2026-08-07 08:00:00,UPI
TRAIN-NOISE-433,Deepak Gupta,Ramesh Sharma,1634.0,2026-08-13 08:00:00,UPI
TRAIN-NOISE-434,Suresh Reddy,Ravi Reddy,13667.0,2026-08-16 08:00:00,UPI
TRAIN-NOISE-435,Suresh Verma,Pooja Rao,10093.0,2026-08-09 08:00:00,UPI
TRAIN-NOISE-436,Deepak Sharma,Rahul Patel,2886.0,2026-08-12 08:00:00,UPI
TRAIN-NOISE-437,Rahul Patel,Deepak Singh,4505.0,2026-08-16 08:00:00,UPI
TRAIN-NOISE-438,Suresh Sharma,Ramesh Mehta,1611.0,2026-08-02 08:00:00,UPI
TRAIN-NOISE-439,Ravi Rao,Suresh Gupta,1087.0,2026-08-03 08:00:00,UPI
TRAIN-NOISE-440,Deepak Reddy,Vikram Mehta,2953.0,2026-08-14 08:00:00,UPI
TRAIN-NOISE-441,Deepak Singh,Ramesh Sharma,2111.0,2026-08-03 08:00:00,UPI
TRAIN-NOISE-442,Vikram Kumar,Deepak Rao,4093.0,2026-08-07 08:00:00,UPI
TRAIN-NOISE-443,Vikram Sharma,Deepak Sharma,514.0,2026-08-12 08:00:00,UPI
TRAIN-NOISE-444,Ravi Gupta,Rahul Gupta,16642.0,2026-08-16 08:00:00,UPI
TRAIN-NOISE-445,Sameer Kumar,Amit Sharma,19427.0,2026-08-01 08:00:00,UPI
TRAIN-NOISE-446,Pooja Reddy,Suresh Verma,5540.0,2026-08-14 08:00:00,UPI
TRAIN-NOISE-447,Deepak Rao,Amit Sharma,3606.0,2026-08-09 08:00:00,UPI
TRAIN-NOISE-448,Pooja Reddy,Sameer Sharma,1816.0,2026-08-01 08:00:00,UPI
TRAIN-NOISE-449,Vikram Sharma,Rahul Reddy,7714.0,2026-08-06 08:00:00,UPI
TRAIN-NOISE-450,Ramesh Gupta,Amit Rao,5344.0,2026-08-05 08:00:00,UPI
TRAIN-NOISE-451,Rahul Sharma,Ravi Joshi,948.0,2026-08-09 08:00:00,UPI
TRAIN-NOISE-452,Sameer Verma,Deepak Kumar,11032.0,2026-08-13 08:00:00,UPI
TRAIN-NOISE-453,Anil Singh,Deepak Patel,7930.0,2026-08-13 08:00:00,UPI
TRAIN-NOISE-454,Deepak Sharma,Suresh Reddy,13612.0,2026-08-08 08:00:00,UPI
TRAIN-NOISE-455,Deepak Joshi,Ramesh Singh,5971.0,2026-08-03 08:00:00,UPI
TRAIN-NOISE-456,Suresh Gupta,Ramesh Verma,4426.0,2026-08-13 08:00:00,UPI
TRAIN-NOISE-457,Suresh Verma,Pooja Kumar,2587.0,2026-08-02 08:00:00,UPI
TRAIN-NOISE-458,Deepak Rao,Rahul Patel,12295.0,2026-08-03 08:00:00,UPI
TRAIN-NOISE-459,Sameer Joshi,Rahul Reddy,9196.0,2026-08-11 08:00:00,UPI
TRAIN-NOISE-460,Suresh Reddy,Amit Rao,358.0,2026-08-02 08:00:00,UPI
TRAIN-NOISE-461,Ramesh Sharma,Ravi Singh,270.0,2026-08-16 08:00:00,UPI
TRAIN-NOISE-462,Deepak Kumar,Suresh Mehta,2275.0,2026-08-03 08:00:00,UPI
TRAIN-NOISE-463,Anil Gupta,Ramesh Mehta,7636.0,2026-08-02 08:00:00,UPI
TRAIN-NOISE-464,Amit Joshi,Anil Joshi,19789.0,2026-08-01 08:00:00,UPI
TRAIN-NOISE-465,Ravi Kumar,Ramesh Rao,883.0,2026-08-05 08:00:00,UPI
TRAIN-NOISE-466,Ravi Patel,Deepak Verma,4207.0,2026-08-10 08:00:00,UPI
TRAIN-NOISE-467,Pooja Mehta,Suresh Reddy,2307.0,2026-08-08 08:00:00,UPI
TRAIN-NOISE-468,Suresh Reddy,Vikram Singh,15916.0,2026-08-11 08:00:00,UPI
TRAIN-NOISE-469,Vikram Singh,Deepak Singh,8456.0,2026-08-03 08:00:00,UPI
TRAIN-NOISE-470,Vikram Sharma,Amit Reddy,8349.0,2026-08-02 08:00:00,UPI
TRAIN-NOISE-471,Amit Rao,Rahul Reddy,2995.0,2026-08-08 08:00:00,UPI
TRAIN-NOISE-472,Deepak Verma,Pooja Rao,2561.0,2026-08-13 08:00:00,UPI
TRAIN-NOISE-473,Suresh Kumar,Anil Mehta,1587.0,2026-08-09 08:00:00,UPI
TRAIN-NOISE-474,Vikram Reddy,Sameer Kumar,411.0,2026-08-08 08:00:00,UPI
TRAIN-NOISE-475,Sameer Verma,Suresh Verma,9151.0,2026-08-13 08:00:00,UPI
TRAIN-NOISE-476,Rahul Reddy,Suresh Sharma,7692.0,2026-08-13 08:00:00,UPI
TRAIN-NOISE-477,Anil Singh,Rahul Gupta,36926.0,2026-08-10 08:00:00,UPI
TRAIN-NOISE-478,Ravi Reddy,Deepak Verma,25776.0,2026-08-03 08:00:00,UPI
TRAIN-NOISE-479,Deepak Kumar,Vikram Kumar,3797.0,2026-08-13 08:00:00,UPI
TRAIN-NOISE-480,Vikram Kumar,Vikram Singh,6743.0,2026-08-11 08:00:00,UPI
TRAIN-NOISE-481,Amit Patel,Ramesh Gupta,13182.0,2026-08-03 08:00:00,UPI
TRAIN-NOISE-482,Vikram Mehta,Sameer Gupta,8676.0,2026-08-15 08:00:00,UPI
TRAIN-NOISE-483,Amit Patel,Deepak Kumar,1428.0,2026-08-04 08:00:00,UPI
TRAIN-NOISE-484,Rahul Singh,Ramesh Verma,2844.0,2026-08-06 08:00:00,UPI
TRAIN-NOISE-485,Rahul Reddy,Vikram Reddy,772.0,2026-08-14 08:00:00,UPI
TRAIN-NOISE-486,Ramesh Gupta,Anil Mehta,14011.0,2026-08-03 08:00:00,UPI
TRAIN-NOISE-487,Sameer Verma,Suresh Verma,4343.0,2026-08-03 08:00:00,UPI
TRAIN-NOISE-488,Suresh Kumar,Vikram Singh,1318.0,2026-08-01 08:00:00,UPI
TRAIN-NOISE-489,Sameer Mehta,Rahul Kumar,5162.0,2026-08-13 08:00:00,UPI
TRAIN-NOISE-490,Anil Singh,Sameer Singh,4482.0,2026-08-08 08:00:00,UPI
TRAIN-NOISE-491,Ravi Verma,Ravi Sharma,2145.0,2026-08-06 08:00:00,UPI
TRAIN-NOISE-492,Amit Verma,Rahul Patel,692.0,2026-08-05 08:00:00,UPI
TRAIN-NOISE-493,Deepak Kumar,Ramesh Singh,5160.0,2026-08-09 08:00:00,UPI
TRAIN-NOISE-494,Sameer Joshi,Anil Rao,3455.0,2026-08-03 08:00:00,UPI
TRAIN-NOISE-495,Rahul Patel,Rahul Reddy,6809.0,2026-08-09 08:00:00,UPI
TRAIN-NOISE-496,Anil Kumar,Ramesh Singh,3454.0,2026-08-16 08:00:00,UPI
TRAIN-NOISE-497,Deepak Verma,Amit Patel,8752.0,2026-08-09 08:00:00,UPI
TRAIN-NOISE-498,Ravi Reddy,Sameer Joshi,3762.0,2026-08-07 08:00:00,UPI
TRAIN-NOISE-499,Deepak Sharma,Ramesh Gupta,3854.0,2026-08-05 08:00:00,UPI
TRAIN-NOISE-500,Ramesh Singh,Vikram Mehta,9567.0,2026-08-13 08:00:00,UPI
TRAIN-NOISE-501,Deepak Gupta,Rahul Gupta,2474.0,2026-08-13 08:00:00,UPI
TRAIN-NOISE-502,Deepak Gupta,Vikram Rao,797.0,2026-08-11 08:00:00,UPI
TRAIN-NOISE-503,Rahul Reddy,Sameer Reddy,281.0,2026-08-05 08:00:00,UPI
TRAIN-NOISE-504,Ramesh Singh,Suresh Kumar,6481.0,2026-08-07 08:00:00,UPI
TRAIN-NOISE-505,Rahul Verma,Anil Joshi,4507.0,2026-08-06 08:00:00,UPI
TRAIN-NOISE-506,Ravi Patel,Anil Joshi,5629.0,2026-08-10 08:00:00,UPI
TRAIN-NOISE-507,Sameer Kumar,Ravi Verma,1227.0,2026-08-08 08:00:00,UPI
TRAIN-NOISE-508,Suresh Kumar,Amit Verma,809.0,2026-08-09 08:00:00,UPI
TRAIN-NOISE-509,Ravi Patel,Amit Patel,215.0,2026-08-04 08:00:00,UPI
TRAIN-NOISE-510,Suresh Reddy,Deepak Mehta,2092.0,2026-08-06 08:00:00,UPI
TRAIN-NOISE-511,Suresh Verma,Anil Mehta,4161.0,2026-08-15 08:00:00,UPI
TRAIN-NOISE-512,Ravi Kumar,Vikram Rao,2390.0,2026-08-10 08:00:00,UPI
TRAIN-NOISE-513,Anil Verma,Rahul Kumar,2738.0,2026-08-16 08:00:00,UPI
TRAIN-NOISE-514,Deepak Singh,Ramesh Singh,10702.0,2026-08-08 08:00:00,UPI
TRAIN-NOISE-515,Pooja Joshi,Vikram Kumar,2076.0,2026-08-14 08:00:00,UPI
TRAIN-NOISE-516,Amit Verma,Deepak Verma,3396.0,2026-08-15 08:00:00,UPI
TRAIN-NOISE-517,Sameer Reddy,Rahul Verma,7038.0,2026-08-13 08:00:00,UPI
TRAIN-NOISE-518,Pooja Reddy,Vikram Sharma,2422.0,2026-08-14 08:00:00,UPI
TRAIN-NOISE-519,Ramesh Mehta,Suresh Gupta,4528.0,2026-08-12 08:00:00,UPI
TRAIN-NOISE-520,Pooja Reddy,Sameer Reddy,9074.0,2026-08-03 08:00:00,UPI
TRAIN-NOISE-521,Ramesh Gupta,Ravi Reddy,13587.0,2026-08-12 08:00:00,UPI
TRAIN-NOISE-522,Rahul Patel,Pooja Verma,865.0,2026-08-02 08:00:00,UPI
TRAIN-NOISE-523,Suresh Reddy,Anil Sharma,11902.0,2026-08-11 08:00:00,UPI
TRAIN-NOISE-524,Rahul Reddy,Ramesh Gupta,3198.0,2026-08-01 08:00:00,UPI
TRAIN-NOISE-525,Amit Rao,Vikram Verma,1494.0,2026-08-08 08:00:00,UPI
TRAIN-NOISE-526,Pooja Patel,Ravi Sharma,2915.0,2026-08-08 08:00:00,UPI
TRAIN-NOISE-527,Vikram Reddy,Deepak Patel,17761.0,2026-08-13 08:00:00,UPI
TRAIN-NOISE-528,Ramesh Joshi,Ramesh Rao,3203.0,2026-08-05 08:00:00,UPI
TRAIN-NOISE-529,Amit Reddy,Anil Mehta,1943.0,2026-08-16 08:00:00,UPI
TRAIN-NOISE-530,Ramesh Gupta,Sameer Mehta,4665.0,2026-08-14 08:00:00,UPI
TRAIN-NOISE-531,Anil Singh,Rahul Joshi,1385.0,2026-08-05 08:00:00,UPI
TRAIN-NOISE-532,Amit Reddy,Sameer Gupta,505.0,2026-08-11 08:00:00,UPI
TRAIN-NOISE-533,Deepak Sharma,Ravi Kumar,770.0,2026-08-16 08:00:00,UPI
TRAIN-NOISE-534,Amit Reddy,Pooja Kumar,766.0,2026-08-04 08:00:00,UPI
TRAIN-NOISE-535,Vikram Rao,Vikram Reddy,891.0,2026-08-11 08:00:00,UPI
TRAIN-NOISE-536,Anil Verma,Ramesh Singh,822.0,2026-08-02 08:00:00,UPI
TRAIN-NOISE-537,Rahul Joshi,Amit Sharma,4758.0,2026-08-11 08:00:00,UPI
TRAIN-NOISE-538,Ramesh Gupta,Rahul Patel,1053.0,2026-08-08 08:00:00,UPI
TRAIN-NOISE-539,Ravi Sharma,Amit Joshi,2058.0,2026-08-06 08:00:00,UPI
TRAIN-NOISE-540,Deepak Gupta,Sameer Singh,10369.0,2026-08-14 08:00:00,UPI
TRAIN-NOISE-541,Ramesh Joshi,Ramesh Sharma,3040.0,2026-08-13 08:00:00,UPI
TRAIN-NOISE-542,Rahul Reddy,Ravi Patel,5105.0,2026-08-01 08:00:00,UPI
TRAIN-NOISE-543,Pooja Verma,Deepak Mehta,1001.0,2026-08-15 08:00:00,UPI
TRAIN-NOISE-544,Ramesh Rao,Pooja Singh,1110.0,2026-08-13 08:00:00,UPI
TRAIN-NOISE-545,Vikram Mehta,Ravi Singh,337.0,2026-08-07 08:00:00,UPI
TRAIN-NOISE-546,Anil Gupta,Anil Verma,982.0,2026-08-04 08:00:00,UPI
TRAIN-NOISE-547,Pooja Reddy,Suresh Sharma,1619.0,2026-08-12 08:00:00,UPI
TRAIN-NOISE-548,Suresh Kumar,Deepak Mehta,1026.0,2026-08-15 08:00:00,UPI
TRAIN-NOISE-549,Rahul Joshi,Vikram Verma,567.0,2026-08-16 08:00:00,UPI
TRAIN-NOISE-550,Ravi Rao,Anil Joshi,728.0,2026-08-13 08:00:00,UPI
TRAIN-NOISE-551,Pooja Verma,Ravi Patel,2929.0,2026-08-04 08:00:00,UPI
TRAIN-NOISE-552,Amit Reddy,Sameer Verma,1189.0,2026-08-15 08:00:00,UPI
TRAIN-NOISE-553,Rahul Gupta,Amit Joshi,2188.0,2026-08-10 08:00:00,UPI
TRAIN-NOISE-554,Pooja Verma,Ramesh Rao,3300.0,2026-08-03 08:00:00,UPI
TRAIN-NOISE-555,Deepak Singh,Anil Joshi,5426.0,2026-08-04 08:00:00,UPI
TRAIN-NOISE-556,Rahul Sharma,Sameer Gupta,330.0,2026-08-04 08:00:00,UPI
TRAIN-NOISE-557,Suresh Sharma,Deepak Patel,7379.0,2026-08-05 08:00:00,UPI
TRAIN-NOISE-558,Pooja Patel,Vikram Singh,4598.0,2026-08-14 08:00:00,UPI
TRAIN-NOISE-559,Sameer Reddy,Deepak Singh,533.0,2026-08-13 08:00:00,UPI
TRAIN-NOISE-560,Pooja Singh,Suresh Sharma,9456.0,2026-08-16 08:00:00,UPI
TRAIN-NOISE-561,Pooja Reddy,Amit Joshi,11565.0,2026-08-06 08:00:00,UPI
TRAIN-NOISE-562,Sameer Kumar,Sameer Sharma,433.0,2026-08-05 08:00:00,UPI
TRAIN-NOISE-563,Suresh Sharma,Anil Joshi,1608.0,2026-08-15 08:00:00,UPI
TRAIN-NOISE-564,Rahul Gupta,Deepak Reddy,7534.0,2026-08-12 08:00:00,UPI
TRAIN-NOISE-565,Deepak Rao,Sameer Kumar,6357.0,2026-08-05 08:00:00,UPI
TRAIN-NOISE-566,Ravi Joshi,Vikram Singh,1067.0,2026-08-16 08:00:00,UPI
TRAIN-NOISE-567,Rahul Kumar,Sameer Kumar,1207.0,2026-08-14 08:00:00,UPI
TRAIN-NOISE-568,Vikram Rao,Sameer Kumar,2232.0,2026-08-06 08:00:00,UPI
TRAIN-NOISE-569,Anil Singh,Suresh Reddy,3131.0,2026-08-01 08:00:00,UPI
TRAIN-NOISE-570,Deepak Joshi,Sameer Mehta,4483.0,2026-08-02 08:00:00,UPI
TRAIN-NOISE-571,Anil Gupta,Deepak Joshi,2221.0,2026-08-10 08:00:00,UPI
TRAIN-NOISE-572,Rahul Patel,Deepak Sharma,2944.0,2026-08-16 08:00:00,UPI
TRAIN-NOISE-573,Suresh Verma,Pooja Patel,6343.0,2026-08-04 08:00:00,UPI
TRAIN-NOISE-574,Ravi Verma,Rahul Joshi,318.0,2026-08-09 08:00:00,UPI
TRAIN-NOISE-575,Ramesh Mehta,Amit Patel,1459.0,2026-08-02 08:00:00,UPI
TRAIN-NOISE-576,Vikram Rao,Ramesh Mehta,5772.0,2026-08-07 08:00:00,UPI
TRAIN-NOISE-577,Pooja Singh,Ramesh Gupta,10300.0,2026-08-08 08:00:00,UPI
TRAIN-NOISE-578,Ramesh Singh,Suresh Gupta,3375.0,2026-08-15 08:00:00,UPI
TRAIN-NOISE-579,Vikram Verma,Amit Reddy,3567.0,2026-08-03 08:00:00,UPI
TRAIN-NOISE-580,Vikram Rao,Vikram Joshi,660.0,2026-08-08 08:00:00,UPI
TRAIN-NOISE-581,Ravi Kumar,Ramesh Rao,2819.0,2026-08-12 08:00:00,UPI
TRAIN-NOISE-582,Pooja Verma,Pooja Singh,3572.0,2026-08-06 08:00:00,UPI
TRAIN-NOISE-583,Pooja Verma,Deepak Singh,1399.0,2026-08-07 08:00:00,UPI
TRAIN-NOISE-584,Ravi Kumar,Ravi Gupta,1561.0,2026-08-12 08:00:00,UPI
TRAIN-NOISE-585,Pooja Reddy,Anil Gupta,2281.0,2026-08-06 08:00:00,UPI
TRAIN-NOISE-586,Suresh Kumar,Sameer Mehta,241.0,2026-08-10 08:00:00,UPI
TRAIN-NOISE-587,Ravi Verma,Deepak Kumar,1899.0,2026-08-04 08:00:00,UPI
TRAIN-NOISE-588,Deepak Singh,Rahul Kumar,1219.0,2026-08-02 08:00:00,UPI
TRAIN-NOISE-589,Anil Gupta,Rahul Singh,1935.0,2026-08-05 08:00:00,UPI
TRAIN-NOISE-590,Ravi Reddy,Anil Rao,724.0,2026-08-11 08:00:00,UPI
TRAIN-NOISE-591,Ravi Reddy,Ravi Patel,10104.0,2026-08-16 08:00:00,UPI
TRAIN-NOISE-592,Anil Rao,Ravi Verma,4201.0,2026-08-09 08:00:00,UPI
TRAIN-NOISE-593,Anil Kumar,Amit Verma,5264.0,2026-08-15 08:00:00,UPI
TRAIN-NOISE-594,Deepak Verma,Ramesh Verma,7155.0,2026-08-13 08:00:00,UPI
TRAIN-NOISE-595,Pooja Patel,Anil Gupta,3255.0,2026-08-12 08:00:00,UPI
TRAIN-NOISE-596,Deepak Sharma,Sameer Kumar,559.0,2026-08-11 08:00:00,UPI
TRAIN-NOISE-597,Suresh Rao,Vikram Mehta,3616.0,2026-08-03 08:00:00,UPI
TRAIN-NOISE-598,Deepak Sharma,Sameer Verma,4127.0,2026-08-03 08:00:00,UPI
TRAIN-NOISE-599,Pooja Reddy,Ravi Patel,6306.0,2026-08-07 08:00:00,UPI
TRAIN-NOISE-600,Pooja Singh,Ravi Singh,2692.0,2026-08-16 08:00:00,UPI
TRAIN-NOISE-601,Deepak Kumar,Suresh Kumar,764.0,2026-08-10 08:00:00,UPI
TRAIN-NOISE-602,Pooja Rao,Suresh Verma,1651.0,2026-08-05 08:00:00,UPI
TRAIN-NOISE-603,Suresh Reddy,Sameer Kumar,2180.0,2026-08-11 08:00:00,UPI
TRAIN-NOISE-604,Deepak Reddy,Suresh Mehta,4822.0,2026-08-04 08:00:00,UPI
TRAIN-NOISE-605,Deepak Sharma,Amit Sharma,3956.0,2026-08-04 08:00:00,UPI
TRAIN-NOISE-606,Pooja Mehta,Vikram Rao,2130.0,2026-08-15 08:00:00,UPI
TRAIN-NOISE-607,Vikram Mehta,Pooja Singh,19527.0,2026-08-07 08:00:00,UPI
TRAIN-NOISE-608,Rahul Singh,Ramesh Singh,4338.0,2026-08-06 08:00:00,UPI
TRAIN-NOISE-609,Anil Gupta,Ramesh Verma,1368.0,2026-08-12 08:00:00,UPI
TRAIN-NOISE-610,Pooja Joshi,Anil Singh,633.0,2026-08-12 08:00:00,UPI
TRAIN-NOISE-611,Rahul Patel,Deepak Reddy,896.0,2026-08-13 08:00:00,UPI
TRAIN-NOISE-612,Sameer Gupta,Ramesh Sharma,1420.0,2026-08-14 08:00:00,UPI
TRAIN-NOISE-613,Ramesh Verma,Amit Rao,938.0,2026-08-01 08:00:00,UPI
TRAIN-NOISE-614,Ravi Singh,Rahul Verma,1079.0,2026-08-03 08:00:00,UPI
TRAIN-NOISE-615,Rahul Singh,Ramesh Rao,1660.0,2026-08-08 08:00:00,UPI
TRAIN-NOISE-616,Ravi Sharma,Vikram Rao,1006.0,2026-08-01 08:00:00,UPI
TRAIN-NOISE-617,Deepak Rao,Pooja Rao,10368.0,2026-08-04 08:00:00,UPI
TRAIN-NOISE-618,Pooja Singh,Rahul Singh,526.0,2026-08-16 08:00:00,UPI
TRAIN-NOISE-619,Deepak Verma,Ramesh Sharma,3495.0,2026-08-13 08:00:00,UPI
TRAIN-NOISE-620,Ramesh Verma,Ramesh Gupta,2527.0,2026-08-04 08:00:00,UPI
TRAIN-NOISE-621,Anil Joshi,Deepak Patel,18323.0,2026-08-10 08:00:00,UPI
TRAIN-NOISE-622,Deepak Singh,Amit Verma,684.0,2026-08-05 08:00:00,UPI
TRAIN-NOISE-623,Anil Rao,Anil Verma,2432.0,2026-08-01 08:00:00,UPI
TRAIN-NOISE-624,Pooja Verma,Rahul Patel,15850.0,2026-08-15 08:00:00,UPI
TRAIN-NOISE-625,Amit Reddy,Ravi Singh,9178.0,2026-08-05 08:00:00,UPI
TRAIN-NOISE-626,Rahul Kumar,Pooja Verma,7793.0,2026-08-15 08:00:00,UPI
TRAIN-NOISE-627,Ravi Singh,Ramesh Verma,1492.0,2026-08-04 08:00:00,UPI
TRAIN-NOISE-628,Deepak Singh,Vikram Joshi,993.0,2026-08-13 08:00:00,UPI
TRAIN-NOISE-629,Amit Reddy,Pooja Singh,5120.0,2026-08-11 08:00:00,UPI
TRAIN-NOISE-630,Deepak Singh,Ravi Reddy,12076.0,2026-08-09 08:00:00,UPI
TRAIN-NOISE-631,Anil Singh,Ravi Reddy,3811.0,2026-08-10 08:00:00,UPI
TRAIN-NOISE-632,Anil Mehta,Ramesh Singh,3964.0,2026-08-07 08:00:00,UPI
TRAIN-NOISE-633,Ravi Sharma,Amit Mehta,1628.0,2026-08-07 08:00:00,UPI
TRAIN-NOISE-634,Ravi Patel,Sameer Mehta,6753.0,2026-08-02 08:00:00,UPI
TRAIN-NOISE-635,Rahul Sharma,Sameer Joshi,1081.0,2026-08-13 08:00:00,UPI
TRAIN-NOISE-636,Rahul Joshi,Rahul Sharma,1909.0,2026-08-16 08:00:00,UPI
TRAIN-NOISE-637,Sameer Reddy,Deepak Verma,2643.0,2026-08-01 08:00:00,UPI
TRAIN-NOISE-638,Amit Patel,Anil Joshi,3338.0,2026-08-05 08:00:00,UPI
TRAIN-NOISE-639,Vikram Singh,Suresh Reddy,1399.0,2026-08-14 08:00:00,UPI
TRAIN-NOISE-640,Amit Patel,Ramesh Mehta,698.0,2026-08-06 08:00:00,UPI
TRAIN-NOISE-641,Pooja Kumar,Deepak Verma,4394.0,2026-08-01 08:00:00,UPI
TRAIN-NOISE-642,Ramesh Rao,Anil Verma,1682.0,2026-08-01 08:00:00,UPI
TRAIN-NOISE-643,Vikram Verma,Ravi Singh,4067.0,2026-08-02 08:00:00,UPI
TRAIN-NOISE-644,Ravi Gupta,Ravi Patel,904.0,2026-08-10 08:00:00,UPI
TRAIN-NOISE-645,Vikram Sharma,Anil Kumar,3102.0,2026-08-14 08:00:00,UPI
TRAIN-NOISE-646,Anil Sharma,Anil Singh,3572.0,2026-08-05 08:00:00,UPI
TRAIN-NOISE-647,Anil Gupta,Anil Singh,389.0,2026-08-10 08:00:00,UPI
TRAIN-NOISE-648,Anil Singh,Pooja Patel,1996.0,2026-08-07 08:00:00,UPI
TRAIN-NOISE-649,Vikram Kumar,Pooja Reddy,799.0,2026-08-11 08:00:00,UPI
TRAIN-NOISE-650,Ravi Patel,Ramesh Rao,444.0,2026-08-03 08:00:00,UPI
TRAIN-NOISE-651,Sameer Gupta,Rahul Reddy,20855.0,2026-08-08 08:00:00,UPI
TRAIN-NOISE-652,Ravi Gupta,Ravi Reddy,1901.0,2026-08-03 08:00:00,UPI
TRAIN-NOISE-653,Rahul Reddy,Rahul Joshi,7620.0,2026-08-15 08:00:00,UPI
TRAIN-NOISE-654,Pooja Verma,Amit Mehta,1472.0,2026-08-02 08:00:00,UPI
TRAIN-NOISE-655,Sameer Gupta,Amit Joshi,5298.0,2026-08-04 08:00:00,UPI
TRAIN-NOISE-656,Deepak Rao,Deepak Singh,6576.0,2026-08-01 08:00:00,UPI
TRAIN-NOISE-657,Pooja Mehta,Sameer Joshi,4224.0,2026-08-12 08:00:00,UPI
TRAIN-NOISE-658,Vikram Verma,Rahul Patel,3020.0,2026-08-12 08:00:00,UPI
TRAIN-NOISE-659,Rahul Singh,Deepak Kumar,2538.0,2026-08-04 08:00:00,UPI
TRAIN-NOISE-660,Anil Mehta,Deepak Gupta,2080.0,2026-08-14 08:00:00,UPI
TRAIN-NOISE-661,Deepak Kumar,Ravi Rao,12086.0,2026-08-03 08:00:00,UPI
TRAIN-NOISE-662,Vikram Verma,Ravi Verma,8140.0,2026-08-03 08:00:00,UPI
TRAIN-NOISE-663,Sameer Joshi,Deepak Sharma,15239.0,2026-08-12 08:00:00,UPI
TRAIN-NOISE-664,Ravi Gupta,Sameer Joshi,747.0,2026-08-06 08:00:00,UPI
TRAIN-NOISE-665,Deepak Patel,Pooja Mehta,6056.0,2026-08-09 08:00:00,UPI
TRAIN-NOISE-666,Ramesh Gupta,Ravi Verma,12687.0,2026-08-04 08:00:00,UPI
TRAIN-NOISE-667,Ramesh Sharma,Pooja Patel,1049.0,2026-08-01 08:00:00,UPI
TRAIN-NOISE-668,Suresh Mehta,Deepak Rao,459.0,2026-08-08 08:00:00,UPI
TRAIN-NOISE-669,Suresh Mehta,Pooja Kumar,6231.0,2026-08-12 08:00:00,UPI
TRAIN-NOISE-670,Vikram Singh,Vikram Kumar,3994.0,2026-08-06 08:00:00,UPI
TRAIN-NOISE-671,Suresh Gupta,Suresh Verma,8448.0,2026-08-14 08:00:00,UPI
TRAIN-NOISE-672,Deepak Joshi,Suresh Kumar,827.0,2026-08-08 08:00:00,UPI
TRAIN-NOISE-673,Anil Kumar,Anil Joshi,7287.0,2026-08-09 08:00:00,UPI
TRAIN-NOISE-674,Deepak Verma,Ravi Verma,1163.0,2026-08-12 08:00:00,UPI
TRAIN-NOISE-675,Vikram Joshi,Vikram Sharma,954.0,2026-08-02 08:00:00,UPI
TRAIN-NOISE-676,Amit Joshi,Deepak Joshi,957.0,2026-08-02 08:00:00,UPI
TRAIN-NOISE-677,Anil Sharma,Anil Verma,7732.0,2026-08-15 08:00:00,UPI
TRAIN-NOISE-678,Sameer Sharma,Sameer Gupta,5073.0,2026-08-11 08:00:00,UPI
TRAIN-NOISE-679,Ramesh Verma,Suresh Verma,3481.0,2026-08-15 08:00:00,UPI
TRAIN-NOISE-680,Deepak Rao,Deepak Patel,2150.0,2026-08-07 08:00:00,UPI
TRAIN-NOISE-681,Sameer Mehta,Suresh Reddy,9587.0,2026-08-10 08:00:00,UPI
TRAIN-NOISE-682,Rahul Gupta,Ravi Reddy,2392.0,2026-08-15 08:00:00,UPI
TRAIN-NOISE-683,Deepak Patel,Ramesh Rao,7782.0,2026-08-16 08:00:00,UPI
TRAIN-NOISE-684,Deepak Mehta,Ramesh Mehta,2752.0,2026-08-08 08:00:00,UPI
TRAIN-NOISE-685,Vikram Kumar,Vikram Mehta,2279.0,2026-08-14 08:00:00,UPI
TRAIN-NOISE-686,Anil Mehta,Ramesh Sharma,2945.0,2026-08-12 08:00:00,UPI
TRAIN-NOISE-687,Deepak Rao,Deepak Gupta,1763.0,2026-08-01 08:00:00,UPI
TRAIN-NOISE-688,Amit Verma,Sameer Gupta,6345.0,2026-08-04 08:00:00,UPI
TRAIN-NOISE-689,Ravi Kumar,Ravi Rao,3293.0,2026-08-08 08:00:00,UPI
TRAIN-NOISE-690,Anil Kumar,Sameer Kumar,1339.0,2026-08-02 08:00:00,UPI
TRAIN-NOISE-691,Anil Rao,Anil Gupta,10492.0,2026-08-03 08:00:00,UPI
TRAIN-NOISE-692,Suresh Mehta,Ramesh Sharma,2329.0,2026-08-14 08:00:00,UPI
TRAIN-NOISE-693,Deepak Patel,Deepak Sharma,3679.0,2026-08-03 08:00:00,UPI
TRAIN-NOISE-694,Suresh Rao,Amit Rao,10812.0,2026-08-05 08:00:00,UPI
TRAIN-NOISE-695,Ravi Patel,Deepak Verma,4554.0,2026-08-02 08:00:00,UPI
TRAIN-NOISE-696,Rahul Reddy,Rahul Singh,709.0,2026-08-08 08:00:00,UPI
TRAIN-NOISE-697,Sameer Mehta,Vikram Verma,12797.0,2026-08-11 08:00:00,UPI
TRAIN-NOISE-698,Ravi Patel,Suresh Kumar,4596.0,2026-08-11 08:00:00,UPI
TRAIN-NOISE-699,Vikram Reddy,Deepak Kumar,1985.0,2026-08-08 08:00:00,UPI
TRAIN-NOISE-700,Deepak Verma,Deepak Mehta,824.0,2026-08-05 08:00:00,UPI
TRAIN-NOISE-701,Suresh Rao,Ramesh Gupta,7260.0,2026-08-05 08:00:00,UPI
TRAIN-NOISE-702,Ramesh Gupta,Rahul Patel,4504.0,2026-08-15 08:00:00,UPI
TRAIN-NOISE-703,Ramesh Joshi,Anil Joshi,3580.0,2026-08-14 08:00:00,UPI
TRAIN-NOISE-704,Vikram Joshi,Pooja Reddy,10244.0,2026-08-12 08:00:00,UPI
TRAIN-NOISE-705,Ravi Kumar,Vikram Reddy,7142.0,2026-08-10 08:00:00,UPI
TRAIN-NOISE-706,Ramesh Joshi,Vikram Verma,890.0,2026-08-04 08:00:00,UPI
TRAIN-NOISE-707,Ramesh Verma,Pooja Mehta,1831.0,2026-08-10 08:00:00,UPI
TRAIN-NOISE-708,Amit Mehta,Suresh Mehta,1435.0,2026-08-07 08:00:00,UPI
TRAIN-NOISE-709,Suresh Kumar,Anil Rao,6280.0,2026-08-03 08:00:00,UPI
TRAIN-NOISE-710,Ravi Reddy,Sameer Verma,303.0,2026-08-13 08:00:00,UPI
TRAIN-NOISE-711,Pooja Patel,Deepak Reddy,3946.0,2026-08-10 08:00:00,UPI
TRAIN-NOISE-712,Vikram Verma,Amit Joshi,6618.0,2026-08-01 08:00:00,UPI
TRAIN-NOISE-713,Anil Sharma,Vikram Reddy,9571.0,2026-08-08 08:00:00,UPI
TRAIN-NOISE-714,Amit Rao,Ramesh Joshi,2034.0,2026-08-04 08:00:00,UPI
TRAIN-NOISE-715,Deepak Singh,Vikram Joshi,7898.0,2026-08-01 08:00:00,UPI
TRAIN-NOISE-716,Ravi Gupta,Deepak Joshi,677.0,2026-08-05 08:00:00,UPI
TRAIN-NOISE-717,Deepak Mehta,Anil Sharma,8581.0,2026-08-12 08:00:00,UPI
TRAIN-NOISE-718,Anil Singh,Suresh Rao,763.0,2026-08-09 08:00:00,UPI
TRAIN-NOISE-719,Deepak Verma,Amit Sharma,2428.0,2026-08-03 08:00:00,UPI
TRAIN-NOISE-720,Deepak Mehta,Vikram Rao,7332.0,2026-08-05 08:00:00,UPI
TRAIN-NOISE-721,Ramesh Verma,Deepak Gupta,880.0,2026-08-04 08:00:00,UPI
TRAIN-NOISE-722,Suresh Mehta,Ramesh Joshi,1321.0,2026-08-02 08:00:00,UPI
TRAIN-NOISE-723,Rahul Patel,Ravi Verma,5914.0,2026-08-14 08:00:00,UPI
TRAIN-NOISE-724,Ravi Patel,Sameer Joshi,5878.0,2026-08-01 08:00:00,UPI
TRAIN-NOISE-725,Amit Verma,Pooja Singh,4761.0,2026-08-06 08:00:00,UPI
TRAIN-NOISE-726,Sameer Verma,Ravi Singh,5478.0,2026-08-06 08:00:00,UPI
TRAIN-NOISE-727,Vikram Reddy,Vikram Kumar,3671.0,2026-08-02 08:00:00,UPI
TRAIN-NOISE-728,Pooja Verma,Rahul Gupta,1455.0,2026-08-08 08:00:00,UPI
TRAIN-NOISE-729,Sameer Mehta,Sameer Joshi,2058.0,2026-08-14 08:00:00,UPI
TRAIN-NOISE-730,Suresh Verma,Rahul Verma,1051.0,2026-08-02 08:00:00,UPI
TRAIN-NOISE-731,Ramesh Verma,Anil Gupta,10908.0,2026-08-13 08:00:00,UPI
TRAIN-NOISE-732,Deepak Singh,Anil Kumar,4090.0,2026-08-07 08:00:00,UPI
TRAIN-NOISE-733,Ravi Rao,Ravi Reddy,2455.0,2026-08-01 08:00:00,UPI
TRAIN-NOISE-734,Amit Verma,Sameer Verma,2939.0,2026-08-16 08:00:00,UPI
TRAIN-NOISE-735,Ramesh Mehta,Sameer Kumar,13392.0,2026-08-12 08:00:00,UPI
TRAIN-NOISE-736,Suresh Reddy,Vikram Sharma,899.0,2026-08-11 08:00:00,UPI
TRAIN-NOISE-737,Vikram Singh,Deepak Kumar,4121.0,2026-08-06 08:00:00,UPI
TRAIN-NOISE-738,Anil Mehta,Anil Joshi,3322.0,2026-08-08 08:00:00,UPI
TRAIN-NOISE-739,Anil Mehta,Anil Gupta,4404.0,2026-08-02 08:00:00,UPI
TRAIN-NOISE-740,Pooja Kumar,Ravi Rao,232.0,2026-08-12 08:00:00,UPI
TRAIN-NOISE-741,Suresh Rao,Ramesh Sharma,9405.0,2026-08-06 08:00:00,UPI
TRAIN-NOISE-742,Amit Rao,Ravi Reddy,12254.0,2026-08-08 08:00:00,UPI
TRAIN-NOISE-743,Deepak Kumar,Pooja Reddy,3897.0,2026-08-02 08:00:00,UPI
TRAIN-NOISE-744,Deepak Joshi,Ravi Verma,5517.0,2026-08-13 08:00:00,UPI
TRAIN-NOISE-745,Sameer Verma,Amit Joshi,11658.0,2026-08-06 08:00:00,UPI
TRAIN-NOISE-746,Rahul Sharma,Ramesh Rao,5677.0,2026-08-11 08:00:00,UPI
TRAIN-NOISE-747,Sameer Verma,Ramesh Rao,894.0,2026-08-01 08:00:00,UPI
TRAIN-NOISE-748,Sameer Verma,Suresh Reddy,4014.0,2026-08-05 08:00:00,UPI
TRAIN-NOISE-749,Suresh Reddy,Ravi Joshi,4349.0,2026-08-16 08:00:00,UPI
TRAIN-NOISE-750,Ramesh Mehta,Sameer Gupta,2633.0,2026-08-06 08:00:00,UPI
TRAIN-NOISE-751,Sameer Kumar,Suresh Gupta,6150.0,2026-08-03 08:00:00,UPI
TRAIN-NOISE-752,Ravi Gupta,Ramesh Sharma,12406.0,2026-08-08 08:00:00,UPI
TRAIN-NOISE-753,Amit Sharma,Ravi Rao,11840.0,2026-08-16 08:00:00,UPI
TRAIN-NOISE-754,Vikram Mehta,Deepak Gupta,2847.0,2026-08-07 08:00:00,UPI
TRAIN-NOISE-755,Rahul Singh,Pooja Rao,690.0,2026-08-06 08:00:00,UPI
TRAIN-NOISE-756,Suresh Kumar,Ravi Gupta,19001.0,2026-08-01 08:00:00,UPI
TRAIN-NOISE-757,Anil Rao,Ramesh Rao,8365.0,2026-08-05 08:00:00,UPI
TRAIN-NOISE-758,Rahul Joshi,Ravi Rao,749.0,2026-08-12 08:00:00,UPI
TRAIN-NOISE-759,Deepak Verma,Deepak Patel,11563.0,2026-08-13 08:00:00,UPI
TRAIN-NOISE-760,Ramesh Rao,Amit Rao,9327.0,2026-08-11 08:00:00,UPI
TRAIN-NOISE-761,Ramesh Singh,Suresh Kumar,3441.0,2026-08-05 08:00:00,UPI
TRAIN-NOISE-762,Pooja Mehta,Rahul Reddy,4176.0,2026-08-16 08:00:00,UPI
TRAIN-NOISE-763,Anil Joshi,Amit Joshi,2441.0,2026-08-12 08:00:00,UPI
TRAIN-NOISE-764,Deepak Joshi,Ramesh Rao,403.0,2026-08-06 08:00:00,UPI
TRAIN-NOISE-765,Amit Verma,Sameer Gupta,1987.0,2026-08-10 08:00:00,UPI
TRAIN-NOISE-766,Rahul Singh,Amit Joshi,7457.0,2026-08-01 08:00:00,UPI
TRAIN-NOISE-767,Ravi Verma,Ravi Patel,170.0,2026-08-02 08:00:00,UPI
TRAIN-NOISE-768,Suresh Sharma,Amit Mehta,1975.0,2026-08-11 08:00:00,UPI
TRAIN-NOISE-769,Pooja Verma,Deepak Joshi,2435.0,2026-08-04 08:00:00,UPI
TRAIN-NOISE-770,Sameer Joshi,Anil Rao,3618.0,2026-08-11 08:00:00,UPI
TRAIN-NOISE-771,Deepak Verma,Rahul Sharma,11507.0,2026-08-12 08:00:00,UPI
TRAIN-NOISE-772,Anil Joshi,Rahul Patel,2063.0,2026-08-03 08:00:00,UPI
TRAIN-NOISE-773,Deepak Gupta,Vikram Reddy,2067.0,2026-08-01 08:00:00,UPI
TRAIN-NOISE-774,Vikram Verma,Ravi Kumar,6168.0,2026-08-08 08:00:00,UPI
TRAIN-NOISE-775,Anil Verma,Amit Reddy,2858.0,2026-08-09 08:00:00,UPI
TRAIN-NOISE-776,Ramesh Gupta,Vikram Mehta,1294.0,2026-08-02 08:00:00,UPI
TRAIN-NOISE-777,Vikram Singh,Vikram Rao,2860.0,2026-08-14 08:00:00,UPI
TRAIN-NOISE-778,Rahul Patel,Rahul Kumar,833.0,2026-08-16 08:00:00,UPI
TRAIN-NOISE-779,Amit Verma,Amit Reddy,1023.0,2026-08-13 08:00:00,UPI
TRAIN-NOISE-780,Amit Rao,Rahul Verma,3254.0,2026-08-08 08:00:00,UPI
TRAIN-NOISE-781,Pooja Mehta,Vikram Reddy,2592.0,2026-08-03 08:00:00,UPI
TRAIN-NOISE-782,Suresh Gupta,Sameer Mehta,11234.0,2026-08-01 08:00:00,UPI
TRAIN-NOISE-783,Anil Joshi,Vikram Verma,2175.0,2026-08-04 08:00:00,UPI
TRAIN-NOISE-784,Deepak Verma,Pooja Rao,4060.0,2026-08-06 08:00:00,UPI
TRAIN-NOISE-785,Amit Verma,Pooja Mehta,4651.0,2026-08-03 08:00:00,UPI
TRAIN-NOISE-786,Suresh Verma,Ramesh Verma,209.0,2026-08-11 08:00:00,UPI
TRAIN-NOISE-787,Sameer Reddy,Pooja Verma,5051.0,2026-08-16 08:00:00,UPI
TRAIN-NOISE-788,Anil Mehta,Rahul Reddy,1032.0,2026-08-06 08:00:00,UPI
TRAIN-NOISE-789,Amit Mehta,Rahul Reddy,14756.0,2026-08-06 08:00:00,UPI
TRAIN-NOISE-790,Deepak Reddy,Amit Rao,874.0,2026-08-11 08:00:00,UPI
TRAIN-NOISE-791,Ravi Kumar,Ravi Joshi,2559.0,2026-08-14 08:00:00,UPI
TRAIN-NOISE-792,Suresh Verma,Ramesh Mehta,551.0,2026-08-09 08:00:00,UPI
TRAIN-NOISE-793,Sameer Sharma,Ramesh Singh,26106.0,2026-08-08 08:00:00,UPI
TRAIN-NOISE-794,Amit Rao,Deepak Reddy,3288.0,2026-08-13 08:00:00,UPI
TRAIN-NOISE-795,Ravi Verma,Suresh Verma,4221.0,2026-08-16 08:00:00,UPI
TRAIN-NOISE-796,Vikram Kumar,Deepak Reddy,462.0,2026-08-12 08:00:00,UPI
TRAIN-NOISE-797,Vikram Mehta,Pooja Singh,6387.0,2026-08-03 08:00:00,UPI
TRAIN-NOISE-798,Sameer Mehta,Sameer Reddy,1210.0,2026-08-16 08:00:00,UPI
TRAIN-NOISE-799,Deepak Mehta,Amit Rao,10424.0,2026-08-01 08:00:00,UPI
TRAIN-NOISE-800,Ravi Kumar,Rahul Patel,1183.0,2026-08-10 08:00:00,UPI
TRAIN-NOISE-801,Anil Singh,Pooja Kumar,1102.0,2026-08-04 08:00:00,UPI
TRAIN-NOISE-802,Sameer Gupta,Ravi Patel,317.0,2026-08-16 08:00:00,UPI
TRAIN-NOISE-803,Sameer Kumar,Vikram Verma,3024.0,2026-08-03 08:00:00,UPI
TRAIN-NOISE-804,Ramesh Mehta,Vikram Singh,3894.0,2026-08-06 08:00:00,UPI
TRAIN-NOISE-805,Deepak Patel,Amit Verma,455.0,2026-08-12 08:00:00,UPI
TRAIN-NOISE-806,Suresh Sharma,Vikram Reddy,6873.0,2026-08-02 08:00:00,UPI
TRAIN-NOISE-807,Vikram Verma,Vikram Rao,2867.0,2026-08-15 08:00:00,UPI
TRAIN-NOISE-808,Vikram Verma,Deepak Joshi,3494.0,2026-08-09 08:00:00,UPI
TRAIN-NOISE-809,Suresh Reddy,Ravi Gupta,2765.0,2026-08-05 08:00:00,UPI
TRAIN-NOISE-810,Amit Rao,Anil Singh,2454.0,2026-08-12 08:00:00,UPI
TRAIN-NOISE-811,Ramesh Mehta,Rahul Kumar,3840.0,2026-08-08 08:00:00,UPI
TRAIN-NOISE-812,Suresh Verma,Ravi Gupta,909.0,2026-08-13 08:00:00,UPI
TRAIN-NOISE-813,Ravi Sharma,Anil Kumar,1053.0,2026-08-16 08:00:00,UPI
TRAIN-NOISE-814,Ravi Verma,Rahul Sharma,9055.0,2026-08-16 08:00:00,UPI
TRAIN-NOISE-815,Ramesh Singh,Anil Singh,13294.0,2026-08-13 08:00:00,UPI
TRAIN-NOISE-816,Suresh Gupta,Vikram Sharma,2252.0,2026-08-05 08:00:00,UPI
TRAIN-NOISE-817,Vikram Joshi,Vikram Reddy,1570.0,2026-08-06 08:00:00,UPI
TRAIN-NOISE-818,Rahul Patel,Ravi Singh,4797.0,2026-08-07 08:00:00,UPI
TRAIN-NOISE-819,Rahul Singh,Suresh Mehta,2514.0,2026-08-14 08:00:00,UPI
TRAIN-NOISE-820,Anil Singh,Rahul Reddy,265.0,2026-08-07 08:00:00,UPI
TRAIN-NOISE-821,Anil Rao,Sameer Reddy,914.0,2026-08-09 08:00:00,UPI
TRAIN-NOISE-822,Anil Joshi,Anil Verma,5814.0,2026-08-03 08:00:00,UPI
TRAIN-NOISE-823,Vikram Singh,Sameer Singh,4990.0,2026-08-13 08:00:00,UPI
TRAIN-NOISE-824,Suresh Verma,Suresh Kumar,273.0,2026-08-09 08:00:00,UPI
TRAIN-NOISE-825,Ravi Sharma,Deepak Sharma,1279.0,2026-08-01 08:00:00,UPI
TRAIN-NOISE-826,Rahul Gupta,Ramesh Rao,1332.0,2026-08-14 08:00:00,UPI
TRAIN-NOISE-827,Rahul Joshi,Anil Kumar,5164.0,2026-08-05 08:00:00,UPI
TRAIN-NOISE-828,Anil Rao,Suresh Reddy,239.0,2026-08-04 08:00:00,UPI
TRAIN-NOISE-829,Ramesh Gupta,Suresh Reddy,644.0,2026-08-04 08:00:00,UPI
TRAIN-NOISE-830,Sameer Sharma,Pooja Reddy,7390.0,2026-08-12 08:00:00,UPI
TRAIN-NOISE-831,Rahul Kumar,Vikram Verma,1035.0,2026-08-13 08:00:00,UPI
TRAIN-NOISE-832,Sameer Kumar,Ravi Verma,4909.0,2026-08-16 08:00:00,UPI
TRAIN-NOISE-833,Suresh Gupta,Amit Joshi,1374.0,2026-08-09 08:00:00,UPI
TRAIN-NOISE-834,Anil Sharma,Anil Rao,621.0,2026-08-13 08:00:00,UPI
TRAIN-NOISE-835,Suresh Gupta,Ravi Patel,1403.0,2026-08-11 08:00:00,UPI
TRAIN-NOISE-836,Rahul Sharma,Deepak Reddy,5914.0,2026-08-16 08:00:00,UPI
TRAIN-NOISE-837,Deepak Kumar,Deepak Patel,8861.0,2026-08-01 08:00:00,UPI
TRAIN-NOISE-838,Pooja Rao,Ramesh Singh,8129.0,2026-08-10 08:00:00,UPI
TRAIN-NOISE-839,Anil Gupta,Sameer Kumar,2427.0,2026-08-04 08:00:00,UPI
TRAIN-NOISE-840,Ramesh Sharma,Deepak Singh,5112.0,2026-08-10 08:00:00,UPI
TRAIN-NOISE-841,Vikram Rao,Suresh Kumar,1182.0,2026-08-09 08:00:00,UPI
TRAIN-NOISE-842,Anil Kumar,Amit Mehta,1711.0,2026-08-03 08:00:00,UPI
TRAIN-NOISE-843,Ravi Joshi,Vikram Rao,10349.0,2026-08-07 08:00:00,UPI
TRAIN-NOISE-844,Rahul Kumar,Sameer Kumar,208.0,2026-08-12 08:00:00,UPI
TRAIN-NOISE-845,Ravi Gupta,Pooja Patel,552.0,2026-08-06 08:00:00,UPI
TRAIN-NOISE-846,Anil Verma,Sameer Gupta,1198.0,2026-08-13 08:00:00,UPI
TRAIN-NOISE-847,Deepak Singh,Ravi Rao,271.0,2026-08-01 08:00:00,UPI
TRAIN-NOISE-848,Amit Joshi,Ravi Joshi,1050.0,2026-08-07 08:00:00,UPI
TRAIN-NOISE-849,Ravi Gupta,Ravi Reddy,4086.0,2026-08-02 08:00:00,UPI
TRAIN-NOISE-850,Deepak Sharma,Deepak Reddy,2612.0,2026-08-12 08:00:00,UPI
TRAIN-NOISE-851,Deepak Mehta,Anil Gupta,10193.0,2026-08-12 08:00:00,UPI
TRAIN-NOISE-852,Ramesh Joshi,Vikram Sharma,7803.0,2026-08-13 08:00:00,UPI
TRAIN-NOISE-853,Vikram Joshi,Anil Mehta,2032.0,2026-08-08 08:00:00,UPI
TRAIN-NOISE-854,Deepak Patel,Sameer Kumar,1501.0,2026-08-15 08:00:00,UPI
TRAIN-NOISE-855,Amit Joshi,Pooja Kumar,2298.0,2026-08-12 08:00:00,UPI
TRAIN-NOISE-856,Amit Reddy,Pooja Mehta,4165.0,2026-08-09 08:00:00,UPI
TRAIN-NOISE-857,Ramesh Verma,Sameer Sharma,1554.0,2026-08-01 08:00:00,UPI
TRAIN-NOISE-858,Vikram Singh,Deepak Reddy,4553.0,2026-08-06 08:00:00,UPI
TRAIN-NOISE-859,Ravi Verma,Ravi Singh,2519.0,2026-08-08 08:00:00,UPI
TRAIN-NOISE-860,Deepak Joshi,Ravi Kumar,3763.0,2026-08-09 08:00:00,UPI
TRAIN-NOISE-861,Rahul Kumar,Pooja Patel,2728.0,2026-08-01 08:00:00,UPI
TRAIN-NOISE-862,Deepak Rao,Pooja Kumar,1719.0,2026-08-05 08:00:00,UPI
TRAIN-NOISE-863,Amit Joshi,Sameer Reddy,13493.0,2026-08-01 08:00:00,UPI
TRAIN-NOISE-864,Deepak Joshi,Pooja Joshi,6640.0,2026-08-10 08:00:00,UPI
TRAIN-NOISE-865,Anil Gupta,Pooja Singh,829.0,2026-08-13 08:00:00,UPI
TRAIN-NOISE-866,Amit Reddy,Deepak Sharma,9278.0,2026-08-09 08:00:00,UPI
TRAIN-NOISE-867,Ravi Singh,Ramesh Joshi,3157.0,2026-08-10 08:00:00,UPI
TRAIN-NOISE-868,Ravi Sharma,Rahul Gupta,10272.0,2026-08-13 08:00:00,UPI
TRAIN-NOISE-869,Suresh Rao,Ramesh Gupta,7389.0,2026-08-01 08:00:00,UPI
TRAIN-NOISE-870,Pooja Patel,Deepak Patel,2641.0,2026-08-10 08:00:00,UPI
TRAIN-NOISE-871,Ramesh Singh,Ramesh Gupta,252.0,2026-08-16 08:00:00,UPI
TRAIN-NOISE-872,Anil Verma,Pooja Rao,1558.0,2026-08-09 08:00:00,UPI
TRAIN-NOISE-873,Suresh Kumar,Anil Gupta,3660.0,2026-08-09 08:00:00,UPI
TRAIN-NOISE-874,Ramesh Singh,Ravi Joshi,4666.0,2026-08-05 08:00:00,UPI
TRAIN-NOISE-875,Ravi Sharma,Rahul Sharma,1492.0,2026-08-02 08:00:00,UPI
TRAIN-NOISE-876,Sameer Reddy,Anil Sharma,825.0,2026-08-11 08:00:00,UPI
TRAIN-NOISE-877,Deepak Singh,Anil Mehta,8256.0,2026-08-16 08:00:00,UPI
TRAIN-NOISE-878,Sameer Mehta,Vikram Verma,18872.0,2026-08-14 08:00:00,UPI
TRAIN-NOISE-879,Anil Sharma,Vikram Singh,3506.0,2026-08-02 08:00:00,UPI
TRAIN-NOISE-880,Suresh Rao,Ravi Verma,997.0,2026-08-07 08:00:00,UPI
TRAIN-NOISE-881,Pooja Rao,Deepak Joshi,1580.0,2026-08-16 08:00:00,UPI
TRAIN-NOISE-882,Sameer Verma,Vikram Sharma,233.0,2026-08-10 08:00:00,UPI
TRAIN-NOISE-883,Rahul Patel,Sameer Singh,11205.0,2026-08-06 08:00:00,UPI
TRAIN-NOISE-884,Sameer Mehta,Amit Rao,713.0,2026-08-16 08:00:00,UPI
TRAIN-NOISE-885,Rahul Singh,Vikram Verma,4016.0,2026-08-06 08:00:00,UPI
TRAIN-NOISE-886,Deepak Gupta,Ramesh Verma,1591.0,2026-08-08 08:00:00,UPI
TRAIN-NOISE-887,Sameer Verma,Deepak Joshi,3785.0,2026-08-10 08:00:00,UPI
TRAIN-NOISE-888,Anil Kumar,Deepak Gupta,4892.0,2026-08-12 08:00:00,UPI
TRAIN-NOISE-889,Vikram Verma,Suresh Rao,8116.0,2026-08-10 08:00:00,UPI
TRAIN-NOISE-890,Ramesh Joshi,Vikram Joshi,1190.0,2026-08-16 08:00:00,UPI
TRAIN-NOISE-891,Deepak Reddy,Suresh Rao,199.0,2026-08-03 08:00:00,UPI
TRAIN-NOISE-892,Pooja Kumar,Ravi Joshi,812.0,2026-08-04 08:00:00,UPI
TRAIN-NOISE-893,Amit Verma,Ravi Rao,10512.0,2026-08-10 08:00:00,UPI
TRAIN-NOISE-894,Rahul Kumar,Deepak Reddy,9467.0,2026-08-05 08:00:00,UPI
TRAIN-NOISE-895,Deepak Singh,Deepak Mehta,4244.0,2026-08-11 08:00:00,UPI
TRAIN-NOISE-896,Rahul Kumar,Suresh Reddy,4279.0,2026-08-15 08:00:00,UPI
TRAIN-NOISE-897,Anil Rao,Anil Joshi,5071.0,2026-08-06 08:00:00,UPI
TRAIN-NOISE-898,Anil Singh,Sameer Kumar,1017.0,2026-08-11 08:00:00,UPI
TRAIN-NOISE-899,Amit Joshi,Anil Joshi,11211.0,2026-08-02 08:00:00,UPI
TRAIN-NOISE-900,Vikram Mehta,Vikram Reddy,2591.0,2026-08-09 08:00:00,UPI
TRAIN-NOISE-901,Ravi Kumar,Rahul Patel,2323.0,2026-08-06 08:00:00,UPI
TRAIN-NOISE-902,Sameer Kumar,Ramesh Verma,3442.0,2026-08-05 08:00:00,UPI
TRAIN-NOISE-903,Pooja Verma,Rahul Reddy,366.0,2026-08-14 08:00:00,UPI
TRAIN-NOISE-904,Anil Sharma,Pooja Singh,968.0,2026-08-16 08:00:00,UPI
TRAIN-NOISE-905,Vikram Singh,Vikram Mehta,6177.0,2026-08-02 08:00:00,UPI
TRAIN-NOISE-906,Pooja Reddy,Deepak Mehta,538.0,2026-08-12 08:00:00,UPI
TRAIN-NOISE-907,Deepak Rao,Suresh Kumar,4308.0,2026-08-07 08:00:00,UPI
TRAIN-NOISE-908,Amit Sharma,Vikram Mehta,1416.0,2026-08-08 08:00:00,UPI
TRAIN-NOISE-909,Deepak Joshi,Amit Reddy,2369.0,2026-08-10 08:00:00,UPI
TRAIN-NOISE-910,Rahul Singh,Ramesh Gupta,1682.0,2026-08-13 08:00:00,UPI
TRAIN-NOISE-911,Vikram Sharma,Ramesh Rao,2127.0,2026-08-10 08:00:00,UPI
TRAIN-NOISE-912,Rahul Patel,Anil Verma,5863.0,2026-08-02 08:00:00,UPI
TRAIN-NOISE-913,Ramesh Singh,Sameer Mehta,1736.0,2026-08-15 08:00:00,UPI
TRAIN-NOISE-914,Ravi Sharma,Sameer Reddy,3910.0,2026-08-11 08:00:00,UPI
TRAIN-NOISE-915,Rahul Reddy,Deepak Singh,3058.0,2026-08-11 08:00:00,UPI
TRAIN-NOISE-916,Sameer Kumar,Sameer Verma,5053.0,2026-08-07 08:00:00,UPI
TRAIN-NOISE-917,Rahul Patel,Anil Sharma,12578.0,2026-08-01 08:00:00,UPI
TRAIN-NOISE-918,Ramesh Sharma,Deepak Joshi,6085.0,2026-08-05 08:00:00,UPI
TRAIN-NOISE-919,Ravi Singh,Amit Sharma,1238.0,2026-08-06 08:00:00,UPI
TRAIN-NOISE-920,Vikram Joshi,Amit Patel,292.0,2026-08-02 08:00:00,UPI
TRAIN-NOISE-921,Amit Verma,Pooja Joshi,1518.0,2026-08-02 08:00:00,UPI
TRAIN-NOISE-922,Sameer Reddy,Deepak Reddy,4218.0,2026-08-04 08:00:00,UPI
TRAIN-NOISE-923,Amit Sharma,Deepak Reddy,387.0,2026-08-04 08:00:00,UPI
TRAIN-NOISE-924,Anil Kumar,Vikram Rao,3236.0,2026-08-13 08:00:00,UPI
TRAIN-NOISE-925,Vikram Joshi,Suresh Verma,4237.0,2026-08-09 08:00:00,UPI
TRAIN-NOISE-926,Pooja Kumar,Vikram Kumar,1980.0,2026-08-07 08:00:00,UPI
TRAIN-NOISE-927,Deepak Rao,Ramesh Singh,6781.0,2026-08-14 08:00:00,UPI
TRAIN-NOISE-928,Amit Rao,Ravi Sharma,657.0,2026-08-09 08:00:00,UPI
TRAIN-NOISE-929,Rahul Gupta,Amit Mehta,501.0,2026-08-05 08:00:00,UPI
TRAIN-NOISE-930,Anil Kumar,Ramesh Gupta,6011.0,2026-08-04 08:00:00,UPI
TRAIN-NOISE-931,Sameer Sharma,Rahul Joshi,3228.0,2026-08-04 08:00:00,UPI
TRAIN-NOISE-932,Sameer Joshi,Deepak Mehta,5397.0,2026-08-07 08:00:00,UPI
TRAIN-NOISE-933,Vikram Verma,Ravi Sharma,2717.0,2026-08-07 08:00:00,UPI
TRAIN-NOISE-934,Sameer Verma,Rahul Kumar,1423.0,2026-08-10 08:00:00,UPI
TRAIN-NOISE-935,Pooja Mehta,Suresh Mehta,7844.0,2026-08-16 08:00:00,UPI
TRAIN-NOISE-936,Ravi Kumar,Rahul Verma,7379.0,2026-08-11 08:00:00,UPI
TRAIN-NOISE-937,Rahul Sharma,Vikram Mehta,5489.0,2026-08-01 08:00:00,UPI
TRAIN-NOISE-938,Ramesh Verma,Rahul Joshi,1579.0,2026-08-16 08:00:00,UPI
TRAIN-NOISE-939,Vikram Kumar,Ramesh Verma,4164.0,2026-08-03 08:00:00,UPI
TRAIN-NOISE-940,Amit Rao,Pooja Joshi,2165.0,2026-08-08 08:00:00,UPI
TRAIN-NOISE-941,Deepak Sharma,Sameer Mehta,582.0,2026-08-09 08:00:00,UPI
TRAIN-NOISE-942,Ramesh Joshi,Deepak Reddy,11367.0,2026-08-04 08:00:00,UPI
TRAIN-NOISE-943,Amit Joshi,Suresh Mehta,812.0,2026-08-10 08:00:00,UPI
TRAIN-NOISE-944,Amit Patel,Anil Joshi,13652.0,2026-08-14 08:00:00,UPI
TRAIN-NOISE-945,Rahul Joshi,Amit Rao,2807.0,2026-08-02 08:00:00,UPI
TRAIN-NOISE-946,Deepak Rao,Deepak Singh,1071.0,2026-08-06 08:00:00,UPI
TRAIN-NOISE-947,Deepak Gupta,Sameer Verma,3663.0,2026-08-15 08:00:00,UPI
TRAIN-NOISE-948,Rahul Gupta,Deepak Kumar,9434.0,2026-08-03 08:00:00,UPI
TRAIN-NOISE-949,Deepak Patel,Pooja Rao,6079.0,2026-08-06 08:00:00,UPI
TRAIN-NOISE-950,Rahul Joshi,Anil Sharma,7542.0,2026-08-13 08:00:00,UPI
TRAIN-NOISE-951,Deepak Sharma,Deepak Kumar,4988.0,2026-08-13 08:00:00,UPI
TRAIN-NOISE-952,Rahul Verma,Anil Kumar,5453.0,2026-08-06 08:00:00,UPI
TRAIN-NOISE-953,Rahul Joshi,Rahul Singh,8662.0,2026-08-02 08:00:00,UPI
TRAIN-NOISE-954,Pooja Mehta,Ramesh Gupta,1442.0,2026-08-14 08:00:00,UPI
TRAIN-NOISE-955,Ramesh Rao,Rahul Verma,3174.0,2026-08-15 08:00:00,UPI
TRAIN-NOISE-956,Suresh Sharma,Pooja Verma,1275.0,2026-08-13 08:00:00,UPI
TRAIN-NOISE-957,Sameer Verma,Pooja Verma,19930.0,2026-08-01 08:00:00,UPI
TRAIN-NOISE-958,Rahul Singh,Rahul Verma,13125.0,2026-08-16 08:00:00,UPI
TRAIN-NOISE-959,Rahul Joshi,Rahul Kumar,331.0,2026-08-15 08:00:00,UPI
TRAIN-NOISE-960,Suresh Mehta,Anil Verma,5652.0,2026-08-09 08:00:00,UPI
TRAIN-NOISE-961,Anil Joshi,Deepak Rao,11821.0,2026-08-08 08:00:00,UPI
TRAIN-NOISE-962,Pooja Rao,Ravi Sharma,1046.0,2026-08-04 08:00:00,UPI
TRAIN-NOISE-963,Rahul Reddy,Ravi Reddy,3926.0,2026-08-16 08:00:00,UPI
TRAIN-NOISE-964,Amit Reddy,Vikram Singh,11268.0,2026-08-05 08:00:00,UPI
TRAIN-NOISE-965,Sameer Singh,Pooja Verma,305.0,2026-08-02 08:00:00,UPI
TRAIN-NOISE-966,Deepak Rao,Pooja Mehta,5529.0,2026-08-16 08:00:00,UPI
TRAIN-NOISE-967,Sameer Joshi,Rahul Patel,1738.0,2026-08-03 08:00:00,UPI
TRAIN-NOISE-968,Sameer Kumar,Suresh Kumar,11770.0,2026-08-08 08:00:00,UPI
TRAIN-NOISE-969,Deepak Gupta,Anil Gupta,16091.0,2026-08-02 08:00:00,UPI
TRAIN-NOISE-970,Vikram Sharma,Deepak Joshi,13142.0,2026-08-13 08:00:00,UPI
TRAIN-NOISE-971,Anil Sharma,Rahul Sharma,3042.0,2026-08-03 08:00:00,UPI
TRAIN-NOISE-972,Deepak Sharma,Vikram Rao,9063.0,2026-08-15 08:00:00,UPI
TRAIN-NOISE-973,Ramesh Verma,Sameer Joshi,8526.0,2026-08-15 08:00:00,UPI
TRAIN-NOISE-974,Anil Joshi,Vikram Joshi,1879.0,2026-08-16 08:00:00,UPI
TRAIN-NOISE-975,Amit Sharma,Ramesh Gupta,8095.0,2026-08-13 08:00:00,UPI
TRAIN-NOISE-976,Rahul Kumar,Suresh Gupta,319.0,2026-08-01 08:00:00,UPI
TRAIN-NOISE-977,Ramesh Verma,Amit Mehta,4231.0,2026-08-10 08:00:00,UPI
TRAIN-NOISE-978,Pooja Patel,Sameer Singh,1326.0,2026-08-07 08:00:00,UPI
TRAIN-NOISE-979,Deepak Sharma,Pooja Rao,728.0,2026-08-12 08:00:00,UPI
TRAIN-NOISE-980,Deepak Reddy,Deepak Joshi,510.0,2026-08-15 08:00:00,UPI
TRAIN-NOISE-981,Deepak Gupta,Sameer Singh,5512.0,2026-08-16 08:00:00,UPI
TRAIN-NOISE-982,Amit Patel,Vikram Reddy,2018.0,2026-08-04 08:00:00,UPI
TRAIN-NOISE-983,Amit Rao,Deepak Joshi,5955.0,2026-08-01 08:00:00,UPI
TRAIN-NOISE-984,Pooja Rao,Sameer Verma,454.0,2026-08-10 08:00:00,UPI
TRAIN-NOISE-985,Suresh Verma,Ravi Sharma,1854.0,2026-08-12 08:00:00,UPI
TRAIN-NOISE-986,Ramesh Gupta,Suresh Mehta,3639.0,2026-08-06 08:00:00,UPI
TRAIN-NOISE-987,Sameer Joshi,Deepak Singh,7188.0,2026-08-14 08:00:00,UPI
TRAIN-NOISE-988,Ramesh Gupta,Pooja Joshi,1877.0,2026-08-07 08:00:00,UPI
TRAIN-NOISE-989,Ravi Joshi,Vikram Joshi,4574.0,2026-08-13 08:00:00,UPI
TRAIN-NOISE-990,Ravi Singh,Deepak Sharma,9921.0,2026-08-07 08:00:00,UPI
TRAIN-NOISE-991,Pooja Rao,Ramesh Gupta,4455.0,2026-08-14 08:00:00,UPI
TRAIN-NOISE-992,Suresh Mehta,Ramesh Rao,1343.0,2026-08-04 08:00:00,UPI
TRAIN-NOISE-993,Vikram Reddy,Deepak Sharma,261.0,2026-08-05 08:00:00,UPI
TRAIN-NOISE-994,Sameer Joshi,Vikram Mehta,9334.0,2026-08-02 08:00:00,UPI
TRAIN-NOISE-995,Suresh Verma,Rahul Reddy,246.0,2026-08-16 08:00:00,UPI
TRAIN-NOISE-996,Pooja Patel,Amit Joshi,9496.0,2026-08-06 08:00:00,UPI
TRAIN-NOISE-997,Rahul Singh,Ramesh Gupta,3537.0,2026-08-13 08:00:00,UPI
TRAIN-NOISE-998,Sameer Reddy,Amit Mehta,12740.0,2026-08-11 08:00:00,UPI
TRAIN-NOISE-999,Vikram Sharma,Vikram Singh,7365.0,2026-08-14 08:00:00,UPI
TRAIN-NOISE-1000,Amit Mehta,Ravi Reddy,27969.0,2026-08-09 08:00:00,UPI
TRAIN-NOISE-1001,Ravi Patel,Pooja Rao,2093.0,2026-08-10 08:00:00,UPI
TRAIN-NOISE-1002,Vikram Reddy,Deepak Singh,6708.0,2026-08-05 08:00:00,UPI
TRAIN-NOISE-1003,Rahul Kumar,Amit Mehta,2463.0,2026-08-10 08:00:00,UPI
TRAIN-NOISE-1004,Suresh Verma,Anil Joshi,3091.0,2026-08-07 08:00:00,UPI
TRAIN-NOISE-1005,Deepak Mehta,Ravi Kumar,4593.0,2026-08-10 08:00:00,UPI
TRAIN-NOISE-1006,Amit Reddy,Rahul Singh,9460.0,2026-08-06 08:00:00,UPI
TRAIN-NOISE-1007,Vikram Sharma,Ramesh Mehta,18781.0,2026-08-11 08:00:00,UPI
TRAIN-NOISE-1008,Rahul Joshi,Sameer Verma,6729.0,2026-08-16 08:00:00,UPI
TRAIN-NOISE-1009,Suresh Rao,Ravi Verma,2583.0,2026-08-14 08:00:00,UPI
TRAIN-NOISE-1010,Pooja Reddy,Sameer Sharma,2611.0,2026-08-14 08:00:00,UPI
TRAIN-NOISE-1011,Deepak Rao,Ravi Sharma,6170.0,2026-08-04 08:00:00,UPI
TRAIN-NOISE-1012,Anil Mehta,Amit Verma,1377.0,2026-08-05 08:00:00,UPI
TRAIN-NOISE-1013,Deepak Reddy,Ravi Gupta,676.0,2026-08-07 08:00:00,UPI
TRAIN-NOISE-1014,Deepak Kumar,Pooja Mehta,2120.0,2026-08-10 08:00:00,UPI
TRAIN-NOISE-1015,Pooja Joshi,Anil Rao,1673.0,2026-08-02 08:00:00,UPI
TRAIN-NOISE-1016,Sameer Mehta,Ravi Kumar,1731.0,2026-08-02 08:00:00,UPI
TRAIN-NOISE-1017,Sameer Verma,Vikram Reddy,1347.0,2026-08-04 08:00:00,UPI
TRAIN-NOISE-1018,Pooja Verma,Sameer Singh,343.0,2026-08-08 08:00:00,UPI
TRAIN-NOISE-1019,Sameer Singh,Vikram Singh,231.0,2026-08-08 08:00:00,UPI
TRAIN-NOISE-1020,Pooja Patel,Sameer Sharma,19949.0,2026-08-02 08:00:00,UPI
TRAIN-NOISE-1021,Amit Verma,Vikram Singh,2661.0,2026-08-14 08:00:00,UPI
TRAIN-NOISE-1022,Anil Joshi,Suresh Verma,2332.0,2026-08-02 08:00:00,UPI
TRAIN-NOISE-1023,Deepak Rao,Pooja Joshi,5272.0,2026-08-07 08:00:00,UPI
TRAIN-NOISE-1024,Rahul Gupta,Vikram Rao,1258.0,2026-08-08 08:00:00,UPI
TRAIN-NOISE-1025,Deepak Patel,Ramesh Rao,13627.0,2026-08-07 08:00:00,UPI
TRAIN-NOISE-1026,Ravi Joshi,Sameer Mehta,7095.0,2026-08-15 08:00:00,UPI
TRAIN-NOISE-1027,Amit Joshi,Deepak Verma,571.0,2026-08-06 08:00:00,UPI
TRAIN-NOISE-1028,Amit Joshi,Pooja Patel,2582.0,2026-08-04 08:00:00,UPI
TRAIN-NOISE-1029,Amit Verma,Suresh Mehta,9658.0,2026-08-14 08:00:00,UPI
TRAIN-NOISE-1030,Anil Gupta,Sameer Singh,13180.0,2026-08-09 08:00:00,UPI
TRAIN-NOISE-1031,Rahul Singh,Pooja Mehta,2984.0,2026-08-09 08:00:00,UPI
TRAIN-NOISE-1032,Vikram Mehta,Deepak Gupta,4426.0,2026-08-15 08:00:00,UPI
TRAIN-NOISE-1033,Vikram Kumar,Suresh Mehta,972.0,2026-08-05 08:00:00,UPI
TRAIN-NOISE-1034,Suresh Kumar,Sameer Reddy,21432.0,2026-08-02 08:00:00,UPI
TRAIN-NOISE-1035,Pooja Verma,Ramesh Singh,1335.0,2026-08-16 08:00:00,UPI
TRAIN-NOISE-1036,Ravi Verma,Suresh Verma,13020.0,2026-08-12 08:00:00,UPI
TRAIN-NOISE-1037,Deepak Verma,Anil Joshi,4869.0,2026-08-08 08:00:00,UPI
TRAIN-NOISE-1038,Suresh Sharma,Ravi Sharma,4361.0,2026-08-03 08:00:00,UPI
TRAIN-NOISE-1039,Vikram Sharma,Pooja Mehta,3384.0,2026-08-14 08:00:00,UPI
TRAIN-NOISE-1040,Ramesh Mehta,Pooja Reddy,1330.0,2026-08-13 08:00:00,UPI
TRAIN-NOISE-1041,Ramesh Verma,Amit Reddy,1024.0,2026-08-08 08:00:00,UPI
TRAIN-NOISE-1042,Ravi Singh,Deepak Gupta,1270.0,2026-08-11 08:00:00,UPI
TRAIN-NOISE-1043,Amit Patel,Sameer Mehta,1078.0,2026-08-07 08:00:00,UPI
TRAIN-NOISE-1044,Rahul Gupta,Ravi Rao,6955.0,2026-08-16 08:00:00,UPI
TRAIN-NOISE-1045,Sameer Singh,Deepak Rao,2089.0,2026-08-04 08:00:00,UPI
TRAIN-NOISE-1046,Amit Reddy,Vikram Reddy,418.0,2026-08-08 08:00:00,UPI
TRAIN-NOISE-1047,Pooja Verma,Rahul Gupta,15796.0,2026-08-08 08:00:00,UPI
TRAIN-NOISE-1048,Suresh Mehta,Suresh Kumar,9835.0,2026-08-13 08:00:00,UPI
TRAIN-NOISE-1049,Rahul Joshi,Vikram Singh,11974.0,2026-08-09 08:00:00,UPI
TRAIN-NOISE-1050,Ramesh Mehta,Sameer Sharma,23910.0,2026-08-01 08:00:00,UPI
TRAIN-NOISE-1051,Ravi Sharma,Deepak Patel,1009.0,2026-08-15 08:00:00,UPI
TRAIN-NOISE-1052,Sameer Kumar,Suresh Mehta,2420.0,2026-08-10 08:00:00,UPI
TRAIN-NOISE-1053,Ravi Joshi,Suresh Kumar,6539.0,2026-08-03 08:00:00,UPI
TRAIN-NOISE-1054,Amit Rao,Rahul Patel,5508.0,2026-08-01 08:00:00,UPI
TRAIN-NOISE-1055,Anil Verma,Ravi Kumar,902.0,2026-08-07 08:00:00,UPI
TRAIN-NOISE-1056,Pooja Singh,Ramesh Gupta,7763.0,2026-08-07 08:00:00,UPI
TRAIN-NOISE-1057,Pooja Reddy,Rahul Reddy,1293.0,2026-08-03 08:00:00,UPI
TRAIN-NOISE-1058,Vikram Kumar,Anil Mehta,1290.0,2026-08-15 08:00:00,UPI
TRAIN-NOISE-1059,Deepak Gupta,Suresh Gupta,3614.0,2026-08-03 08:00:00,UPI
TRAIN-NOISE-1060,Deepak Verma,Deepak Reddy,4194.0,2026-08-06 08:00:00,UPI
TRAIN-NOISE-1061,Pooja Joshi,Sameer Singh,4054.0,2026-08-03 08:00:00,UPI
TRAIN-NOISE-1062,Ravi Verma,Ramesh Sharma,581.0,2026-08-09 08:00:00,UPI
TRAIN-NOISE-1063,Rahul Kumar,Vikram Singh,9596.0,2026-08-15 08:00:00,UPI
TRAIN-NOISE-1064,Anil Sharma,Rahul Reddy,1539.0,2026-08-11 08:00:00,UPI
TRAIN-NOISE-1065,Amit Sharma,Vikram Singh,774.0,2026-08-04 08:00:00,UPI
TRAIN-NOISE-1066,Pooja Reddy,Vikram Mehta,10031.0,2026-08-03 08:00:00,UPI
TRAIN-NOISE-1067,Suresh Rao,Suresh Mehta,14170.0,2026-08-03 08:00:00,UPI
TRAIN-NOISE-1068,Sameer Verma,Vikram Sharma,9066.0,2026-08-04 08:00:00,UPI
TRAIN-NOISE-1069,Sameer Mehta,Ramesh Singh,7611.0,2026-08-03 08:00:00,UPI
TRAIN-NOISE-1070,Sameer Sharma,Vikram Rao,4942.0,2026-08-13 08:00:00,UPI
TRAIN-NOISE-1071,Ravi Patel,Anil Mehta,3751.0,2026-08-16 08:00:00,UPI
TRAIN-NOISE-1072,Pooja Mehta,Pooja Reddy,559.0,2026-08-08 08:00:00,UPI
TRAIN-NOISE-1073,Deepak Singh,Ravi Patel,2512.0,2026-08-10 08:00:00,UPI
TRAIN-NOISE-1074,Anil Rao,Ramesh Singh,2248.0,2026-08-12 08:00:00,UPI
TRAIN-NOISE-1075,Deepak Rao,Suresh Verma,1503.0,2026-08-05 08:00:00,UPI
TRAIN-NOISE-1076,Vikram Joshi,Suresh Mehta,5933.0,2026-08-01 08:00:00,UPI
TRAIN-NOISE-1077,Ravi Verma,Sameer Reddy,3232.0,2026-08-13 08:00:00,UPI
TRAIN-NOISE-1078,Pooja Reddy,Suresh Verma,530.0,2026-08-03 08:00:00,UPI
TRAIN-NOISE-1079,Sameer Gupta,Ravi Kumar,1269.0,2026-08-12 08:00:00,UPI
TRAIN-NOISE-1080,Ravi Singh,Rahul Kumar,5323.0,2026-08-05 08:00:00,UPI
TRAIN-NOISE-1081,Pooja Mehta,Suresh Sharma,506.0,2026-08-08 08:00:00,UPI
TRAIN-NOISE-1082,Pooja Verma,Pooja Joshi,8723.0,2026-08-07 08:00:00,UPI
TRAIN-NOISE-1083,Rahul Joshi,Suresh Sharma,3225.0,2026-08-02 08:00:00,UPI
TRAIN-NOISE-1084,Suresh Verma,Ramesh Joshi,3097.0,2026-08-03 08:00:00,UPI
TRAIN-NOISE-1085,Sameer Mehta,Anil Verma,4188.0,2026-08-09 08:00:00,UPI
TRAIN-NOISE-1086,Amit Rao,Deepak Mehta,7985.0,2026-08-16 08:00:00,UPI
TRAIN-NOISE-1087,Deepak Gupta,Sameer Verma,2073.0,2026-08-05 08:00:00,UPI
TRAIN-NOISE-1088,Rahul Sharma,Amit Rao,5249.0,2026-08-10 08:00:00,UPI
TRAIN-NOISE-1089,Rahul Gupta,Anil Verma,3903.0,2026-08-07 08:00:00,UPI
TRAIN-NOISE-1090,Anil Joshi,Sameer Kumar,1547.0,2026-08-15 08:00:00,UPI
TRAIN-NOISE-1091,Deepak Gupta,Pooja Verma,9640.0,2026-08-10 08:00:00,UPI
TRAIN-NOISE-1092,Suresh Rao,Vikram Kumar,7334.0,2026-08-12 08:00:00,UPI
TRAIN-NOISE-1093,Anil Joshi,Pooja Singh,4984.0,2026-08-06 08:00:00,UPI
TRAIN-NOISE-1094,Vikram Mehta,Anil Joshi,8704.0,2026-08-08 08:00:00,UPI
TRAIN-NOISE-1095,Deepak Joshi,Rahul Reddy,9238.0,2026-08-09 08:00:00,UPI
TRAIN-NOISE-1096,Amit Patel,Deepak Singh,5695.0,2026-08-11 08:00:00,UPI
TRAIN-NOISE-1097,Rahul Verma,Ramesh Joshi,8313.0,2026-08-15 08:00:00,UPI
TRAIN-NOISE-1098,Sameer Verma,Sameer Gupta,5530.0,2026-08-16 08:00:00,UPI
TRAIN-NOISE-1099,Suresh Verma,Ramesh Gupta,5279.0,2026-08-06 08:00:00,UPI
TRAIN-NOISE-1100,Amit Mehta,Anil Singh,4487.0,2026-08-09 08:00:00,UPI
TRAIN-NOISE-1101,Deepak Singh,Pooja Reddy,6437.0,2026-08-07 08:00:00,UPI
TRAIN-NOISE-1102,Vikram Verma,Deepak Verma,927.0,2026-08-03 08:00:00,UPI
TRAIN-NOISE-1103,Amit Sharma,Vikram Sharma,9723.0,2026-08-01 08:00:00,UPI
TRAIN-NOISE-1104,Anil Sharma,Ramesh Rao,9395.0,2026-08-07 08:00:00,UPI
TRAIN-NOISE-1105,Suresh Gupta,Suresh Verma,283.0,2026-08-09 08:00:00,UPI
TRAIN-NOISE-1106,Pooja Kumar,Vikram Kumar,8014.0,2026-08-12 08:00:00,UPI
TRAIN-NOISE-1107,Ravi Patel,Deepak Joshi,770.0,2026-08-10 08:00:00,UPI
TRAIN-NOISE-1108,Deepak Singh,Ramesh Joshi,1986.0,2026-08-03 08:00:00,UPI
TRAIN-NOISE-1109,Ravi Patel,Amit Patel,6272.0,2026-08-01 08:00:00,UPI
TRAIN-NOISE-1110,Rahul Sharma,Pooja Verma,938.0,2026-08-06 08:00:00,UPI
TRAIN-NOISE-1111,Pooja Patel,Deepak Singh,7816.0,2026-08-15 08:00:00,UPI
TRAIN-NOISE-1112,Pooja Mehta,Amit Joshi,8180.0,2026-08-05 08:00:00,UPI
TRAIN-NOISE-1113,Rahul Verma,Sameer Verma,3336.0,2026-08-02 08:00:00,UPI
TRAIN-NOISE-1114,Deepak Joshi,Sameer Kumar,178.0,2026-08-08 08:00:00,UPI
TRAIN-NOISE-1115,Anil Verma,Vikram Verma,1672.0,2026-08-12 08:00:00,UPI
TRAIN-NOISE-1116,Ramesh Sharma,Suresh Mehta,4467.0,2026-08-07 08:00:00,UPI
TRAIN-NOISE-1117,Ravi Sharma,Amit Patel,18029.0,2026-08-13 08:00:00,UPI
TRAIN-NOISE-1118,Pooja Kumar,Deepak Sharma,4646.0,2026-08-02 08:00:00,UPI
TRAIN-NOISE-1119,Suresh Mehta,Suresh Kumar,1503.0,2026-08-04 08:00:00,UPI
TRAIN-NOISE-1120,Ravi Sharma,Anil Gupta,4673.0,2026-08-09 08:00:00,UPI
TRAIN-NOISE-1121,Suresh Rao,Ramesh Mehta,3644.0,2026-08-06 08:00:00,UPI
TRAIN-NOISE-1122,Amit Patel,Ramesh Rao,6960.0,2026-08-03 08:00:00,UPI
TRAIN-NOISE-1123,Ravi Sharma,Pooja Joshi,659.0,2026-08-13 08:00:00,UPI
TRAIN-NOISE-1124,Deepak Joshi,Ravi Sharma,6591.0,2026-08-13 08:00:00,UPI
TRAIN-NOISE-1125,Sameer Verma,Amit Reddy,3656.0,2026-08-16 08:00:00,UPI
TRAIN-NOISE-1126,Rahul Verma,Amit Mehta,14984.0,2026-08-01 08:00:00,UPI
TRAIN-NOISE-1127,Vikram Sharma,Deepak Singh,2032.0,2026-08-15 08:00:00,UPI
TRAIN-NOISE-1128,Rahul Patel,Ramesh Sharma,4656.0,2026-08-03 08:00:00,UPI
TRAIN-NOISE-1129,Pooja Patel,Anil Gupta,12248.0,2026-08-07 08:00:00,UPI
TRAIN-NOISE-1130,Vikram Kumar,Suresh Sharma,636.0,2026-08-06 08:00:00,UPI
TRAIN-NOISE-1131,Amit Patel,Amit Mehta,12607.0,2026-08-04 08:00:00,UPI
TRAIN-NOISE-1132,Ramesh Sharma,Anil Kumar,5389.0,2026-08-11 08:00:00,UPI
TRAIN-NOISE-1133,Rahul Joshi,Rahul Verma,466.0,2026-08-16 08:00:00,UPI
TRAIN-NOISE-1134,Rahul Verma,Ravi Kumar,1761.0,2026-08-06 08:00:00,UPI
TRAIN-NOISE-1135,Rahul Kumar,Amit Sharma,5692.0,2026-08-08 08:00:00,UPI
TRAIN-NOISE-1136,Suresh Mehta,Rahul Singh,463.0,2026-08-06 08:00:00,UPI
TRAIN-NOISE-1137,Deepak Singh,Pooja Patel,4077.0,2026-08-02 08:00:00,UPI
TRAIN-NOISE-1138,Ravi Verma,Anil Rao,2060.0,2026-08-02 08:00:00,UPI
TRAIN-NOISE-1139,Rahul Patel,Vikram Verma,4514.0,2026-08-06 08:00:00,UPI
TRAIN-NOISE-1140,Ravi Sharma,Anil Sharma,360.0,2026-08-01 08:00:00,UPI
TRAIN-NOISE-1141,Sameer Sharma,Anil Singh,9384.0,2026-08-07 08:00:00,UPI
TRAIN-NOISE-1142,Vikram Reddy,Amit Mehta,16485.0,2026-08-16 08:00:00,UPI
TRAIN-NOISE-1143,Rahul Verma,Rahul Patel,15764.0,2026-08-08 08:00:00,UPI
TRAIN-NOISE-1144,Rahul Kumar,Sameer Reddy,6382.0,2026-08-05 08:00:00,UPI
TRAIN-NOISE-1145,Suresh Rao,Suresh Sharma,777.0,2026-08-09 08:00:00,UPI
TRAIN-NOISE-1146,Rahul Patel,Pooja Rao,6539.0,2026-08-15 08:00:00,UPI
TRAIN-NOISE-1147,Sameer Reddy,Ramesh Rao,262.0,2026-08-03 08:00:00,UPI
TRAIN-NOISE-1148,Ramesh Sharma,Amit Verma,250.0,2026-08-13 08:00:00,UPI
TRAIN-NOISE-1149,Rahul Singh,Ramesh Gupta,1909.0,2026-08-01 08:00:00,UPI
TRAIN-NOISE-1150,Deepak Mehta,Ravi Sharma,3168.0,2026-08-14 08:00:00,UPI
TRAIN-NOISE-1151,Vikram Kumar,Amit Mehta,6771.0,2026-08-04 08:00:00,UPI
TRAIN-NOISE-1152,Amit Joshi,Pooja Kumar,5324.0,2026-08-02 08:00:00,UPI
TRAIN-NOISE-1153,Pooja Reddy,Vikram Sharma,2806.0,2026-08-04 08:00:00,UPI
TRAIN-NOISE-1154,Ramesh Verma,Rahul Verma,1588.0,2026-08-05 08:00:00,UPI
TRAIN-NOISE-1155,Amit Mehta,Ramesh Mehta,26481.0,2026-08-01 08:00:00,UPI
TRAIN-NOISE-1156,Rahul Reddy,Ravi Sharma,2649.0,2026-08-14 08:00:00,UPI
TRAIN-NOISE-1157,Deepak Patel,Suresh Mehta,2851.0,2026-08-14 08:00:00,UPI
TRAIN-NOISE-1158,Ramesh Sharma,Rahul Verma,954.0,2026-08-13 08:00:00,UPI
TRAIN-NOISE-1159,Amit Reddy,Ramesh Rao,7277.0,2026-08-04 08:00:00,UPI
TRAIN-NOISE-1160,Pooja Singh,Deepak Singh,5474.0,2026-08-09 08:00:00,UPI
TRAIN-NOISE-1161,Rahul Verma,Ramesh Sharma,1272.0,2026-08-03 08:00:00,UPI
TRAIN-NOISE-1162,Sameer Sharma,Sameer Reddy,536.0,2026-08-14 08:00:00,UPI
TRAIN-NOISE-1163,Pooja Joshi,Ravi Joshi,5284.0,2026-08-01 08:00:00,UPI
TRAIN-NOISE-1164,Vikram Mehta,Ravi Verma,4932.0,2026-08-04 08:00:00,UPI
TRAIN-NOISE-1165,Ravi Sharma,Vikram Mehta,1586.0,2026-08-13 08:00:00,UPI
TRAIN-NOISE-1166,Ravi Kumar,Anil Joshi,13709.0,2026-08-14 08:00:00,UPI
TRAIN-NOISE-1167,Amit Patel,Ramesh Gupta,886.0,2026-08-05 08:00:00,UPI
TRAIN-NOISE-1168,Pooja Singh,Suresh Rao,2698.0,2026-08-09 08:00:00,UPI
TRAIN-NOISE-1169,Vikram Verma,Pooja Reddy,13090.0,2026-08-14 08:00:00,UPI
TRAIN-NOISE-1170,Suresh Reddy,Amit Patel,2599.0,2026-08-09 08:00:00,UPI
TRAIN-NOISE-1171,Ravi Patel,Ravi Kumar,4729.0,2026-08-14 08:00:00,UPI
TRAIN-NOISE-1172,Suresh Verma,Sameer Singh,2430.0,2026-08-16 08:00:00,UPI
TRAIN-NOISE-1173,Amit Joshi,Deepak Patel,1592.0,2026-08-16 08:00:00,UPI
TRAIN-NOISE-1174,Pooja Joshi,Sameer Gupta,18751.0,2026-08-12 08:00:00,UPI
TRAIN-NOISE-1175,Ravi Patel,Deepak Singh,2519.0,2026-08-04 08:00:00,UPI
TRAIN-NOISE-1176,Ramesh Sharma,Vikram Reddy,10253.0,2026-08-06 08:00:00,UPI
TRAIN-NOISE-1177,Amit Rao,Ravi Singh,1325.0,2026-08-13 08:00:00,UPI
TRAIN-NOISE-1178,Pooja Rao,Suresh Verma,1228.0,2026-08-02 08:00:00,UPI
TRAIN-NOISE-1179,Pooja Mehta,Vikram Singh,292.0,2026-08-01 08:00:00,UPI
TRAIN-NOISE-1180,Ramesh Verma,Anil Rao,4895.0,2026-08-16 08:00:00,UPI
TRAIN-NOISE-1181,Sameer Reddy,Rahul Reddy,2218.0,2026-08-03 08:00:00,UPI
TRAIN-NOISE-1182,Anil Verma,Vikram Verma,9139.0,2026-08-08 08:00:00,UPI
TRAIN-NOISE-1183,Deepak Patel,Anil Singh,3034.0,2026-08-02 08:00:00,UPI
TRAIN-NOISE-1184,Vikram Singh,Anil Sharma,15666.0,2026-08-10 08:00:00,UPI
TRAIN-NOISE-1185,Sameer Reddy,Ravi Gupta,1073.0,2026-08-06 08:00:00,UPI
TRAIN-NOISE-1186,Sameer Joshi,Vikram Rao,9283.0,2026-08-01 08:00:00,UPI
TRAIN-NOISE-1187,Deepak Mehta,Ravi Sharma,6894.0,2026-08-10 08:00:00,UPI
TRAIN-NOISE-1188,Ravi Joshi,Suresh Gupta,6781.0,2026-08-08 08:00:00,UPI
TRAIN-NOISE-1189,Pooja Verma,Rahul Patel,8533.0,2026-08-02 08:00:00,UPI
TRAIN-NOISE-1190,Amit Patel,Rahul Sharma,6591.0,2026-08-01 08:00:00,UPI
TRAIN-NOISE-1191,Pooja Mehta,Ramesh Verma,4578.0,2026-08-09 08:00:00,UPI
TRAIN-NOISE-1192,Anil Sharma,Sameer Verma,783.0,2026-08-13 08:00:00,UPI
TRAIN-NOISE-1193,Anil Sharma,Ramesh Rao,298.0,2026-08-07 08:00:00,UPI
TRAIN-NOISE-1194,Ravi Sharma,Deepak Rao,11563.0,2026-08-03 08:00:00,UPI
TRAIN-NOISE-1195,Ramesh Verma,Suresh Verma,4464.0,2026-08-10 08:00:00,UPI
TRAIN-NOISE-1196,Sameer Singh,Suresh Rao,7315.0,2026-08-12 08:00:00,UPI
TRAIN-NOISE-1197,Amit Reddy,Anil Gupta,3105.0,2026-08-08 08:00:00,UPI
TRAIN-NOISE-1198,Amit Mehta,Ravi Joshi,711.0,2026-08-15 08:00:00,UPI
TRAIN-NOISE-1199,Anil Sharma,Ravi Verma,751.0,2026-08-01 08:00:00,UPI
TRAIN-NOISE-1200,Vikram Verma,Amit Joshi,5356.0,2026-08-14 08:00:00,UPI
TRAIN-NOISE-1201,Vikram Sharma,Ramesh Gupta,2681.0,2026-08-03 08:00:00,UPI
TRAIN-NOISE-1202,Vikram Sharma,Sameer Mehta,1157.0,2026-08-11 08:00:00,UPI
TRAIN-NOISE-1203,Rahul Joshi,Pooja Patel,3194.0,2026-08-09 08:00:00,UPI
TRAIN-NOISE-1204,Pooja Reddy,Ravi Verma,448.0,2026-08-09 08:00:00,UPI
TRAIN-NOISE-1205,Vikram Rao,Amit Verma,4074.0,2026-08-16 08:00:00,UPI
TRAIN-NOISE-1206,Ravi Reddy,Pooja Rao,1559.0,2026-08-15 08:00:00,UPI
TRAIN-NOISE-1207,Deepak Sharma,Ramesh Rao,7337.0,2026-08-01 08:00:00,UPI
TRAIN-NOISE-1208,Rahul Verma,Rahul Joshi,1822.0,2026-08-09 08:00:00,UPI
TRAIN-NOISE-1209,Anil Verma,Amit Verma,2883.0,2026-08-08 08:00:00,UPI
TRAIN-NOISE-1210,Ramesh Sharma,Anil Joshi,202.0,2026-08-14 08:00:00,UPI
TRAIN-NOISE-1211,Sameer Verma,Ravi Sharma,488.0,2026-08-01 08:00:00,UPI
TRAIN-NOISE-1212,Vikram Verma,Ravi Reddy,2392.0,2026-08-10 08:00:00,UPI
TRAIN-NOISE-1213,Ramesh Verma,Anil Sharma,3092.0,2026-08-11 08:00:00,UPI
TRAIN-NOISE-1214,Deepak Verma,Suresh Verma,4273.0,2026-08-06 08:00:00,UPI
TRAIN-NOISE-1215,Pooja Kumar,Anil Joshi,1701.0,2026-08-12 08:00:00,UPI
TRAIN-NOISE-1216,Ravi Singh,Ravi Verma,5493.0,2026-08-09 08:00:00,UPI
TRAIN-NOISE-1217,Suresh Sharma,Ravi Joshi,9001.0,2026-08-16 08:00:00,UPI
TRAIN-NOISE-1218,Deepak Mehta,Rahul Sharma,6960.0,2026-08-08 08:00:00,UPI
TRAIN-NOISE-1219,Vikram Verma,Ravi Kumar,331.0,2026-08-08 08:00:00,UPI
TRAIN-NOISE-1220,Deepak Mehta,Ravi Reddy,3097.0,2026-08-12 08:00:00,UPI
TRAIN-NOISE-1221,Vikram Kumar,Ramesh Gupta,648.0,2026-08-04 08:00:00,UPI
TRAIN-NOISE-1222,Anil Singh,Sameer Joshi,1397.0,2026-08-01 08:00:00,UPI
TRAIN-NOISE-1223,Ramesh Mehta,Suresh Mehta,19577.0,2026-08-16 08:00:00,UPI
TRAIN-NOISE-1224,Deepak Patel,Rahul Gupta,841.0,2026-08-11 08:00:00,UPI
TRAIN-NOISE-1225,Sameer Joshi,Ravi Verma,3259.0,2026-08-09 08:00:00,UPI
TRAIN-NOISE-1226,Sameer Kumar,Suresh Sharma,4482.0,2026-08-09 08:00:00,UPI
TRAIN-NOISE-1227,Ravi Patel,Deepak Joshi,5605.0,2026-08-05 08:00:00,UPI
TRAIN-NOISE-1228,Deepak Reddy,Ravi Rao,3840.0,2026-08-14 08:00:00,UPI
TRAIN-NOISE-1229,Rahul Verma,Ramesh Mehta,194.0,2026-08-02 08:00:00,UPI
TRAIN-NOISE-1230,Vikram Sharma,Amit Reddy,1928.0,2026-08-13 08:00:00,UPI
TRAIN-NOISE-1231,Amit Joshi,Deepak Sharma,3431.0,2026-08-04 08:00:00,UPI
TRAIN-NOISE-1232,Ravi Sharma,Deepak Sharma,563.0,2026-08-11 08:00:00,UPI
TRAIN-NOISE-1233,Ravi Kumar,Amit Verma,2092.0,2026-08-04 08:00:00,UPI
TRAIN-NOISE-1234,Suresh Kumar,Amit Patel,301.0,2026-08-09 08:00:00,UPI
TRAIN-NOISE-1235,Suresh Sharma,Suresh Verma,518.0,2026-08-09 08:00:00,UPI
TRAIN-NOISE-1236,Rahul Sharma,Deepak Kumar,2425.0,2026-08-16 08:00:00,UPI
TRAIN-NOISE-1237,Pooja Verma,Pooja Rao,790.0,2026-08-12 08:00:00,UPI
TRAIN-NOISE-1238,Suresh Sharma,Sameer Joshi,3922.0,2026-08-14 08:00:00,UPI
TRAIN-NOISE-1239,Ravi Kumar,Anil Kumar,5412.0,2026-08-12 08:00:00,UPI
TRAIN-NOISE-1240,Amit Patel,Anil Sharma,7405.0,2026-08-09 08:00:00,UPI
TRAIN-NOISE-1241,Vikram Reddy,Suresh Sharma,1154.0,2026-08-05 08:00:00,UPI
TRAIN-NOISE-1242,Ravi Verma,Ramesh Sharma,974.0,2026-08-04 08:00:00,UPI
TRAIN-NOISE-1243,Deepak Kumar,Rahul Sharma,647.0,2026-08-14 08:00:00,UPI
TRAIN-NOISE-1244,Amit Verma,Deepak Mehta,4703.0,2026-08-05 08:00:00,UPI
TRAIN-NOISE-1245,Vikram Kumar,Pooja Kumar,5666.0,2026-08-01 08:00:00,UPI
TRAIN-NOISE-1246,Amit Joshi,Anil Kumar,294.0,2026-08-16 08:00:00,UPI
TRAIN-NOISE-1247,Deepak Singh,Ravi Sharma,12534.0,2026-08-11 08:00:00,UPI
TRAIN-NOISE-1248,Sameer Kumar,Ramesh Singh,390.0,2026-08-09 08:00:00,UPI
TRAIN-NOISE-1249,Sameer Singh,Suresh Reddy,3657.0,2026-08-02 08:00:00,UPI
TRAIN-NOISE-1250,Ravi Patel,Amit Rao,5705.0,2026-08-06 08:00:00,UPI
TRAIN-NOISE-1251,Ravi Gupta,Ravi Singh,9364.0,2026-08-09 08:00:00,UPI
TRAIN-NOISE-1252,Pooja Kumar,Amit Rao,5784.0,2026-08-15 08:00:00,UPI
TRAIN-NOISE-1253,Deepak Gupta,Vikram Verma,7431.0,2026-08-12 08:00:00,UPI
TRAIN-NOISE-1254,Amit Patel,Sameer Singh,2016.0,2026-08-09 08:00:00,UPI
TRAIN-NOISE-1255,Amit Reddy,Amit Sharma,7739.0,2026-08-14 08:00:00,UPI
TRAIN-NOISE-1256,Vikram Joshi,Amit Reddy,525.0,2026-08-07 08:00:00,UPI
TRAIN-NOISE-1257,Pooja Reddy,Amit Joshi,10284.0,2026-08-10 08:00:00,UPI
TRAIN-NOISE-1258,Sameer Verma,Suresh Kumar,3719.0,2026-08-16 08:00:00,UPI
TRAIN-NOISE-1259,Vikram Reddy,Anil Singh,7799.0,2026-08-13 08:00:00,UPI
TRAIN-NOISE-1260,Pooja Verma,Sameer Sharma,2859.0,2026-08-15 08:00:00,UPI
TRAIN-NOISE-1261,Anil Rao,Rahul Patel,4792.0,2026-08-11 08:00:00,UPI
TRAIN-NOISE-1262,Anil Kumar,Pooja Verma,3513.0,2026-08-13 08:00:00,UPI
TRAIN-NOISE-1263,Deepak Verma,Anil Singh,6068.0,2026-08-06 08:00:00,UPI
TRAIN-NOISE-1264,Pooja Rao,Ramesh Sharma,533.0,2026-08-11 08:00:00,UPI
TRAIN-NOISE-1265,Anil Joshi,Sameer Mehta,430.0,2026-08-09 08:00:00,UPI
TRAIN-NOISE-1266,Amit Mehta,Ravi Patel,1427.0,2026-08-09 08:00:00,UPI
TRAIN-NOISE-1267,Vikram Rao,Amit Patel,932.0,2026-08-15 08:00:00,UPI
TRAIN-NOISE-1268,Rahul Kumar,Rahul Patel,9393.0,2026-08-06 08:00:00,UPI
TRAIN-NOISE-1269,Amit Sharma,Rahul Singh,1263.0,2026-08-08 08:00:00,UPI
TRAIN-NOISE-1270,Pooja Joshi,Anil Singh,16908.0,2026-08-07 08:00:00,UPI
TRAIN-NOISE-1271,Rahul Patel,Ravi Patel,1998.0,2026-08-04 08:00:00,UPI
TRAIN-NOISE-1272,Amit Rao,Anil Verma,1054.0,2026-08-16 08:00:00,UPI
TRAIN-NOISE-1273,Suresh Verma,Deepak Reddy,7166.0,2026-08-01 08:00:00,UPI
TRAIN-NOISE-1274,Ravi Patel,Ravi Rao,4987.0,2026-08-03 08:00:00,UPI
TRAIN-NOISE-1275,Ramesh Gupta,Vikram Verma,3252.0,2026-08-05 08:00:00,UPI
TRAIN-NOISE-1276,Anil Singh,Vikram Singh,3797.0,2026-08-10 08:00:00,UPI
TRAIN-NOISE-1277,Ramesh Sharma,Ravi Reddy,5865.0,2026-08-10 08:00:00,UPI
TRAIN-NOISE-1278,Vikram Rao,Rahul Singh,1317.0,2026-08-05 08:00:00,UPI
TRAIN-NOISE-1279,Ravi Rao,Rahul Patel,25388.0,2026-08-01 08:00:00,UPI
TRAIN-NOISE-1280,Suresh Gupta,Sameer Verma,16712.0,2026-08-11 08:00:00,UPI
TRAIN-NOISE-1281,Pooja Kumar,Ramesh Joshi,4878.0,2026-08-09 08:00:00,UPI
TRAIN-NOISE-1282,Suresh Verma,Vikram Rao,1151.0,2026-08-05 08:00:00,UPI
TRAIN-NOISE-1283,Ramesh Mehta,Amit Joshi,5280.0,2026-08-15 08:00:00,UPI
TRAIN-NOISE-1284,Suresh Reddy,Rahul Reddy,487.0,2026-08-10 08:00:00,UPI
TRAIN-NOISE-1285,Amit Reddy,Rahul Verma,290.0,2026-08-08 08:00:00,UPI
TRAIN-NOISE-1286,Ramesh Verma,Vikram Rao,1490.0,2026-08-10 08:00:00,UPI
TRAIN-NOISE-1287,Amit Patel,Rahul Kumar,2944.0,2026-08-09 08:00:00,UPI
TRAIN-NOISE-1288,Vikram Kumar,Ramesh Singh,9271.0,2026-08-01 08:00:00,UPI
TRAIN-NOISE-1289,Vikram Mehta,Ravi Sharma,5995.0,2026-08-05 08:00:00,UPI
TRAIN-NOISE-1290,Amit Reddy,Sameer Sharma,6258.0,2026-08-16 08:00:00,UPI
TRAIN-NOISE-1291,Pooja Reddy,Deepak Rao,2644.0,2026-08-16 08:00:00,UPI
TRAIN-NOISE-1292,Rahul Verma,Ramesh Singh,2060.0,2026-08-01 08:00:00,UPI
TRAIN-NOISE-1293,Rahul Reddy,Sameer Mehta,2236.0,2026-08-08 08:00:00,UPI
TRAIN-NOISE-1294,Vikram Mehta,Suresh Verma,19923.0,2026-08-12 08:00:00,UPI
TRAIN-NOISE-1295,Ravi Joshi,Rahul Kumar,334.0,2026-08-14 08:00:00,UPI
TRAIN-NOISE-1296,Ravi Patel,Ravi Reddy,9229.0,2026-08-06 08:00:00,UPI
TRAIN-NOISE-1297,Vikram Singh,Amit Verma,4039.0,2026-08-08 08:00:00,UPI
TRAIN-NOISE-1298,Vikram Verma,Anil Singh,2748.0,2026-08-14 08:00:00,UPI
TRAIN-NOISE-1299,Rahul Sharma,Ravi Sharma,5963.0,2026-08-09 08:00:00,UPI
TRAIN-NOISE-1300,Sameer Sharma,Pooja Reddy,3150.0,2026-08-09 08:00:00,UPI
TRAIN-NOISE-1301,Rahul Kumar,Ravi Joshi,9451.0,2026-08-03 08:00:00,UPI
TRAIN-NOISE-1302,Suresh Sharma,Deepak Singh,10543.0,2026-08-10 08:00:00,UPI
TRAIN-NOISE-1303,Rahul Joshi,Deepak Sharma,2614.0,2026-08-15 08:00:00,UPI
TRAIN-NOISE-1304,Deepak Kumar,Rahul Gupta,1608.0,2026-08-16 08:00:00,UPI
TRAIN-NOISE-1305,Ravi Joshi,Suresh Kumar,4188.0,2026-08-01 08:00:00,UPI
TRAIN-NOISE-1306,Vikram Kumar,Deepak Reddy,11105.0,2026-08-01 08:00:00,UPI
TRAIN-NOISE-1307,Suresh Sharma,Ramesh Gupta,1214.0,2026-08-10 08:00:00,UPI
TRAIN-NOISE-1308,Deepak Kumar,Rahul Singh,4539.0,2026-08-15 08:00:00,UPI
TRAIN-NOISE-1309,Deepak Rao,Ramesh Sharma,4643.0,2026-08-03 08:00:00,UPI
TRAIN-NOISE-1310,Vikram Kumar,Deepak Rao,6094.0,2026-08-16 08:00:00,UPI
TRAIN-NOISE-1311,Ravi Singh,Pooja Rao,784.0,2026-08-14 08:00:00,UPI
TRAIN-NOISE-1312,Sameer Gupta,Sameer Joshi,5811.0,2026-08-12 08:00:00,UPI
TRAIN-NOISE-1313,Ramesh Joshi,Suresh Gupta,10937.0,2026-08-11 08:00:00,UPI
TRAIN-NOISE-1314,Anil Singh,Anil Rao,1041.0,2026-08-02 08:00:00,UPI
TRAIN-NOISE-1315,Deepak Kumar,Ravi Patel,1370.0,2026-08-03 08:00:00,UPI
TRAIN-NOISE-1316,Ramesh Mehta,Pooja Kumar,16143.0,2026-08-06 08:00:00,UPI
TRAIN-NOISE-1317,Ravi Joshi,Pooja Joshi,1048.0,2026-08-13 08:00:00,UPI
TRAIN-NOISE-1318,Deepak Rao,Vikram Joshi,8820.0,2026-08-08 08:00:00,UPI
TRAIN-NOISE-1319,Vikram Singh,Vikram Rao,3200.0,2026-08-08 08:00:00,UPI
TRAIN-NOISE-1320,Suresh Gupta,Deepak Mehta,1427.0,2026-08-15 08:00:00,UPI
TRAIN-NOISE-1321,Amit Rao,Ravi Sharma,9357.0,2026-08-07 08:00:00,UPI
TRAIN-NOISE-1322,Pooja Kumar,Vikram Singh,2802.0,2026-08-10 08:00:00,UPI
TRAIN-NOISE-1323,Suresh Kumar,Pooja Mehta,3404.0,2026-08-02 08:00:00,UPI
TRAIN-NOISE-1324,Suresh Verma,Ravi Sharma,2152.0,2026-08-04 08:00:00,UPI
TRAIN-NOISE-1325,Pooja Joshi,Rahul Verma,4194.0,2026-08-10 08:00:00,UPI
TRAIN-NOISE-1326,Deepak Mehta,Amit Patel,953.0,2026-08-02 08:00:00,UPI
TRAIN-NOISE-1327,Ravi Singh,Rahul Joshi,2382.0,2026-08-08 08:00:00,UPI
TRAIN-NOISE-1328,Rahul Reddy,Suresh Kumar,15842.0,2026-08-01 08:00:00,UPI
TRAIN-NOISE-1329,Rahul Patel,Anil Gupta,1493.0,2026-08-04 08:00:00,UPI
TRAIN-NOISE-1330,Ravi Patel,Ravi Reddy,4961.0,2026-08-01 08:00:00,UPI
TRAIN-NOISE-1331,Suresh Mehta,Suresh Rao,1919.0,2026-08-16 08:00:00,UPI
TRAIN-NOISE-1332,Sameer Reddy,Vikram Kumar,6832.0,2026-08-12 08:00:00,UPI
TRAIN-NOISE-1333,Ramesh Verma,Ravi Reddy,781.0,2026-08-06 08:00:00,UPI
TRAIN-NOISE-1334,Sameer Joshi,Ramesh Verma,15902.0,2026-08-11 08:00:00,UPI
TRAIN-NOISE-1335,Sameer Verma,Vikram Kumar,2871.0,2026-08-04 08:00:00,UPI
TRAIN-NOISE-1336,Rahul Singh,Sameer Kumar,1361.0,2026-08-08 08:00:00,UPI
TRAIN-NOISE-1337,Anil Joshi,Sameer Singh,493.0,2026-08-12 08:00:00,UPI
TRAIN-NOISE-1338,Vikram Rao,Ravi Joshi,987.0,2026-08-01 08:00:00,UPI
TRAIN-NOISE-1339,Amit Verma,Sameer Verma,3450.0,2026-08-05 08:00:00,UPI
TRAIN-NOISE-1340,Pooja Joshi,Suresh Mehta,1999.0,2026-08-16 08:00:00,UPI
TRAIN-NOISE-1341,Vikram Rao,Sameer Singh,8094.0,2026-08-10 08:00:00,UPI
TRAIN-NOISE-1342,Ramesh Mehta,Sameer Kumar,2686.0,2026-08-07 08:00:00,UPI
TRAIN-NOISE-1343,Suresh Reddy,Suresh Sharma,1436.0,2026-08-12 08:00:00,UPI
TRAIN-NOISE-1344,Suresh Kumar,Ramesh Joshi,4470.0,2026-08-09 08:00:00,UPI
TRAIN-NOISE-1345,Sameer Reddy,Suresh Verma,5670.0,2026-08-06 08:00:00,UPI
TRAIN-NOISE-1346,Anil Verma,Ravi Rao,972.0,2026-08-05 08:00:00,UPI
TRAIN-NOISE-1347,Vikram Reddy,Sameer Mehta,975.0,2026-08-09 08:00:00,UPI
TRAIN-NOISE-1348,Ramesh Mehta,Amit Patel,318.0,2026-08-15 08:00:00,UPI
TRAIN-NOISE-1349,Vikram Mehta,Vikram Sharma,6149.0,2026-08-13 08:00:00,UPI
TRAIN-NOISE-1350,Suresh Sharma,Amit Sharma,5055.0,2026-08-12 08:00:00,UPI
TRAIN-NOISE-1351,Rahul Gupta,Rahul Sharma,3046.0,2026-08-11 08:00:00,UPI
TRAIN-NOISE-1352,Anil Verma,Pooja Reddy,8515.0,2026-08-13 08:00:00,UPI
TRAIN-NOISE-1353,Ravi Joshi,Ravi Rao,7521.0,2026-08-16 08:00:00,UPI
TRAIN-NOISE-1354,Suresh Verma,Vikram Kumar,4111.0,2026-08-10 08:00:00,UPI
TRAIN-NOISE-1355,Suresh Kumar,Rahul Kumar,9271.0,2026-08-11 08:00:00,UPI
TRAIN-NOISE-1356,Rahul Joshi,Amit Rao,1187.0,2026-08-03 08:00:00,UPI
TRAIN-NOISE-1357,Suresh Mehta,Rahul Singh,684.0,2026-08-06 08:00:00,UPI
TRAIN-NOISE-1358,Suresh Gupta,Deepak Mehta,1564.0,2026-08-04 08:00:00,UPI
TRAIN-NOISE-1359,Sameer Kumar,Ravi Joshi,414.0,2026-08-04 08:00:00,UPI
TRAIN-NOISE-1360,Suresh Gupta,Ravi Verma,3558.0,2026-08-13 08:00:00,UPI
TRAIN-NOISE-1361,Sameer Kumar,Ravi Rao,12562.0,2026-08-09 08:00:00,UPI
TRAIN-NOISE-1362,Deepak Reddy,Amit Patel,330.0,2026-08-08 08:00:00,UPI
TRAIN-NOISE-1363,Amit Mehta,Deepak Verma,736.0,2026-08-01 08:00:00,UPI
TRAIN-NOISE-1364,Ravi Kumar,Sameer Kumar,2858.0,2026-08-03 08:00:00,UPI
TRAIN-NOISE-1365,Ramesh Joshi,Ravi Gupta,12372.0,2026-08-12 08:00:00,UPI
TRAIN-NOISE-1366,Sameer Singh,Anil Kumar,1860.0,2026-08-12 08:00:00,UPI
TRAIN-NOISE-1367,Ravi Gupta,Pooja Verma,3334.0,2026-08-09 08:00:00,UPI
TRAIN-NOISE-1368,Ravi Rao,Suresh Mehta,341.0,2026-08-03 08:00:00,UPI
TRAIN-NOISE-1369,Ramesh Singh,Deepak Verma,872.0,2026-08-07 08:00:00,UPI
TRAIN-NOISE-1370,Ravi Sharma,Amit Rao,19566.0,2026-08-04 08:00:00,UPI
TRAIN-NOISE-1371,Ramesh Sharma,Pooja Reddy,15251.0,2026-08-13 08:00:00,UPI
TRAIN-NOISE-1372,Ravi Rao,Ravi Reddy,172.0,2026-08-06 08:00:00,UPI
TRAIN-NOISE-1373,Anil Kumar,Ramesh Gupta,13796.0,2026-08-12 08:00:00,UPI
TRAIN-NOISE-1374,Deepak Sharma,Pooja Singh,4736.0,2026-08-04 08:00:00,UPI
TRAIN-NOISE-1375,Rahul Patel,Suresh Sharma,9259.0,2026-08-13 08:00:00,UPI
TRAIN-NOISE-1376,Vikram Sharma,Pooja Rao,2879.0,2026-08-06 08:00:00,UPI
TRAIN-NOISE-1377,Pooja Reddy,Sameer Reddy,3411.0,2026-08-15 08:00:00,UPI
TRAIN-NOISE-1378,Sameer Verma,Anil Joshi,3169.0,2026-08-11 08:00:00,UPI
TRAIN-NOISE-1379,Deepak Patel,Rahul Kumar,5096.0,2026-08-14 08:00:00,UPI
TRAIN-NOISE-1380,Suresh Kumar,Amit Mehta,826.0,2026-08-08 08:00:00,UPI
TRAIN-NOISE-1381,Suresh Reddy,Ramesh Mehta,286.0,2026-08-07 08:00:00,UPI
TRAIN-NOISE-1382,Amit Verma,Suresh Verma,1806.0,2026-08-09 08:00:00,UPI
TRAIN-NOISE-1383,Amit Patel,Vikram Reddy,5638.0,2026-08-15 08:00:00,UPI
TRAIN-NOISE-1384,Ravi Patel,Vikram Mehta,1164.0,2026-08-02 08:00:00,UPI
TRAIN-NOISE-1385,Sameer Sharma,Sameer Reddy,5186.0,2026-08-01 08:00:00,UPI
TRAIN-NOISE-1386,Ravi Sharma,Deepak Singh,15916.0,2026-08-10 08:00:00,UPI
TRAIN-NOISE-1387,Vikram Mehta,Ramesh Singh,593.0,2026-08-08 08:00:00,UPI
TRAIN-NOISE-1388,Ravi Singh,Anil Joshi,5174.0,2026-08-01 08:00:00,UPI
TRAIN-NOISE-1389,Anil Gupta,Suresh Verma,2789.0,2026-08-05 08:00:00,UPI
TRAIN-NOISE-1390,Amit Rao,Suresh Gupta,9267.0,2026-08-15 08:00:00,UPI
TRAIN-NOISE-1391,Sameer Verma,Vikram Kumar,1027.0,2026-08-05 08:00:00,UPI
TRAIN-NOISE-1392,Vikram Verma,Amit Patel,5458.0,2026-08-08 08:00:00,UPI
TRAIN-NOISE-1393,Ramesh Sharma,Pooja Joshi,8343.0,2026-08-10 08:00:00,UPI
TRAIN-NOISE-1394,Ramesh Verma,Ravi Verma,13170.0,2026-08-13 08:00:00,UPI
TRAIN-NOISE-1395,Suresh Reddy,Ravi Singh,5323.0,2026-08-03 08:00:00,UPI
TRAIN-NOISE-1396,Suresh Kumar,Rahul Verma,3243.0,2026-08-06 08:00:00,UPI
TRAIN-NOISE-1397,Sameer Kumar,Ravi Verma,4478.0,2026-08-04 08:00:00,UPI
TRAIN-NOISE-1398,Sameer Reddy,Ramesh Singh,9293.0,2026-08-02 08:00:00,UPI
TRAIN-NOISE-1399,Ravi Verma,Amit Verma,3954.0,2026-08-03 08:00:00,UPI
TRAIN-NOISE-1400,Ravi Gupta,Deepak Gupta,288.0,2026-08-12 08:00:00,UPI
TRAIN-NOISE-1401,Rahul Reddy,Anil Kumar,12178.0,2026-08-04 08:00:00,UPI
TRAIN-NOISE-1402,Ramesh Sharma,Amit Mehta,5413.0,2026-08-01 08:00:00,UPI
TRAIN-NOISE-1403,Amit Verma,Deepak Reddy,5228.0,2026-08-10 08:00:00,UPI
TRAIN-NOISE-1404,Ravi Rao,Suresh Mehta,1243.0,2026-08-11 08:00:00,UPI
TRAIN-NOISE-1405,Ramesh Mehta,Suresh Reddy,4989.0,2026-08-05 08:00:00,UPI
TRAIN-NOISE-1406,Suresh Kumar,Vikram Sharma,2402.0,2026-08-08 08:00:00,UPI
TRAIN-NOISE-1407,Vikram Kumar,Deepak Reddy,4890.0,2026-08-13 08:00:00,UPI
TRAIN-NOISE-1408,Vikram Reddy,Sameer Reddy,657.0,2026-08-03 08:00:00,UPI
TRAIN-NOISE-1409,Deepak Joshi,Rahul Reddy,4976.0,2026-08-10 08:00:00,UPI
TRAIN-NOISE-1410,Ravi Patel,Anil Rao,33637.0,2026-08-05 08:00:00,UPI
TRAIN-NOISE-1411,Pooja Rao,Anil Singh,372.0,2026-08-16 08:00:00,UPI
TRAIN-NOISE-1412,Ravi Verma,Deepak Reddy,17159.0,2026-08-13 08:00:00,UPI
TRAIN-NOISE-1413,Vikram Verma,Anil Singh,2500.0,2026-08-13 08:00:00,UPI
TRAIN-NOISE-1414,Vikram Sharma,Rahul Reddy,9357.0,2026-08-05 08:00:00,UPI
TRAIN-NOISE-1415,Deepak Singh,Rahul Verma,7012.0,2026-08-07 08:00:00,UPI
TRAIN-NOISE-1416,Sameer Kumar,Ravi Patel,3916.0,2026-08-07 08:00:00,UPI
TRAIN-NOISE-1417,Sameer Singh,Pooja Verma,6185.0,2026-08-08 08:00:00,UPI
TRAIN-NOISE-1418,Ravi Reddy,Deepak Verma,9635.0,2026-08-09 08:00:00,UPI
TRAIN-NOISE-1419,Rahul Reddy,Suresh Kumar,2479.0,2026-08-03 08:00:00,UPI
TRAIN-NOISE-1420,Rahul Joshi,Rahul Kumar,1932.0,2026-08-14 08:00:00,UPI
TRAIN-NOISE-1421,Amit Patel,Amit Reddy,5106.0,2026-08-07 08:00:00,UPI
TRAIN-NOISE-1422,Suresh Kumar,Amit Reddy,7572.0,2026-08-01 08:00:00,UPI
TRAIN-NOISE-1423,Sameer Gupta,Rahul Patel,6615.0,2026-08-12 08:00:00,UPI
TRAIN-NOISE-1424,Pooja Verma,Vikram Rao,7343.0,2026-08-05 08:00:00,UPI
TRAIN-NOISE-1425,Vikram Rao,Suresh Mehta,2723.0,2026-08-08 08:00:00,UPI
TRAIN-NOISE-1426,Deepak Mehta,Deepak Patel,7812.0,2026-08-05 08:00:00,UPI
TRAIN-NOISE-1427,Anil Singh,Rahul Joshi,726.0,2026-08-02 08:00:00,UPI
TRAIN-NOISE-1428,Ravi Reddy,Rahul Gupta,3688.0,2026-08-05 08:00:00,UPI
TRAIN-NOISE-1429,Sameer Sharma,Deepak Rao,175.0,2026-08-11 08:00:00,UPI
TRAIN-NOISE-1430,Rahul Joshi,Sameer Gupta,1915.0,2026-08-15 08:00:00,UPI
TRAIN-NOISE-1431,Pooja Kumar,Amit Sharma,2203.0,2026-08-11 08:00:00,UPI
TRAIN-NOISE-1432,Ravi Kumar,Pooja Reddy,2420.0,2026-08-07 08:00:00,UPI
TRAIN-NOISE-1433,Ravi Kumar,Ramesh Mehta,5500.0,2026-08-09 08:00:00,UPI
TRAIN-NOISE-1434,Suresh Verma,Rahul Verma,2363.0,2026-08-05 08:00:00,UPI
TRAIN-NOISE-1435,Amit Sharma,Amit Verma,2829.0,2026-08-02 08:00:00,UPI
TRAIN-NOISE-1436,Pooja Joshi,Rahul Patel,1370.0,2026-08-02 08:00:00,UPI
TRAIN-NOISE-1437,Sameer Sharma,Deepak Mehta,2252.0,2026-08-09 08:00:00,UPI
TRAIN-NOISE-1438,Deepak Reddy,Ramesh Joshi,1310.0,2026-08-01 08:00:00,UPI
TRAIN-NOISE-1439,Anil Verma,Vikram Singh,492.0,2026-08-09 08:00:00,UPI
TRAIN-NOISE-1440,Amit Patel,Ramesh Gupta,4312.0,2026-08-01 08:00:00,UPI
TRAIN-NOISE-1441,Sameer Mehta,Vikram Singh,5114.0,2026-08-08 08:00:00,UPI
TRAIN-NOISE-1442,Amit Verma,Pooja Patel,4498.0,2026-08-04 08:00:00,UPI
TRAIN-NOISE-1443,Anil Joshi,Sameer Kumar,2952.0,2026-08-03 08:00:00,UPI
TRAIN-NOISE-1444,Suresh Sharma,Deepak Mehta,2299.0,2026-08-15 08:00:00,UPI
TRAIN-NOISE-1445,Sameer Singh,Amit Sharma,9105.0,2026-08-02 08:00:00,UPI
TRAIN-NOISE-1446,Ravi Reddy,Ravi Rao,3444.0,2026-08-10 08:00:00,UPI
TRAIN-NOISE-1447,Deepak Gupta,Sameer Kumar,3085.0,2026-08-13 08:00:00,UPI
TRAIN-NOISE-1448,Pooja Mehta,Amit Sharma,266.0,2026-08-12 08:00:00,UPI
TRAIN-NOISE-1449,Ramesh Singh,Rahul Sharma,2028.0,2026-08-09 08:00:00,UPI
TRAIN-NOISE-1450,Ravi Gupta,Pooja Joshi,2302.0,2026-08-13 08:00:00,UPI
TRAIN-NOISE-1451,Anil Mehta,Sameer Singh,2439.0,2026-08-09 08:00:00,UPI
TRAIN-NOISE-1452,Deepak Joshi,Vikram Kumar,4055.0,2026-08-11 08:00:00,UPI
TRAIN-NOISE-1453,Ravi Patel,Deepak Singh,3582.0,2026-08-03 08:00:00,UPI
TRAIN-NOISE-1454,Amit Verma,Ravi Sharma,4363.0,2026-08-08 08:00:00,UPI
TRAIN-NOISE-1455,Anil Kumar,Rahul Sharma,6664.0,2026-08-05 08:00:00,UPI
TRAIN-NOISE-1456,Pooja Singh,Sameer Gupta,7694.0,2026-08-11 08:00:00,UPI
TRAIN-NOISE-1457,Vikram Reddy,Ramesh Mehta,5848.0,2026-08-05 08:00:00,UPI
TRAIN-NOISE-1458,Ravi Kumar,Deepak Singh,14157.0,2026-08-07 08:00:00,UPI
TRAIN-NOISE-1459,Deepak Singh,Sameer Gupta,232.0,2026-08-05 08:00:00,UPI
TRAIN-NOISE-1460,Rahul Reddy,Anil Rao,1130.0,2026-08-06 08:00:00,UPI
TRAIN-NOISE-1461,Anil Joshi,Anil Verma,184.0,2026-08-04 08:00:00,UPI
TRAIN-NOISE-1462,Suresh Sharma,Anil Joshi,4841.0,2026-08-05 08:00:00,UPI
TRAIN-NOISE-1463,Anil Mehta,Anil Joshi,10423.0,2026-08-14 08:00:00,UPI
TRAIN-NOISE-1464,Rahul Kumar,Ramesh Singh,1405.0,2026-08-15 08:00:00,UPI
TRAIN-NOISE-1465,Anil Gupta,Vikram Kumar,11929.0,2026-08-07 08:00:00,UPI
TRAIN-NOISE-1466,Ramesh Gupta,Rahul Singh,429.0,2026-08-06 08:00:00,UPI
TRAIN-NOISE-1467,Anil Mehta,Pooja Verma,12411.0,2026-08-09 08:00:00,UPI
TRAIN-NOISE-1468,Amit Mehta,Suresh Reddy,2099.0,2026-08-08 08:00:00,UPI
TRAIN-NOISE-1469,Sameer Reddy,Ramesh Sharma,631.0,2026-08-08 08:00:00,UPI
TRAIN-NOISE-1470,Anil Mehta,Sameer Verma,3143.0,2026-08-03 08:00:00,UPI
TRAIN-NOISE-1471,Rahul Verma,Deepak Singh,1485.0,2026-08-16 08:00:00,UPI
TRAIN-NOISE-1472,Deepak Patel,Suresh Sharma,1658.0,2026-08-13 08:00:00,UPI
TRAIN-NOISE-1473,Sameer Kumar,Pooja Kumar,1802.0,2026-08-05 08:00:00,UPI
TRAIN-NOISE-1474,Pooja Mehta,Ravi Joshi,7461.0,2026-08-08 08:00:00,UPI
TRAIN-NOISE-1475,Suresh Gupta,Rahul Kumar,3636.0,2026-08-01 08:00:00,UPI
TRAIN-NOISE-1476,Deepak Kumar,Rahul Kumar,1828.0,2026-08-08 08:00:00,UPI
TRAIN-NOISE-1477,Deepak Mehta,Ravi Kumar,4391.0,2026-08-03 08:00:00,UPI
TRAIN-NOISE-1478,Amit Joshi,Vikram Rao,5816.0,2026-08-16 08:00:00,UPI
TRAIN-NOISE-1479,Suresh Kumar,Deepak Sharma,1582.0,2026-08-08 08:00:00,UPI
TRAIN-NOISE-1480,Pooja Singh,Anil Sharma,2551.0,2026-08-02 08:00:00,UPI
TRAIN-NOISE-1481,Amit Mehta,Amit Verma,734.0,2026-08-11 08:00:00,UPI
TRAIN-NOISE-1482,Ravi Patel,Pooja Verma,1049.0,2026-08-02 08:00:00,UPI
TRAIN-NOISE-1483,Ravi Sharma,Ramesh Gupta,5293.0,2026-08-15 08:00:00,UPI
TRAIN-NOISE-1484,Deepak Sharma,Suresh Mehta,1050.0,2026-08-08 08:00:00,UPI
TRAIN-NOISE-1485,Ravi Sharma,Pooja Reddy,3501.0,2026-08-13 08:00:00,UPI
TRAIN-NOISE-1486,Suresh Mehta,Sameer Singh,5705.0,2026-08-13 08:00:00,UPI
TRAIN-NOISE-1487,Ravi Sharma,Deepak Reddy,658.0,2026-08-07 08:00:00,UPI
TRAIN-NOISE-1488,Sameer Mehta,Vikram Rao,3919.0,2026-08-13 08:00:00,UPI
TRAIN-NOISE-1489,Ramesh Singh,Sameer Sharma,1484.0,2026-08-15 08:00:00,UPI
TRAIN-NOISE-1490,Rahul Patel,Pooja Singh,14976.0,2026-08-10 08:00:00,UPI
TRAIN-NOISE-1491,Pooja Verma,Deepak Reddy,3123.0,2026-08-05 08:00:00,UPI
TRAIN-NOISE-1492,Ramesh Joshi,Vikram Reddy,7529.0,2026-08-03 08:00:00,UPI
TRAIN-NOISE-1493,Vikram Sharma,Rahul Joshi,3745.0,2026-08-06 08:00:00,UPI
TRAIN-NOISE-1494,Suresh Rao,Ramesh Mehta,349.0,2026-08-05 08:00:00,UPI
TRAIN-NOISE-1495,Ravi Patel,Rahul Kumar,4662.0,2026-08-11 08:00:00,UPI
TRAIN-NOISE-1496,Vikram Reddy,Anil Mehta,13758.0,2026-08-06 08:00:00,UPI
TRAIN-NOISE-1497,Deepak Sharma,Ramesh Rao,4291.0,2026-08-07 08:00:00,UPI
TRAIN-NOISE-1498,Deepak Sharma,Ramesh Verma,7846.0,2026-08-09 08:00:00,UPI
TRAIN-NOISE-1499,Suresh Kumar,Pooja Mehta,9851.0,2026-08-04 08:00:00,UPI
TRAIN-NOISE-1500,Ramesh Verma,Rahul Joshi,1314.0,2026-08-15 08:00:00,UPI
TRAIN-NOISE-1501,Amit Patel,Anil Singh,1222.0,2026-08-13 08:00:00,UPI
TRAIN-NOISE-1502,Pooja Patel,Pooja Verma,4398.0,2026-08-06 08:00:00,UPI
TRAIN-NOISE-1503,Amit Verma,Suresh Verma,2532.0,2026-08-13 08:00:00,UPI
TRAIN-NOISE-1504,Suresh Mehta,Rahul Patel,8392.0,2026-08-11 08:00:00,UPI
TRAIN-NOISE-1505,Suresh Reddy,Vikram Kumar,10512.0,2026-08-06 08:00:00,UPI
TRAIN-NOISE-1506,Anil Rao,Amit Joshi,2112.0,2026-08-02 08:00:00,UPI
TRAIN-NOISE-1507,Anil Kumar,Sameer Gupta,1366.0,2026-08-10 08:00:00,UPI
TRAIN-NOISE-1508,Vikram Reddy,Sameer Sharma,6974.0,2026-08-06 08:00:00,UPI
TRAIN-NOISE-1509,Vikram Joshi,Rahul Singh,1595.0,2026-08-07 08:00:00,UPI
TRAIN-NOISE-1510,Vikram Mehta,Rahul Gupta,7932.0,2026-08-09 08:00:00,UPI
TRAIN-NOISE-1511,Deepak Rao,Deepak Sharma,2630.0,2026-08-16 08:00:00,UPI
TRAIN-NOISE-1512,Sameer Joshi,Ramesh Mehta,5105.0,2026-08-01 08:00:00,UPI
TRAIN-NOISE-1513,Amit Mehta,Sameer Joshi,601.0,2026-08-08 08:00:00,UPI
TRAIN-NOISE-1514,Ravi Singh,Ramesh Rao,4550.0,2026-08-16 08:00:00,UPI
TRAIN-NOISE-1515,Deepak Sharma,Rahul Kumar,2854.0,2026-08-15 08:00:00,UPI
TRAIN-NOISE-1516,Anil Singh,Sameer Reddy,4125.0,2026-08-01 08:00:00,UPI
TRAIN-NOISE-1517,Ravi Reddy,Suresh Verma,977.0,2026-08-09 08:00:00,UPI
TRAIN-NOISE-1518,Rahul Gupta,Sameer Singh,6158.0,2026-08-07 08:00:00,UPI
TRAIN-NOISE-1519,Deepak Reddy,Suresh Sharma,9088.0,2026-08-05 08:00:00,UPI
TRAIN-NOISE-1520,Ravi Gupta,Amit Reddy,1249.0,2026-08-02 08:00:00,UPI
TRAIN-NOISE-1521,Anil Rao,Suresh Gupta,602.0,2026-08-10 08:00:00,UPI
TRAIN-NOISE-1522,Deepak Gupta,Ramesh Verma,257.0,2026-08-02 08:00:00,UPI
TRAIN-NOISE-1523,Ramesh Gupta,Anil Kumar,4772.0,2026-08-06 08:00:00,UPI
TRAIN-NOISE-1524,Pooja Mehta,Sameer Sharma,4353.0,2026-08-06 08:00:00,UPI
TRAIN-NOISE-1525,Deepak Sharma,Suresh Rao,3710.0,2026-08-12 08:00:00,UPI
TRAIN-NOISE-1526,Suresh Gupta,Ramesh Verma,1337.0,2026-08-10 08:00:00,UPI
TRAIN-NOISE-1527,Suresh Kumar,Deepak Patel,2381.0,2026-08-13 08:00:00,UPI
TRAIN-NOISE-1528,Anil Verma,Pooja Singh,4211.0,2026-08-03 08:00:00,UPI
TRAIN-NOISE-1529,Sameer Mehta,Pooja Kumar,3240.0,2026-08-05 08:00:00,UPI
TRAIN-NOISE-1530,Vikram Joshi,Anil Gupta,19973.0,2026-08-11 08:00:00,UPI
TRAIN-NOISE-1531,Ravi Rao,Rahul Kumar,810.0,2026-08-07 08:00:00,UPI
TRAIN-NOISE-1532,Ravi Kumar,Pooja Verma,5495.0,2026-08-02 08:00:00,UPI
TRAIN-NOISE-1533,Ramesh Gupta,Ravi Verma,2481.0,2026-08-03 08:00:00,UPI
TRAIN-NOISE-1534,Rahul Verma,Amit Mehta,2665.0,2026-08-10 08:00:00,UPI
TRAIN-NOISE-1535,Pooja Singh,Amit Mehta,5839.0,2026-08-11 08:00:00,UPI
TRAIN-NOISE-1536,Vikram Verma,Ravi Rao,5455.0,2026-08-12 08:00:00,UPI
TRAIN-NOISE-1537,Rahul Singh,Pooja Verma,21477.0,2026-08-16 08:00:00,UPI
TRAIN-NOISE-1538,Ravi Sharma,Sameer Joshi,768.0,2026-08-16 08:00:00,UPI
TRAIN-NOISE-1539,Suresh Sharma,Pooja Verma,644.0,2026-08-08 08:00:00,UPI
TRAIN-NOISE-1540,Sameer Mehta,Ravi Joshi,5948.0,2026-08-01 08:00:00,UPI
TRAIN-NOISE-1541,Vikram Joshi,Anil Mehta,4036.0,2026-08-15 08:00:00,UPI
TRAIN-NOISE-1542,Vikram Joshi,Ravi Kumar,1591.0,2026-08-14 08:00:00,UPI
TRAIN-NOISE-1543,Rahul Kumar,Suresh Mehta,522.0,2026-08-11 08:00:00,UPI
TRAIN-NOISE-1544,Amit Reddy,Sameer Singh,552.0,2026-08-07 08:00:00,UPI
TRAIN-NOISE-1545,Deepak Rao,Deepak Mehta,10257.0,2026-08-10 08:00:00,UPI
TRAIN-NOISE-1546,Pooja Joshi,Anil Verma,1108.0,2026-08-10 08:00:00,UPI
TRAIN-NOISE-1547,Ramesh Singh,Vikram Sharma,1907.0,2026-08-11 08:00:00,UPI
TRAIN-NOISE-1548,Vikram Mehta,Rahul Joshi,1306.0,2026-08-11 08:00:00,UPI
TRAIN-NOISE-1549,Pooja Rao,Ravi Patel,2123.0,2026-08-01 08:00:00,UPI
TRAIN-NOISE-1550,Amit Joshi,Ravi Joshi,473.0,2026-08-11 08:00:00,UPI
TRAIN-NOISE-1551,Pooja Rao,Rahul Verma,3444.0,2026-08-16 08:00:00,UPI
TRAIN-NOISE-1552,Suresh Gupta,Deepak Singh,465.0,2026-08-16 08:00:00,UPI
TRAIN-NOISE-1553,Vikram Kumar,Deepak Sharma,7400.0,2026-08-11 08:00:00,UPI
TRAIN-NOISE-1554,Ramesh Joshi,Rahul Kumar,1347.0,2026-08-02 08:00:00,UPI
TRAIN-NOISE-1555,Ravi Sharma,Ramesh Singh,3644.0,2026-08-11 08:00:00,UPI
TRAIN-NOISE-1556,Sameer Singh,Pooja Reddy,9694.0,2026-08-01 08:00:00,UPI
TRAIN-NOISE-1557,Ravi Kumar,Ravi Verma,4885.0,2026-08-11 08:00:00,UPI
TRAIN-NOISE-1558,Sameer Verma,Anil Verma,3576.0,2026-08-05 08:00:00,UPI
TRAIN-NOISE-1559,Anil Gupta,Anil Mehta,1914.0,2026-08-11 08:00:00,UPI
TRAIN-NOISE-1560,Amit Verma,Pooja Reddy,1972.0,2026-08-06 08:00:00,UPI
TRAIN-NOISE-1561,Ravi Verma,Amit Mehta,5131.0,2026-08-13 08:00:00,UPI
TRAIN-NOISE-1562,Suresh Sharma,Sameer Reddy,23277.0,2026-08-04 08:00:00,UPI
TRAIN-NOISE-1563,Sameer Gupta,Anil Joshi,5029.0,2026-08-02 08:00:00,UPI
TRAIN-NOISE-1564,Deepak Kumar,Rahul Kumar,3821.0,2026-08-03 08:00:00,UPI
TRAIN-NOISE-1565,Sameer Joshi,Rahul Sharma,6052.0,2026-08-12 08:00:00,UPI
TRAIN-NOISE-1566,Vikram Reddy,Ramesh Singh,2966.0,2026-08-07 08:00:00,UPI
TRAIN-NOISE-1567,Ravi Rao,Ramesh Singh,429.0,2026-08-06 08:00:00,UPI
TRAIN-NOISE-1568,Rahul Joshi,Deepak Patel,3867.0,2026-08-02 08:00:00,UPI
TRAIN-NOISE-1569,Deepak Mehta,Ramesh Verma,14375.0,2026-08-15 08:00:00,UPI
TRAIN-NOISE-1570,Vikram Sharma,Anil Mehta,1017.0,2026-08-16 08:00:00,UPI
TRAIN-NOISE-1571,Vikram Sharma,Vikram Kumar,5420.0,2026-08-07 08:00:00,UPI
TRAIN-NOISE-1572,Pooja Rao,Rahul Verma,1159.0,2026-08-10 08:00:00,UPI
TRAIN-NOISE-1573,Suresh Kumar,Anil Rao,3603.0,2026-08-04 08:00:00,UPI
TRAIN-NOISE-1574,Ravi Sharma,Rahul Singh,607.0,2026-08-07 08:00:00,UPI
TRAIN-NOISE-1575,Suresh Gupta,Deepak Sharma,2843.0,2026-08-13 08:00:00,UPI
TRAIN-NOISE-1576,Ravi Sharma,Rahul Joshi,6500.0,2026-08-01 08:00:00,UPI
TRAIN-NOISE-1577,Sameer Gupta,Suresh Mehta,2071.0,2026-08-03 08:00:00,UPI
TRAIN-NOISE-1578,Deepak Gupta,Ramesh Joshi,5070.0,2026-08-02 08:00:00,UPI
TRAIN-NOISE-1579,Ramesh Gupta,Ravi Sharma,7291.0,2026-08-10 08:00:00,UPI
TRAIN-NOISE-1580,Amit Sharma,Ravi Verma,11938.0,2026-08-10 08:00:00,UPI
TRAIN-NOISE-1581,Ravi Kumar,Suresh Kumar,1353.0,2026-08-07 08:00:00,UPI
TRAIN-NOISE-1582,Ravi Joshi,Sameer Sharma,2443.0,2026-08-09 08:00:00,UPI
TRAIN-NOISE-1583,Pooja Reddy,Anil Joshi,894.0,2026-08-15 08:00:00,UPI
TRAIN-NOISE-1584,Vikram Joshi,Deepak Kumar,22157.0,2026-08-05 08:00:00,UPI
TRAIN-NOISE-1585,Pooja Mehta,Anil Gupta,11927.0,2026-08-04 08:00:00,UPI
TRAIN-NOISE-1586,Deepak Rao,Rahul Gupta,3643.0,2026-08-04 08:00:00,UPI
TRAIN-NOISE-1587,Ravi Kumar,Ramesh Mehta,8454.0,2026-08-12 08:00:00,UPI
TRAIN-NOISE-1588,Suresh Verma,Anil Joshi,3461.0,2026-08-09 08:00:00,UPI
TRAIN-NOISE-1589,Anil Rao,Sameer Sharma,4546.0,2026-08-08 08:00:00,UPI
TRAIN-NOISE-1590,Rahul Patel,Deepak Verma,570.0,2026-08-10 08:00:00,UPI
TRAIN-NOISE-1591,Pooja Verma,Pooja Rao,6484.0,2026-08-15 08:00:00,UPI
TRAIN-NOISE-1592,Deepak Reddy,Rahul Singh,764.0,2026-08-01 08:00:00,UPI
TRAIN-NOISE-1593,Pooja Kumar,Deepak Reddy,8020.0,2026-08-04 08:00:00,UPI
TRAIN-NOISE-1594,Vikram Singh,Deepak Reddy,7005.0,2026-08-03 08:00:00,UPI
TRAIN-NOISE-1595,Pooja Singh,Ravi Patel,5700.0,2026-08-06 08:00:00,UPI
TRAIN-NOISE-1596,Sameer Reddy,Ramesh Rao,315.0,2026-08-15 08:00:00,UPI
TRAIN-NOISE-1597,Pooja Verma,Sameer Verma,1775.0,2026-08-10 08:00:00,UPI
TRAIN-NOISE-1598,Deepak Gupta,Deepak Mehta,1523.0,2026-08-03 08:00:00,UPI
TRAIN-NOISE-1599,Ramesh Joshi,Suresh Reddy,2159.0,2026-08-05 08:00:00,UPI
TRAIN-NOISE-1600,Ramesh Verma,Ramesh Joshi,562.0,2026-08-04 08:00:00,UPI
TRAIN-NOISE-1601,Deepak Sharma,Sameer Gupta,12587.0,2026-08-15 08:00:00,UPI
TRAIN-NOISE-1602,Pooja Kumar,Ramesh Sharma,3781.0,2026-08-08 08:00:00,UPI
TRAIN-NOISE-1603,Anil Rao,Pooja Verma,1790.0,2026-08-09 08:00:00,UPI
TRAIN-NOISE-1604,Amit Patel,Ravi Patel,2426.0,2026-08-06 08:00:00,UPI
TRAIN-NOISE-1605,Deepak Gupta,Suresh Kumar,2817.0,2026-08-15 08:00:00,UPI
TRAIN-NOISE-1606,Sameer Kumar,Anil Mehta,4279.0,2026-08-03 08:00:00,UPI
TRAIN-NOISE-1607,Pooja Kumar,Rahul Joshi,3412.0,2026-08-12 08:00:00,UPI
TRAIN-NOISE-1608,Rahul Verma,Ramesh Joshi,11481.0,2026-08-06 08:00:00,UPI
TRAIN-NOISE-1609,Sameer Sharma,Amit Reddy,3241.0,2026-08-05 08:00:00,UPI
TRAIN-NOISE-1610,Pooja Patel,Ramesh Gupta,21967.0,2026-08-13 08:00:00,UPI
TRAIN-NOISE-1611,Ramesh Gupta,Suresh Kumar,8729.0,2026-08-03 08:00:00,UPI
TRAIN-NOISE-1612,Ramesh Singh,Pooja Reddy,1202.0,2026-08-15 08:00:00,UPI
TRAIN-NOISE-1613,Anil Sharma,Ramesh Rao,12155.0,2026-08-14 08:00:00,UPI
TRAIN-NOISE-1614,Rahul Sharma,Rahul Gupta,706.0,2026-08-08 08:00:00,UPI
TRAIN-NOISE-1615,Suresh Verma,Pooja Mehta,7803.0,2026-08-16 08:00:00,UPI
TRAIN-NOISE-1616,Vikram Singh,Anil Verma,2305.0,2026-08-11 08:00:00,UPI
TRAIN-NOISE-1617,Ravi Kumar,Ramesh Rao,9615.0,2026-08-14 08:00:00,UPI
TRAIN-NOISE-1618,Rahul Reddy,Suresh Reddy,9264.0,2026-08-11 08:00:00,UPI
TRAIN-NOISE-1619,Ramesh Mehta,Rahul Sharma,7527.0,2026-08-06 08:00:00,UPI
TRAIN-NOISE-1620,Deepak Verma,Ravi Verma,7173.0,2026-08-16 08:00:00,UPI
TRAIN-NOISE-1621,Rahul Joshi,Ramesh Rao,1785.0,2026-08-15 08:00:00,UPI
TRAIN-NOISE-1622,Suresh Kumar,Sameer Singh,529.0,2026-08-04 08:00:00,UPI
TRAIN-NOISE-1623,Vikram Rao,Amit Joshi,2471.0,2026-08-10 08:00:00,UPI
TRAIN-NOISE-1624,Anil Sharma,Anil Verma,1007.0,2026-08-04 08:00:00,UPI
TRAIN-NOISE-1625,Sameer Reddy,Amit Verma,5492.0,2026-08-11 08:00:00,UPI
TRAIN-NOISE-1626,Sameer Joshi,Ravi Gupta,2061.0,2026-08-03 08:00:00,UPI
TRAIN-NOISE-1627,Ravi Singh,Deepak Singh,16861.0,2026-08-01 08:00:00,UPI
TRAIN-NOISE-1628,Anil Rao,Vikram Kumar,4759.0,2026-08-15 08:00:00,UPI
TRAIN-NOISE-1629,Pooja Reddy,Sameer Mehta,7929.0,2026-08-13 08:00:00,UPI
TRAIN-NOISE-1630,Pooja Verma,Ravi Verma,789.0,2026-08-15 08:00:00,UPI
TRAIN-NOISE-1631,Deepak Mehta,Ravi Kumar,9062.0,2026-08-11 08:00:00,UPI
TRAIN-NOISE-1632,Ramesh Singh,Suresh Reddy,11673.0,2026-08-10 08:00:00,UPI
TRAIN-NOISE-1633,Rahul Reddy,Amit Reddy,3154.0,2026-08-03 08:00:00,UPI
TRAIN-NOISE-1634,Suresh Rao,Deepak Rao,4344.0,2026-08-13 08:00:00,UPI
TRAIN-NOISE-1635,Rahul Singh,Sameer Mehta,6663.0,2026-08-02 08:00:00,UPI
TRAIN-NOISE-1636,Deepak Patel,Suresh Verma,1014.0,2026-08-02 08:00:00,UPI
TRAIN-NOISE-1637,Vikram Mehta,Sameer Singh,3292.0,2026-08-12 08:00:00,UPI
TRAIN-NOISE-1638,Rahul Joshi,Sameer Sharma,2438.0,2026-08-01 08:00:00,UPI
TRAIN-NOISE-1639,Rahul Sharma,Rahul Reddy,862.0,2026-08-13 08:00:00,UPI
TRAIN-NOISE-1640,Anil Joshi,Amit Verma,2211.0,2026-08-13 08:00:00,UPI
TRAIN-NOISE-1641,Amit Verma,Rahul Reddy,467.0,2026-08-07 08:00:00,UPI
TRAIN-NOISE-1642,Amit Joshi,Pooja Kumar,267.0,2026-08-05 08:00:00,UPI
TRAIN-NOISE-1643,Ravi Joshi,Sameer Singh,803.0,2026-08-13 08:00:00,UPI
TRAIN-NOISE-1644,Amit Patel,Anil Kumar,14999.0,2026-08-05 08:00:00,UPI
TRAIN-NOISE-1645,Sameer Sharma,Rahul Singh,3738.0,2026-08-05 08:00:00,UPI
TRAIN-NOISE-1646,Deepak Rao,Deepak Verma,15342.0,2026-08-01 08:00:00,UPI
TRAIN-NOISE-1647,Anil Rao,Sameer Kumar,2699.0,2026-08-14 08:00:00,UPI
TRAIN-NOISE-1648,Deepak Singh,Anil Singh,1831.0,2026-08-05 08:00:00,UPI
TRAIN-NOISE-1649,Anil Kumar,Deepak Sharma,3324.0,2026-08-14 08:00:00,UPI
TRAIN-NOISE-1650,Rahul Gupta,Suresh Sharma,2755.0,2026-08-15 08:00:00,UPI
TRAIN-NOISE-1651,Pooja Patel,Pooja Singh,652.0,2026-08-15 08:00:00,UPI
TRAIN-NOISE-1652,Vikram Singh,Sameer Verma,4757.0,2026-08-08 08:00:00,UPI
TRAIN-NOISE-1653,Suresh Sharma,Pooja Singh,1245.0,2026-08-01 08:00:00,UPI
TRAIN-NOISE-1654,Ravi Verma,Sameer Joshi,4499.0,2026-08-08 08:00:00,UPI
TRAIN-NOISE-1655,Vikram Sharma,Deepak Kumar,4876.0,2026-08-14 08:00:00,UPI
TRAIN-NOISE-1656,Ramesh Mehta,Ravi Verma,892.0,2026-08-12 08:00:00,UPI
TRAIN-NOISE-1657,Suresh Reddy,Rahul Verma,434.0,2026-08-12 08:00:00,UPI
TRAIN-NOISE-1658,Rahul Joshi,Suresh Rao,6979.0,2026-08-16 08:00:00,UPI
TRAIN-NOISE-1659,Anil Singh,Anil Rao,2921.0,2026-08-09 08:00:00,UPI
TRAIN-NOISE-1660,Ramesh Joshi,Ravi Sharma,419.0,2026-08-03 08:00:00,UPI
TRAIN-NOISE-1661,Ravi Sharma,Pooja Verma,23873.0,2026-08-03 08:00:00,UPI
TRAIN-NOISE-1662,Ravi Reddy,Pooja Kumar,417.0,2026-08-03 08:00:00,UPI
TRAIN-NOISE-1663,Ramesh Mehta,Suresh Rao,5494.0,2026-08-10 08:00:00,UPI
TRAIN-NOISE-1664,Pooja Verma,Deepak Reddy,18668.0,2026-08-11 08:00:00,UPI
TRAIN-NOISE-1665,Pooja Reddy,Deepak Rao,1380.0,2026-08-16 08:00:00,UPI
TRAIN-NOISE-1666,Deepak Sharma,Pooja Patel,840.0,2026-08-16 08:00:00,UPI
TRAIN-NOISE-1667,Ravi Verma,Deepak Gupta,732.0,2026-08-14 08:00:00,UPI
TRAIN-NOISE-1668,Sameer Verma,Sameer Mehta,1776.0,2026-08-10 08:00:00,UPI
TRAIN-NOISE-1669,Rahul Patel,Suresh Gupta,629.0,2026-08-10 08:00:00,UPI
TRAIN-NOISE-1670,Suresh Reddy,Vikram Verma,5451.0,2026-08-02 08:00:00,UPI
TRAIN-NOISE-1671,Pooja Kumar,Suresh Rao,439.0,2026-08-06 08:00:00,UPI
TRAIN-NOISE-1672,Ravi Verma,Deepak Reddy,3354.0,2026-08-10 08:00:00,UPI
TRAIN-NOISE-1673,Rahul Gupta,Anil Mehta,25857.0,2026-08-10 08:00:00,UPI
TRAIN-NOISE-1674,Sameer Kumar,Anil Singh,7718.0,2026-08-05 08:00:00,UPI
TRAIN-NOISE-1675,Vikram Sharma,Deepak Verma,4447.0,2026-08-09 08:00:00,UPI
TRAIN-NOISE-1676,Pooja Joshi,Rahul Singh,1795.0,2026-08-09 08:00:00,UPI
TRAIN-NOISE-1677,Anil Gupta,Pooja Joshi,4550.0,2026-08-01 08:00:00,UPI
TRAIN-NOISE-1678,Rahul Joshi,Amit Mehta,3519.0,2026-08-06 08:00:00,UPI
TRAIN-NOISE-1679,Ramesh Rao,Vikram Kumar,2648.0,2026-08-15 08:00:00,UPI
TRAIN-NOISE-1680,Deepak Patel,Amit Joshi,780.0,2026-08-09 08:00:00,UPI
TRAIN-NOISE-1681,Rahul Sharma,Sameer Kumar,9945.0,2026-08-06 08:00:00,UPI
TRAIN-NOISE-1682,Ravi Rao,Suresh Gupta,2838.0,2026-08-11 08:00:00,UPI
TRAIN-NOISE-1683,Anil Singh,Anil Rao,1123.0,2026-08-05 08:00:00,UPI
TRAIN-NOISE-1684,Sameer Joshi,Rahul Kumar,2213.0,2026-08-13 08:00:00,UPI
TRAIN-NOISE-1685,Rahul Sharma,Vikram Rao,2555.0,2026-08-06 08:00:00,UPI
TRAIN-NOISE-1686,Ravi Kumar,Ravi Verma,8059.0,2026-08-12 08:00:00,UPI
TRAIN-NOISE-1687,Deepak Reddy,Vikram Verma,6102.0,2026-08-04 08:00:00,UPI
TRAIN-NOISE-1688,Deepak Reddy,Rahul Patel,6749.0,2026-08-15 08:00:00,UPI
TRAIN-NOISE-1689,Anil Sharma,Pooja Kumar,199.0,2026-08-10 08:00:00,UPI
TRAIN-NOISE-1690,Pooja Kumar,Pooja Reddy,2571.0,2026-08-08 08:00:00,UPI
TRAIN-NOISE-1691,Amit Verma,Vikram Singh,3104.0,2026-08-16 08:00:00,UPI
TRAIN-NOISE-1692,Vikram Verma,Anil Rao,237.0,2026-08-14 08:00:00,UPI
TRAIN-NOISE-1693,Deepak Rao,Sameer Sharma,1503.0,2026-08-15 08:00:00,UPI
TRAIN-NOISE-1694,Amit Verma,Anil Joshi,6577.0,2026-08-02 08:00:00,UPI
TRAIN-NOISE-1695,Amit Rao,Pooja Reddy,813.0,2026-08-12 08:00:00,UPI
TRAIN-NOISE-1696,Rahul Reddy,Pooja Verma,3598.0,2026-08-09 08:00:00,UPI
TRAIN-NOISE-1697,Deepak Gupta,Deepak Kumar,1240.0,2026-08-09 08:00:00,UPI
TRAIN-NOISE-1698,Amit Rao,Pooja Joshi,204.0,2026-08-13 08:00:00,UPI
TRAIN-NOISE-1699,Ramesh Joshi,Rahul Sharma,1392.0,2026-08-07 08:00:00,UPI
TRAIN-NOISE-1700,Ravi Sharma,Pooja Rao,16910.0,2026-08-06 08:00:00,UPI
TRAIN-NOISE-1701,Anil Joshi,Suresh Verma,7427.0,2026-08-01 08:00:00,UPI
TRAIN-NOISE-1702,Deepak Rao,Anil Verma,14587.0,2026-08-01 08:00:00,UPI
TRAIN-NOISE-1703,Rahul Kumar,Amit Rao,3161.0,2026-08-04 08:00:00,UPI
TRAIN-NOISE-1704,Vikram Reddy,Amit Reddy,673.0,2026-08-08 08:00:00,UPI
TRAIN-NOISE-1705,Sameer Sharma,Pooja Joshi,3722.0,2026-08-07 08:00:00,UPI
TRAIN-NOISE-1706,Suresh Gupta,Anil Mehta,2876.0,2026-08-03 08:00:00,UPI
TRAIN-NOISE-1707,Ravi Gupta,Sameer Reddy,8520.0,2026-08-07 08:00:00,UPI
TRAIN-NOISE-1708,Sameer Reddy,Vikram Joshi,614.0,2026-08-04 08:00:00,UPI
TRAIN-NOISE-1709,Ramesh Verma,Amit Mehta,3164.0,2026-08-05 08:00:00,UPI
TRAIN-NOISE-1710,Amit Verma,Suresh Reddy,881.0,2026-08-06 08:00:00,UPI
TRAIN-NOISE-1711,Rahul Joshi,Suresh Sharma,1916.0,2026-08-09 08:00:00,UPI
TRAIN-NOISE-1712,Sameer Mehta,Ramesh Joshi,6166.0,2026-08-03 08:00:00,UPI
TRAIN-NOISE-1713,Deepak Sharma,Anil Gupta,3058.0,2026-08-14 08:00:00,UPI
TRAIN-NOISE-1714,Suresh Kumar,Pooja Joshi,2271.0,2026-08-06 08:00:00,UPI
TRAIN-NOISE-1715,Deepak Verma,Anil Gupta,2407.0,2026-08-02 08:00:00,UPI
TRAIN-NOISE-1716,Amit Verma,Vikram Singh,2918.0,2026-08-11 08:00:00,UPI
TRAIN-NOISE-1717,Ravi Gupta,Vikram Verma,7067.0,2026-08-09 08:00:00,UPI
TRAIN-NOISE-1718,Amit Joshi,Vikram Rao,10168.0,2026-08-03 08:00:00,UPI
TRAIN-NOISE-1719,Sameer Kumar,Deepak Mehta,14138.0,2026-08-13 08:00:00,UPI
TRAIN-NOISE-1720,Amit Joshi,Sameer Kumar,7107.0,2026-08-04 08:00:00,UPI
TRAIN-NOISE-1721,Anil Rao,Ramesh Mehta,1855.0,2026-08-14 08:00:00,UPI
TRAIN-NOISE-1722,Ravi Singh,Pooja Verma,5393.0,2026-08-04 08:00:00,UPI
TRAIN-NOISE-1723,Vikram Rao,Vikram Verma,2739.0,2026-08-04 08:00:00,UPI
TRAIN-NOISE-1724,Suresh Gupta,Deepak Verma,1472.0,2026-08-03 08:00:00,UPI
TRAIN-NOISE-1725,Ravi Verma,Pooja Joshi,8421.0,2026-08-15 08:00:00,UPI
TRAIN-NOISE-1726,Amit Sharma,Sameer Joshi,326.0,2026-08-05 08:00:00,UPI
TRAIN-NOISE-1727,Vikram Mehta,Suresh Gupta,10591.0,2026-08-13 08:00:00,UPI
TRAIN-NOISE-1728,Deepak Kumar,Vikram Kumar,2935.0,2026-08-11 08:00:00,UPI
TRAIN-NOISE-1729,Ravi Patel,Ravi Verma,4712.0,2026-08-01 08:00:00,UPI
TRAIN-NOISE-1730,Pooja Patel,Sameer Kumar,4996.0,2026-08-16 08:00:00,UPI
TRAIN-NOISE-1731,Rahul Reddy,Anil Sharma,10297.0,2026-08-03 08:00:00,UPI
TRAIN-NOISE-1732,Ramesh Mehta,Deepak Joshi,4705.0,2026-08-01 08:00:00,UPI
TRAIN-NOISE-1733,Vikram Singh,Rahul Verma,4432.0,2026-08-04 08:00:00,UPI
TRAIN-NOISE-1734,Suresh Reddy,Pooja Reddy,460.0,2026-08-12 08:00:00,UPI
TRAIN-NOISE-1735,Deepak Gupta,Ramesh Singh,3437.0,2026-08-13 08:00:00,UPI
TRAIN-NOISE-1736,Ravi Gupta,Ramesh Verma,882.0,2026-08-12 08:00:00,UPI
TRAIN-NOISE-1737,Pooja Reddy,Pooja Rao,6167.0,2026-08-03 08:00:00,UPI
TRAIN-NOISE-1738,Deepak Sharma,Sameer Mehta,3380.0,2026-08-07 08:00:00,UPI
TRAIN-NOISE-1739,Amit Joshi,Suresh Verma,5280.0,2026-08-02 08:00:00,UPI
TRAIN-NOISE-1740,Vikram Singh,Ravi Joshi,341.0,2026-08-10 08:00:00,UPI
TRAIN-NOISE-1741,Vikram Singh,Ramesh Gupta,548.0,2026-08-12 08:00:00,UPI
TRAIN-NOISE-1742,Sameer Kumar,Anil Singh,5819.0,2026-08-15 08:00:00,UPI
TRAIN-NOISE-1743,Ravi Joshi,Deepak Singh,486.0,2026-08-02 08:00:00,UPI
TRAIN-NOISE-1744,Ravi Joshi,Anil Mehta,482.0,2026-08-08 08:00:00,UPI
TRAIN-NOISE-1745,Sameer Kumar,Vikram Singh,204.0,2026-08-03 08:00:00,UPI
TRAIN-NOISE-1746,Ramesh Mehta,Sameer Gupta,14257.0,2026-08-16 08:00:00,UPI
TRAIN-NOISE-1747,Pooja Reddy,Vikram Reddy,6168.0,2026-08-01 08:00:00,UPI
TRAIN-NOISE-1748,Suresh Gupta,Pooja Rao,2111.0,2026-08-02 08:00:00,UPI
TRAIN-NOISE-1749,Pooja Rao,Suresh Mehta,1732.0,2026-08-13 08:00:00,UPI
TRAIN-NOISE-1750,Vikram Joshi,Ravi Singh,2086.0,2026-08-15 08:00:00,UPI
TRAIN-NOISE-1751,Pooja Reddy,Vikram Kumar,6855.0,2026-08-08 08:00:00,UPI
TRAIN-NOISE-1752,Deepak Verma,Suresh Gupta,5022.0,2026-08-05 08:00:00,UPI
TRAIN-NOISE-1753,Sameer Kumar,Amit Sharma,1071.0,2026-08-16 08:00:00,UPI
TRAIN-NOISE-1754,Rahul Gupta,Suresh Mehta,1010.0,2026-08-08 08:00:00,UPI
TRAIN-NOISE-1755,Rahul Singh,Deepak Rao,616.0,2026-08-06 08:00:00,UPI
TRAIN-NOISE-1756,Deepak Reddy,Sameer Gupta,5008.0,2026-08-04 08:00:00,UPI
TRAIN-NOISE-1757,Deepak Sharma,Pooja Verma,6654.0,2026-08-06 08:00:00,UPI
TRAIN-NOISE-1758,Ramesh Rao,Anil Verma,1535.0,2026-08-04 08:00:00,UPI
TRAIN-NOISE-1759,Rahul Joshi,Sameer Joshi,245.0,2026-08-08 08:00:00,UPI
TRAIN-NOISE-1760,Anil Verma,Deepak Mehta,535.0,2026-08-14 08:00:00,UPI
TRAIN-NOISE-1761,Pooja Rao,Anil Sharma,15619.0,2026-08-11 08:00:00,UPI
TRAIN-NOISE-1762,Vikram Joshi,Ravi Verma,1725.0,2026-08-05 08:00:00,UPI
TRAIN-NOISE-1763,Suresh Kumar,Ravi Singh,6748.0,2026-08-02 08:00:00,UPI
TRAIN-NOISE-1764,Ramesh Rao,Amit Joshi,4559.0,2026-08-11 08:00:00,UPI
TRAIN-NOISE-1765,Anil Verma,Vikram Joshi,2315.0,2026-08-09 08:00:00,UPI
TRAIN-NOISE-1766,Anil Rao,Anil Kumar,1186.0,2026-08-06 08:00:00,UPI
TRAIN-NOISE-1767,Deepak Patel,Suresh Verma,732.0,2026-08-06 08:00:00,UPI
TRAIN-NOISE-1768,Vikram Rao,Ravi Reddy,4445.0,2026-08-02 08:00:00,UPI
TRAIN-NOISE-1769,Deepak Singh,Amit Rao,6855.0,2026-08-13 08:00:00,UPI
TRAIN-NOISE-1770,Pooja Mehta,Amit Sharma,4796.0,2026-08-16 08:00:00,UPI
TRAIN-NOISE-1771,Anil Singh,Vikram Mehta,3550.0,2026-08-01 08:00:00,UPI
TRAIN-NOISE-1772,Amit Joshi,Ramesh Verma,342.0,2026-08-10 08:00:00,UPI
TRAIN-NOISE-1773,Anil Kumar,Pooja Kumar,15708.0,2026-08-05 08:00:00,UPI
TRAIN-NOISE-1774,Ravi Kumar,Anil Rao,7363.0,2026-08-09 08:00:00,UPI
TRAIN-NOISE-1775,Ravi Sharma,Vikram Reddy,1709.0,2026-08-14 08:00:00,UPI
TRAIN-NOISE-1776,Rahul Sharma,Amit Joshi,17747.0,2026-08-02 08:00:00,UPI
TRAIN-NOISE-1777,Sameer Reddy,Suresh Sharma,4294.0,2026-08-16 08:00:00,UPI
TRAIN-NOISE-1778,Pooja Verma,Ramesh Verma,4079.0,2026-08-10 08:00:00,UPI
TRAIN-NOISE-1779,Amit Reddy,Anil Kumar,6353.0,2026-08-01 08:00:00,UPI
TRAIN-NOISE-1780,Sameer Singh,Rahul Sharma,7665.0,2026-08-07 08:00:00,UPI
TRAIN-NOISE-1781,Vikram Joshi,Ravi Rao,4958.0,2026-08-04 08:00:00,UPI
TRAIN-NOISE-1782,Rahul Gupta,Amit Patel,766.0,2026-08-08 08:00:00,UPI
TRAIN-NOISE-1783,Ramesh Joshi,Ravi Kumar,2008.0,2026-08-09 08:00:00,UPI
TRAIN-NOISE-1784,Deepak Reddy,Ravi Joshi,11995.0,2026-08-04 08:00:00,UPI
TRAIN-NOISE-1785,Vikram Kumar,Pooja Kumar,1294.0,2026-08-16 08:00:00,UPI
TRAIN-NOISE-1786,Amit Joshi,Pooja Mehta,2244.0,2026-08-02 08:00:00,UPI
TRAIN-NOISE-1787,Deepak Reddy,Amit Patel,2695.0,2026-08-10 08:00:00,UPI
TRAIN-NOISE-1788,Ravi Kumar,Rahul Reddy,2754.0,2026-08-09 08:00:00,UPI
TRAIN-NOISE-1789,Deepak Gupta,Pooja Verma,4421.0,2026-08-15 08:00:00,UPI
TRAIN-NOISE-1790,Suresh Mehta,Ramesh Gupta,13047.0,2026-08-02 08:00:00,UPI
TRAIN-NOISE-1791,Pooja Reddy,Amit Joshi,1389.0,2026-08-06 08:00:00,UPI
TRAIN-NOISE-1792,Anil Mehta,Sameer Kumar,732.0,2026-08-04 08:00:00,UPI
TRAIN-NOISE-1793,Deepak Verma,Rahul Sharma,1139.0,2026-08-15 08:00:00,UPI
TRAIN-NOISE-1794,Ramesh Rao,Suresh Rao,9958.0,2026-08-11 08:00:00,UPI
TRAIN-NOISE-1795,Anil Kumar,Deepak Mehta,4820.0,2026-08-11 08:00:00,UPI
TRAIN-NOISE-1796,Ramesh Sharma,Rahul Joshi,1665.0,2026-08-11 08:00:00,UPI
TRAIN-NOISE-1797,Ramesh Sharma,Amit Rao,7766.0,2026-08-08 08:00:00,UPI
TRAIN-NOISE-1798,Rahul Kumar,Deepak Mehta,9041.0,2026-08-13 08:00:00,UPI
TRAIN-NOISE-1799,Deepak Joshi,Deepak Verma,8583.0,2026-08-16 08:00:00,UPI
TRAIN-NOISE-1800,Suresh Rao,Sameer Kumar,11455.0,2026-08-02 08:00:00,UPI
TRAIN-NOISE-1801,Rahul Reddy,Anil Rao,1458.0,2026-08-07 08:00:00,UPI
TRAIN-NOISE-1802,Pooja Verma,Deepak Sharma,6480.0,2026-08-06 08:00:00,UPI
TRAIN-NOISE-1803,Vikram Singh,Deepak Patel,2927.0,2026-08-05 08:00:00,UPI
TRAIN-NOISE-1804,Deepak Sharma,Ravi Joshi,8453.0,2026-08-12 08:00:00,UPI
TRAIN-NOISE-1805,Deepak Kumar,Deepak Mehta,6016.0,2026-08-11 08:00:00,UPI
TRAIN-NOISE-1806,Rahul Singh,Suresh Gupta,6891.0,2026-08-02 08:00:00,UPI
TRAIN-NOISE-1807,Anil Gupta,Deepak Singh,4954.0,2026-08-04 08:00:00,UPI
TRAIN-NOISE-1808,Ramesh Joshi,Deepak Sharma,1028.0,2026-08-14 08:00:00,UPI
TRAIN-NOISE-1809,Rahul Patel,Pooja Rao,3693.0,2026-08-08 08:00:00,UPI
TRAIN-NOISE-1810,Sameer Mehta,Amit Mehta,18950.0,2026-08-06 08:00:00,UPI
TRAIN-NOISE-1811,Pooja Verma,Rahul Patel,12618.0,2026-08-08 08:00:00,UPI
TRAIN-NOISE-1812,Ramesh Verma,Rahul Kumar,348.0,2026-08-16 08:00:00,UPI
TRAIN-NOISE-1813,Ravi Singh,Ramesh Rao,960.0,2026-08-16 08:00:00,UPI
TRAIN-NOISE-1814,Ramesh Joshi,Anil Gupta,785.0,2026-08-01 08:00:00,UPI
TRAIN-NOISE-1815,Pooja Singh,Ravi Reddy,5975.0,2026-08-08 08:00:00,UPI
TRAIN-NOISE-1816,Suresh Kumar,Rahul Reddy,7811.0,2026-08-08 08:00:00,UPI
TRAIN-NOISE-1817,Ramesh Rao,Vikram Kumar,1230.0,2026-08-01 08:00:00,UPI
TRAIN-NOISE-1818,Anil Kumar,Suresh Mehta,3322.0,2026-08-02 08:00:00,UPI
TRAIN-NOISE-1819,Pooja Kumar,Vikram Sharma,8416.0,2026-08-02 08:00:00,UPI
TRAIN-NOISE-1820,Pooja Singh,Ravi Rao,6088.0,2026-08-13 08:00:00,UPI
TRAIN-NOISE-1821,Rahul Verma,Amit Rao,3666.0,2026-08-15 08:00:00,UPI
TRAIN-NOISE-1822,Sameer Joshi,Rahul Sharma,4166.0,2026-08-03 08:00:00,UPI
TRAIN-NOISE-1823,Sameer Singh,Deepak Rao,3345.0,2026-08-14 08:00:00,UPI
TRAIN-NOISE-1824,Ravi Singh,Rahul Singh,1739.0,2026-08-12 08:00:00,UPI
TRAIN-NOISE-1825,Sameer Mehta,Rahul Sharma,3896.0,2026-08-03 08:00:00,UPI
TRAIN-NOISE-1826,Amit Sharma,Rahul Verma,5404.0,2026-08-10 08:00:00,UPI
TRAIN-NOISE-1827,Pooja Mehta,Deepak Sharma,9447.0,2026-08-01 08:00:00,UPI
TRAIN-NOISE-1828,Deepak Sharma,Ramesh Joshi,4701.0,2026-08-05 08:00:00,UPI
TRAIN-NOISE-1829,Anil Sharma,Suresh Sharma,6593.0,2026-08-12 08:00:00,UPI
TRAIN-NOISE-1830,Ramesh Joshi,Vikram Mehta,934.0,2026-08-03 08:00:00,UPI
TRAIN-NOISE-1831,Vikram Singh,Deepak Gupta,2935.0,2026-08-02 08:00:00,UPI
TRAIN-NOISE-1832,Sameer Mehta,Pooja Singh,192.0,2026-08-09 08:00:00,UPI
TRAIN-NOISE-1833,Pooja Verma,Ramesh Mehta,1424.0,2026-08-07 08:00:00,UPI
TRAIN-NOISE-1834,Anil Singh,Rahul Gupta,5983.0,2026-08-11 08:00:00,UPI
TRAIN-NOISE-1835,Ravi Gupta,Pooja Patel,21771.0,2026-08-12 08:00:00,UPI
TRAIN-NOISE-1836,Deepak Reddy,Rahul Joshi,620.0,2026-08-13 08:00:00,UPI
TRAIN-NOISE-1837,Amit Patel,Ramesh Joshi,2459.0,2026-08-02 08:00:00,UPI
TRAIN-NOISE-1838,Amit Joshi,Sameer Singh,7394.0,2026-08-03 08:00:00,UPI
TRAIN-NOISE-1839,Sameer Singh,Ravi Kumar,1176.0,2026-08-05 08:00:00,UPI
TRAIN-NOISE-1840,Deepak Gupta,Rahul Sharma,3794.0,2026-08-04 08:00:00,UPI
TRAIN-NOISE-1841,Rahul Verma,Suresh Rao,6093.0,2026-08-07 08:00:00,UPI
TRAIN-NOISE-1842,Deepak Joshi,Suresh Kumar,4456.0,2026-08-12 08:00:00,UPI
TRAIN-NOISE-1843,Deepak Kumar,Vikram Sharma,1087.0,2026-08-14 08:00:00,UPI
TRAIN-NOISE-1844,Anil Gupta,Deepak Reddy,2125.0,2026-08-03 08:00:00,UPI
TRAIN-NOISE-1845,Deepak Patel,Amit Reddy,7041.0,2026-08-15 08:00:00,UPI
TRAIN-NOISE-1846,Sameer Kumar,Vikram Sharma,3785.0,2026-08-04 08:00:00,UPI
TRAIN-NOISE-1847,Pooja Kumar,Pooja Reddy,173.0,2026-08-10 08:00:00,UPI
TRAIN-NOISE-1848,Vikram Reddy,Rahul Gupta,6590.0,2026-08-12 08:00:00,UPI
TRAIN-NOISE-1849,Anil Verma,Ravi Joshi,311.0,2026-08-15 08:00:00,UPI
TRAIN-NOISE-1850,Ramesh Verma,Anil Singh,6312.0,2026-08-13 08:00:00,UPI
TRAIN-NOISE-1851,Amit Joshi,Sameer Sharma,1168.0,2026-08-03 08:00:00,UPI
TRAIN-NOISE-1852,Ramesh Gupta,Rahul Patel,14423.0,2026-08-09 08:00:00,UPI
TRAIN-NOISE-1853,Rahul Joshi,Anil Rao,2214.0,2026-08-16 08:00:00,UPI
TRAIN-NOISE-1854,Vikram Kumar,Ravi Kumar,1931.0,2026-08-01 08:00:00,UPI
TRAIN-NOISE-1855,Sameer Mehta,Anil Kumar,875.0,2026-08-05 08:00:00,UPI
TRAIN-NOISE-1856,Pooja Kumar,Amit Reddy,1791.0,2026-08-14 08:00:00,UPI
TRAIN-NOISE-1857,Vikram Rao,Amit Sharma,9567.0,2026-08-10 08:00:00,UPI
TRAIN-NOISE-1858,Ravi Joshi,Anil Verma,25389.0,2026-08-01 08:00:00,UPI
TRAIN-NOISE-1859,Ramesh Sharma,Ravi Sharma,2217.0,2026-08-11 08:00:00,UPI
TRAIN-NOISE-1860,Rahul Kumar,Suresh Rao,2828.0,2026-08-11 08:00:00,UPI
TRAIN-NOISE-1861,Suresh Kumar,Sameer Kumar,5911.0,2026-08-15 08:00:00,UPI
TRAIN-NOISE-1862,Deepak Sharma,Ramesh Singh,9929.0,2026-08-05 08:00:00,UPI
TRAIN-NOISE-1863,Sameer Gupta,Rahul Patel,4195.0,2026-08-09 08:00:00,UPI
TRAIN-NOISE-1864,Ramesh Sharma,Rahul Verma,2385.0,2026-08-12 08:00:00,UPI
TRAIN-NOISE-1865,Sameer Sharma,Deepak Reddy,2544.0,2026-08-05 08:00:00,UPI
TRAIN-NOISE-1866,Sameer Verma,Sameer Sharma,5502.0,2026-08-15 08:00:00,UPI
TRAIN-NOISE-1867,Rahul Patel,Rahul Gupta,164.0,2026-08-06 08:00:00,UPI
TRAIN-NOISE-1868,Pooja Reddy,Sameer Sharma,4499.0,2026-08-06 08:00:00,UPI
TRAIN-NOISE-1869,Amit Joshi,Vikram Kumar,2126.0,2026-08-06 08:00:00,UPI
TRAIN-NOISE-1870,Rahul Sharma,Rahul Joshi,7263.0,2026-08-02 08:00:00,UPI
TRAIN-NOISE-1871,Anil Joshi,Ravi Verma,589.0,2026-08-05 08:00:00,UPI
TRAIN-NOISE-1872,Vikram Rao,Vikram Verma,4142.0,2026-08-12 08:00:00,UPI
TRAIN-NOISE-1873,Suresh Sharma,Ravi Kumar,3101.0,2026-08-02 08:00:00,UPI
TRAIN-NOISE-1874,Anil Joshi,Amit Reddy,4776.0,2026-08-05 08:00:00,UPI
TRAIN-NOISE-1875,Deepak Patel,Vikram Reddy,451.0,2026-08-06 08:00:00,UPI
TRAIN-NOISE-1876,Pooja Reddy,Ramesh Singh,4053.0,2026-08-04 08:00:00,UPI
TRAIN-NOISE-1877,Anil Mehta,Anil Sharma,3859.0,2026-08-16 08:00:00,UPI
TRAIN-NOISE-1878,Anil Rao,Deepak Sharma,3851.0,2026-08-11 08:00:00,UPI
TRAIN-NOISE-1879,Vikram Kumar,Vikram Mehta,4312.0,2026-08-11 08:00:00,UPI
TRAIN-NOISE-1880,Sameer Mehta,Pooja Kumar,5228.0,2026-08-10 08:00:00,UPI
TRAIN-NOISE-1881,Ravi Verma,Anil Rao,7506.0,2026-08-15 08:00:00,UPI
TRAIN-NOISE-1882,Pooja Rao,Rahul Joshi,1565.0,2026-08-16 08:00:00,UPI
TRAIN-NOISE-1883,Suresh Mehta,Deepak Singh,7994.0,2026-08-04 08:00:00,UPI
TRAIN-NOISE-1884,Sameer Gupta,Anil Mehta,3253.0,2026-08-13 08:00:00,UPI
TRAIN-NOISE-1885,Rahul Gupta,Deepak Joshi,510.0,2026-08-15 08:00:00,UPI
TRAIN-NOISE-1886,Sameer Verma,Ramesh Verma,421.0,2026-08-11 08:00:00,UPI
TRAIN-NOISE-1887,Ravi Gupta,Amit Mehta,1980.0,2026-08-07 08:00:00,UPI
TRAIN-NOISE-1888,Suresh Rao,Ravi Rao,7064.0,2026-08-08 08:00:00,UPI
TRAIN-NOISE-1889,Anil Gupta,Deepak Mehta,5684.0,2026-08-01 08:00:00,UPI
TRAIN-NOISE-1890,Anil Singh,Pooja Reddy,7143.0,2026-08-15 08:00:00,UPI
TRAIN-NOISE-1891,Ramesh Verma,Pooja Patel,3427.0,2026-08-13 08:00:00,UPI
TRAIN-NOISE-1892,Ravi Joshi,Sameer Kumar,2760.0,2026-08-11 08:00:00,UPI
TRAIN-NOISE-1893,Pooja Patel,Ravi Gupta,867.0,2026-08-12 08:00:00,UPI
TRAIN-NOISE-1894,Ravi Patel,Anil Rao,1940.0,2026-08-14 08:00:00,UPI
TRAIN-NOISE-1895,Deepak Patel,Vikram Singh,2711.0,2026-08-12 08:00:00,UPI
TRAIN-NOISE-1896,Deepak Rao,Sameer Sharma,567.0,2026-08-12 08:00:00,UPI
TRAIN-NOISE-1897,Amit Reddy,Sameer Gupta,1271.0,2026-08-15 08:00:00,UPI
TRAIN-NOISE-1898,Sameer Singh,Ramesh Verma,4253.0,2026-08-07 08:00:00,UPI
TRAIN-NOISE-1899,Vikram Rao,Anil Kumar,6137.0,2026-08-15 08:00:00,UPI
TRAIN-NOISE-1900,Sameer Sharma,Pooja Mehta,28974.0,2026-08-14 08:00:00,UPI
TRAIN-NOISE-1901,Anil Kumar,Deepak Singh,12321.0,2026-08-03 08:00:00,UPI
TRAIN-NOISE-1902,Anil Rao,Ravi Kumar,4779.0,2026-08-10 08:00:00,UPI
TRAIN-NOISE-1903,Pooja Kumar,Ravi Rao,2610.0,2026-08-11 08:00:00,UPI
TRAIN-NOISE-1904,Anil Verma,Ramesh Rao,4699.0,2026-08-13 08:00:00,UPI
TRAIN-NOISE-1905,Ramesh Verma,Vikram Mehta,7080.0,2026-08-14 08:00:00,UPI
TRAIN-NOISE-1906,Deepak Kumar,Anil Kumar,716.0,2026-08-06 08:00:00,UPI
TRAIN-NOISE-1907,Sameer Singh,Ramesh Joshi,2523.0,2026-08-05 08:00:00,UPI
TRAIN-NOISE-1908,Deepak Mehta,Suresh Sharma,8391.0,2026-08-13 08:00:00,UPI
TRAIN-NOISE-1909,Sameer Mehta,Suresh Verma,2329.0,2026-08-16 08:00:00,UPI
TRAIN-NOISE-1910,Suresh Mehta,Ramesh Singh,3967.0,2026-08-10 08:00:00,UPI
TRAIN-NOISE-1911,Sameer Joshi,Sameer Singh,4137.0,2026-08-15 08:00:00,UPI
TRAIN-NOISE-1912,Deepak Joshi,Anil Mehta,1067.0,2026-08-01 08:00:00,UPI
TRAIN-NOISE-1913,Vikram Kumar,Vikram Verma,2174.0,2026-08-10 08:00:00,UPI
TRAIN-NOISE-1914,Pooja Kumar,Vikram Joshi,1982.0,2026-08-10 08:00:00,UPI
TRAIN-NOISE-1915,Anil Kumar,Amit Joshi,269.0,2026-08-16 08:00:00,UPI
TRAIN-NOISE-1916,Ravi Reddy,Anil Mehta,260.0,2026-08-04 08:00:00,UPI
TRAIN-NOISE-1917,Anil Gupta,Sameer Joshi,8168.0,2026-08-03 08:00:00,UPI
TRAIN-NOISE-1918,Sameer Reddy,Amit Patel,1585.0,2026-08-16 08:00:00,UPI
TRAIN-NOISE-1919,Suresh Reddy,Rahul Reddy,3434.0,2026-08-09 08:00:00,UPI
TRAIN-NOISE-1920,Pooja Kumar,Vikram Joshi,1746.0,2026-08-12 08:00:00,UPI
TRAIN-NOISE-1921,Pooja Patel,Ravi Verma,12861.0,2026-08-01 08:00:00,UPI
TRAIN-NOISE-1922,Vikram Verma,Pooja Mehta,1500.0,2026-08-02 08:00:00,UPI
TRAIN-NOISE-1923,Anil Rao,Anil Joshi,2676.0,2026-08-15 08:00:00,UPI
TRAIN-NOISE-1924,Deepak Singh,Sameer Verma,9426.0,2026-08-06 08:00:00,UPI
TRAIN-NOISE-1925,Deepak Reddy,Deepak Kumar,8451.0,2026-08-12 08:00:00,UPI
TRAIN-NOISE-1926,Anil Kumar,Sameer Verma,1076.0,2026-08-02 08:00:00,UPI
TRAIN-NOISE-1927,Ravi Rao,Deepak Verma,7452.0,2026-08-07 08:00:00,UPI
TRAIN-NOISE-1928,Suresh Sharma,Amit Rao,2907.0,2026-08-06 08:00:00,UPI
TRAIN-NOISE-1929,Ramesh Mehta,Suresh Kumar,3118.0,2026-08-11 08:00:00,UPI
TRAIN-NOISE-1930,Ramesh Singh,Deepak Kumar,794.0,2026-08-12 08:00:00,UPI
TRAIN-NOISE-1931,Amit Rao,Pooja Reddy,528.0,2026-08-12 08:00:00,UPI
TRAIN-NOISE-1932,Anil Rao,Deepak Rao,6007.0,2026-08-05 08:00:00,UPI
TRAIN-NOISE-1933,Ravi Sharma,Sameer Sharma,3237.0,2026-08-12 08:00:00,UPI
TRAIN-NOISE-1934,Sameer Kumar,Rahul Kumar,2733.0,2026-08-11 08:00:00,UPI
TRAIN-NOISE-1935,Pooja Mehta,Ramesh Gupta,6033.0,2026-08-07 08:00:00,UPI
TRAIN-NOISE-1936,Vikram Kumar,Vikram Sharma,6676.0,2026-08-08 08:00:00,UPI
TRAIN-NOISE-1937,Ravi Joshi,Sameer Singh,928.0,2026-08-04 08:00:00,UPI
TRAIN-NOISE-1938,Anil Kumar,Deepak Sharma,4389.0,2026-08-03 08:00:00,UPI
TRAIN-NOISE-1939,Rahul Joshi,Rahul Singh,804.0,2026-08-01 08:00:00,UPI
TRAIN-NOISE-1940,Rahul Verma,Amit Reddy,6413.0,2026-08-10 08:00:00,UPI
TRAIN-NOISE-1941,Amit Patel,Deepak Singh,4964.0,2026-08-15 08:00:00,UPI
TRAIN-NOISE-1942,Sameer Reddy,Ravi Sharma,14269.0,2026-08-11 08:00:00,UPI
TRAIN-NOISE-1943,Amit Joshi,Ramesh Singh,471.0,2026-08-01 08:00:00,UPI
TRAIN-NOISE-1944,Vikram Joshi,Deepak Joshi,414.0,2026-08-05 08:00:00,UPI
TRAIN-NOISE-1945,Anil Rao,Ramesh Sharma,1641.0,2026-08-10 08:00:00,UPI
TRAIN-NOISE-1946,Rahul Singh,Ravi Kumar,1515.0,2026-08-05 08:00:00,UPI
TRAIN-NOISE-1947,Anil Singh,Pooja Singh,1426.0,2026-08-04 08:00:00,UPI
TRAIN-NOISE-1948,Deepak Verma,Amit Sharma,10802.0,2026-08-16 08:00:00,UPI
TRAIN-NOISE-1949,Rahul Reddy,Suresh Mehta,1441.0,2026-08-07 08:00:00,UPI
TRAIN-NOISE-1950,Ramesh Gupta,Suresh Gupta,1578.0,2026-08-02 08:00:00,UPI
TRAIN-NOISE-1951,Pooja Kumar,Vikram Joshi,6560.0,2026-08-09 08:00:00,UPI
TRAIN-NOISE-1952,Suresh Mehta,Anil Verma,2838.0,2026-08-10 08:00:00,UPI
TRAIN-NOISE-1953,Deepak Rao,Amit Rao,6896.0,2026-08-04 08:00:00,UPI
TRAIN-NOISE-1954,Amit Mehta,Ravi Kumar,454.0,2026-08-07 08:00:00,UPI
TRAIN-NOISE-1955,Suresh Sharma,Amit Reddy,3158.0,2026-08-01 08:00:00,UPI
TRAIN-NOISE-1956,Ramesh Verma,Anil Rao,303.0,2026-08-09 08:00:00,UPI
TRAIN-NOISE-1957,Suresh Rao,Amit Reddy,441.0,2026-08-12 08:00:00,UPI
TRAIN-NOISE-1958,Pooja Mehta,Vikram Sharma,10811.0,2026-08-08 08:00:00,UPI
TRAIN-NOISE-1959,Vikram Sharma,Suresh Reddy,824.0,2026-08-03 08:00:00,UPI
TRAIN-NOISE-1960,Amit Rao,Suresh Rao,3570.0,2026-08-01 08:00:00,UPI
TRAIN-NOISE-1961,Ravi Rao,Ravi Singh,2532.0,2026-08-07 08:00:00,UPI
TRAIN-NOISE-1962,Sameer Sharma,Rahul Patel,2070.0,2026-08-01 08:00:00,UPI
TRAIN-NOISE-1963,Amit Rao,Ravi Singh,10504.0,2026-08-16 08:00:00,UPI
TRAIN-NOISE-1964,Amit Patel,Ramesh Rao,249.0,2026-08-06 08:00:00,UPI
TRAIN-NOISE-1965,Vikram Rao,Ramesh Gupta,5055.0,2026-08-06 08:00:00,UPI
TRAIN-NOISE-1966,Sameer Verma,Amit Verma,15033.0,2026-08-14 08:00:00,UPI
TRAIN-NOISE-1967,Ravi Singh,Pooja Patel,3846.0,2026-08-08 08:00:00,UPI
TRAIN-NOISE-1968,Rahul Kumar,Rahul Joshi,12578.0,2026-08-11 08:00:00,UPI
TRAIN-NOISE-1969,Vikram Joshi,Ramesh Joshi,391.0,2026-08-04 08:00:00,UPI
TRAIN-NOISE-1970,Ravi Sharma,Deepak Singh,2591.0,2026-08-16 08:00:00,UPI
TRAIN-NOISE-1971,Amit Patel,Sameer Sharma,1505.0,2026-08-02 08:00:00,UPI
TRAIN-NOISE-1972,Anil Singh,Suresh Kumar,6055.0,2026-08-16 08:00:00,UPI
TRAIN-NOISE-1973,Rahul Joshi,Vikram Singh,18055.0,2026-08-10 08:00:00,UPI
TRAIN-NOISE-1974,Deepak Sharma,Sameer Reddy,1483.0,2026-08-10 08:00:00,UPI
TRAIN-NOISE-1975,Vikram Rao,Deepak Joshi,4928.0,2026-08-14 08:00:00,UPI
TRAIN-NOISE-1976,Sameer Mehta,Pooja Singh,1143.0,2026-08-07 08:00:00,UPI
TRAIN-NOISE-1977,Anil Verma,Pooja Kumar,3899.0,2026-08-12 08:00:00,UPI
TRAIN-NOISE-1978,Amit Joshi,Deepak Rao,2955.0,2026-08-16 08:00:00,UPI
TRAIN-NOISE-1979,Ramesh Gupta,Ravi Patel,16240.0,2026-08-15 08:00:00,UPI
TRAIN-NOISE-1980,Ravi Sharma,Anil Singh,4370.0,2026-08-04 08:00:00,UPI
TRAIN-NOISE-1981,Anil Rao,Ravi Patel,2085.0,2026-08-13 08:00:00,UPI
TRAIN-NOISE-1982,Ramesh Rao,Ramesh Gupta,695.0,2026-08-06 08:00:00,UPI
TRAIN-NOISE-1983,Anil Verma,Amit Patel,887.0,2026-08-07 08:00:00,UPI
TRAIN-NOISE-1984,Pooja Rao,Deepak Mehta,1298.0,2026-08-13 08:00:00,UPI
TRAIN-NOISE-1985,Vikram Joshi,Ramesh Sharma,1450.0,2026-08-14 08:00:00,UPI
TRAIN-NOISE-1986,Sameer Joshi,Anil Gupta,8705.0,2026-08-09 08:00:00,UPI
TRAIN-NOISE-1987,Anil Sharma,Sameer Verma,3856.0,2026-08-16 08:00:00,UPI
TRAIN-NOISE-1988,Amit Mehta,Anil Sharma,3484.0,2026-08-16 08:00:00,UPI
TRAIN-NOISE-1989,Pooja Patel,Anil Gupta,698.0,2026-08-05 08:00:00,UPI
TRAIN-NOISE-1990,Deepak Sharma,Ramesh Gupta,9002.0,2026-08-04 08:00:00,UPI
TRAIN-NOISE-1991,Pooja Joshi,Sameer Kumar,5923.0,2026-08-16 08:00:00,UPI
TRAIN-NOISE-1992,Ramesh Sharma,Deepak Singh,465.0,2026-08-01 08:00:00,UPI
TRAIN-NOISE-1993,Amit Rao,Deepak Reddy,5686.0,2026-08-03 08:00:00,UPI
TRAIN-NOISE-1994,Sameer Joshi,Anil Mehta,3679.0,2026-08-06 08:00:00,UPI
TRAIN-NOISE-1995,Amit Verma,Amit Mehta,533.0,2026-08-11 08:00:00,UPI
TRAIN-NOISE-1996,Vikram Kumar,Ramesh Singh,2908.0,2026-08-04 08:00:00,UPI
TRAIN-NOISE-1997,Deepak Verma,Ravi Sharma,3133.0,2026-08-16 08:00:00,UPI
TRAIN-NOISE-1998,Ramesh Joshi,Deepak Mehta,965.0,2026-08-10 08:00:00,UPI
TRAIN-NOISE-1999,Sameer Joshi,Sameer Kumar,13259.0,2026-08-09 08:00:00,UPI
TRAIN-NOISE-2000,Ramesh Mehta,Pooja Rao,8686.0,2026-08-01 08:00:00,UPI
TRAIN-NOISE-2001,Suresh Gupta,Rahul Reddy,5125.0,2026-08-04 08:00:00,UPI
TRAIN-NOISE-2002,Vikram Singh,Vikram Reddy,2942.0,2026-08-11 08:00:00,UPI
TRAIN-NOISE-2003,Amit Verma,Vikram Rao,2537.0,2026-08-15 08:00:00,UPI
TRAIN-NOISE-2004,Amit Joshi,Sameer Singh,4886.0,2026-08-10 08:00:00,UPI
TRAIN-NOISE-2005,Rahul Patel,Sameer Kumar,3697.0,2026-08-14 08:00:00,UPI
TRAIN-NOISE-2006,Deepak Singh,Sameer Gupta,439.0,2026-08-13 08:00:00,UPI
TRAIN-NOISE-2007,Sameer Kumar,Rahul Joshi,3383.0,2026-08-16 08:00:00,UPI
TRAIN-NOISE-2008,Suresh Verma,Ramesh Mehta,7538.0,2026-08-16 08:00:00,UPI
TRAIN-NOISE-2009,Pooja Kumar,Sameer Singh,2916.0,2026-08-06 08:00:00,UPI
TRAIN-NOISE-2010,Vikram Sharma,Ravi Gupta,390.0,2026-08-13 08:00:00,UPI
TRAIN-NOISE-2011,Vikram Verma,Sameer Joshi,7093.0,2026-08-13 08:00:00,UPI
TRAIN-NOISE-2012,Pooja Verma,Sameer Verma,1161.0,2026-08-10 08:00:00,UPI
TRAIN-NOISE-2013,Suresh Kumar,Ravi Gupta,1496.0,2026-08-01 08:00:00,UPI
TRAIN-NOISE-2014,Ramesh Rao,Suresh Mehta,959.0,2026-08-05 08:00:00,UPI
TRAIN-NOISE-2015,Amit Patel,Amit Reddy,1953.0,2026-08-01 08:00:00,UPI
TRAIN-NOISE-2016,Pooja Rao,Amit Verma,6511.0,2026-08-04 08:00:00,UPI
TRAIN-NOISE-2017,Pooja Singh,Amit Reddy,3447.0,2026-08-12 08:00:00,UPI
TRAIN-NOISE-2018,Rahul Kumar,Amit Reddy,1181.0,2026-08-02 08:00:00,UPI
TRAIN-NOISE-2019,Rahul Sharma,Sameer Gupta,9610.0,2026-08-03 08:00:00,UPI
TRAIN-NOISE-2020,Anil Verma,Sameer Gupta,9675.0,2026-08-04 08:00:00,UPI
TRAIN-NOISE-2021,Pooja Rao,Rahul Patel,9351.0,2026-08-01 08:00:00,UPI
TRAIN-NOISE-2022,Pooja Reddy,Suresh Kumar,1377.0,2026-08-02 08:00:00,UPI
TRAIN-NOISE-2023,Deepak Sharma,Pooja Singh,2850.0,2026-08-14 08:00:00,UPI
TRAIN-NOISE-2024,Deepak Kumar,Amit Sharma,19045.0,2026-08-16 08:00:00,UPI
TRAIN-NOISE-2025,Ramesh Rao,Amit Sharma,6803.0,2026-08-11 08:00:00,UPI
TRAIN-NOISE-2026,Amit Verma,Ravi Verma,273.0,2026-08-13 08:00:00,UPI
TRAIN-NOISE-2027,Suresh Kumar,Ravi Verma,453.0,2026-08-04 08:00:00,UPI
TRAIN-NOISE-2028,Sameer Kumar,Amit Rao,2955.0,2026-08-07 08:00:00,UPI
TRAIN-NOISE-2029,Pooja Rao,Sameer Joshi,10946.0,2026-08-11 08:00:00,UPI
TRAIN-NOISE-2030,Rahul Patel,Pooja Verma,3631.0,2026-08-10 08:00:00,UPI
TRAIN-NOISE-2031,Amit Patel,Rahul Reddy,3249.0,2026-08-07 08:00:00,UPI
TRAIN-NOISE-2032,Sameer Joshi,Deepak Verma,651.0,2026-08-07 08:00:00,UPI
TRAIN-NOISE-2033,Sameer Sharma,Vikram Verma,4962.0,2026-08-02 08:00:00,UPI
TRAIN-NOISE-2034,Ramesh Singh,Ravi Verma,7919.0,2026-08-13 08:00:00,UPI
TRAIN-NOISE-2035,Deepak Joshi,Rahul Gupta,2304.0,2026-08-03 08:00:00,UPI
TRAIN-NOISE-2036,Suresh Rao,Amit Rao,6874.0,2026-08-11 08:00:00,UPI
TRAIN-NOISE-2037,Deepak Kumar,Anil Verma,15169.0,2026-08-16 08:00:00,UPI
TRAIN-NOISE-2038,Pooja Singh,Ravi Kumar,1175.0,2026-08-12 08:00:00,UPI
TRAIN-NOISE-2039,Deepak Verma,Ramesh Singh,3484.0,2026-08-10 08:00:00,UPI
TRAIN-NOISE-2040,Rahul Reddy,Ramesh Mehta,1673.0,2026-08-11 08:00:00,UPI
TRAIN-NOISE-2041,Deepak Mehta,Anil Kumar,7234.0,2026-08-13 08:00:00,UPI
TRAIN-NOISE-2042,Pooja Joshi,Rahul Gupta,4028.0,2026-08-15 08:00:00,UPI
TRAIN-NOISE-2043,Suresh Verma,Suresh Sharma,4680.0,2026-08-01 08:00:00,UPI
TRAIN-NOISE-2044,Ravi Sharma,Suresh Sharma,7345.0,2026-08-16 08:00:00,UPI
TRAIN-NOISE-2045,Ravi Singh,Ramesh Joshi,2418.0,2026-08-09 08:00:00,UPI
TRAIN-NOISE-2046,Pooja Reddy,Pooja Verma,11247.0,2026-08-14 08:00:00,UPI
TRAIN-NOISE-2047,Suresh Reddy,Ravi Gupta,3576.0,2026-08-07 08:00:00,UPI
TRAIN-NOISE-2048,Amit Patel,Ramesh Joshi,923.0,2026-08-05 08:00:00,UPI
TRAIN-NOISE-2049,Rahul Sharma,Vikram Kumar,5506.0,2026-08-10 08:00:00,UPI
TRAIN-NOISE-2050,Rahul Reddy,Rahul Kumar,7243.0,2026-08-11 08:00:00,UPI
TRAIN-NOISE-2051,Anil Verma,Ravi Kumar,1864.0,2026-08-14 08:00:00,UPI
TRAIN-NOISE-2052,Deepak Kumar,Sameer Sharma,8907.0,2026-08-06 08:00:00,UPI
TRAIN-NOISE-2053,Pooja Joshi,Sameer Reddy,10796.0,2026-08-08 08:00:00,UPI
TRAIN-NOISE-2054,Anil Sharma,Rahul Sharma,1608.0,2026-08-04 08:00:00,UPI
TRAIN-NOISE-2055,Vikram Kumar,Ravi Joshi,18625.0,2026-08-01 08:00:00,UPI
TRAIN-NOISE-2056,Ravi Reddy,Sameer Gupta,832.0,2026-08-15 08:00:00,UPI
TRAIN-NOISE-2057,Sameer Kumar,Sameer Singh,1165.0,2026-08-14 08:00:00,UPI
TRAIN-NOISE-2058,Pooja Singh,Suresh Gupta,1066.0,2026-08-07 08:00:00,UPI
TRAIN-NOISE-2059,Pooja Mehta,Deepak Kumar,10248.0,2026-08-05 08:00:00,UPI
TRAIN-NOISE-2060,Anil Mehta,Vikram Verma,4929.0,2026-08-09 08:00:00,UPI
TRAIN-NOISE-2061,Suresh Verma,Amit Joshi,892.0,2026-08-02 08:00:00,UPI
TRAIN-NOISE-2062,Sameer Kumar,Amit Sharma,2761.0,2026-08-02 08:00:00,UPI
TRAIN-NOISE-2063,Anil Singh,Anil Joshi,4448.0,2026-08-10 08:00:00,UPI
TRAIN-NOISE-2064,Anil Verma,Rahul Kumar,542.0,2026-08-12 08:00:00,UPI
TRAIN-NOISE-2065,Ramesh Verma,Ravi Patel,9782.0,2026-08-05 08:00:00,UPI
TRAIN-NOISE-2066,Rahul Sharma,Rahul Joshi,7474.0,2026-08-04 08:00:00,UPI
TRAIN-NOISE-2067,Ravi Sharma,Suresh Rao,3316.0,2026-08-09 08:00:00,UPI
TRAIN-NOISE-2068,Sameer Joshi,Ramesh Verma,15517.0,2026-08-08 08:00:00,UPI
TRAIN-NOISE-2069,Sameer Reddy,Vikram Joshi,2583.0,2026-08-11 08:00:00,UPI
TRAIN-NOISE-2070,Deepak Gupta,Suresh Rao,18789.0,2026-08-13 08:00:00,UPI
TRAIN-NOISE-2071,Rahul Sharma,Pooja Singh,5110.0,2026-08-07 08:00:00,UPI
TRAIN-NOISE-2072,Anil Rao,Ramesh Gupta,4681.0,2026-08-06 08:00:00,UPI
TRAIN-NOISE-2073,Ravi Singh,Anil Gupta,966.0,2026-08-15 08:00:00,UPI
TRAIN-NOISE-2074,Rahul Kumar,Pooja Joshi,9764.0,2026-08-02 08:00:00,UPI
TRAIN-NOISE-2075,Sameer Kumar,Pooja Reddy,2659.0,2026-08-12 08:00:00,UPI
TRAIN-NOISE-2076,Rahul Joshi,Anil Joshi,946.0,2026-08-14 08:00:00,UPI
TRAIN-NOISE-2077,Pooja Kumar,Ravi Reddy,207.0,2026-08-09 08:00:00,UPI
TRAIN-NOISE-2078,Anil Rao,Amit Patel,3841.0,2026-08-16 08:00:00,UPI
TRAIN-NOISE-2079,Deepak Patel,Sameer Gupta,3522.0,2026-08-01 08:00:00,UPI
TRAIN-NOISE-2080,Amit Mehta,Suresh Gupta,5867.0,2026-08-02 08:00:00,UPI
TRAIN-NOISE-2081,Rahul Sharma,Pooja Joshi,10093.0,2026-08-13 08:00:00,UPI
TRAIN-NOISE-2082,Sameer Gupta,Amit Patel,522.0,2026-08-04 08:00:00,UPI
TRAIN-NOISE-2083,Pooja Reddy,Rahul Sharma,6067.0,2026-08-15 08:00:00,UPI
TRAIN-NOISE-2084,Vikram Singh,Deepak Rao,1083.0,2026-08-13 08:00:00,UPI
TRAIN-NOISE-2085,Pooja Joshi,Ramesh Singh,8939.0,2026-08-03 08:00:00,UPI
TRAIN-NOISE-2086,Rahul Sharma,Ramesh Singh,7843.0,2026-08-07 08:00:00,UPI
TRAIN-NOISE-2087,Pooja Mehta,Vikram Rao,3652.0,2026-08-11 08:00:00,UPI
TRAIN-NOISE-2088,Rahul Kumar,Suresh Gupta,5724.0,2026-08-09 08:00:00,UPI
TRAIN-NOISE-2089,Anil Singh,Sameer Kumar,1848.0,2026-08-16 08:00:00,UPI
TRAIN-NOISE-2090,Rahul Kumar,Deepak Gupta,3016.0,2026-08-14 08:00:00,UPI
TRAIN-NOISE-2091,Amit Rao,Pooja Mehta,7907.0,2026-08-09 08:00:00,UPI
TRAIN-NOISE-2092,Vikram Sharma,Anil Verma,2916.0,2026-08-12 08:00:00,UPI
TRAIN-NOISE-2093,Anil Kumar,Amit Mehta,2142.0,2026-08-11 08:00:00,UPI
TRAIN-NOISE-2094,Deepak Sharma,Anil Mehta,3217.0,2026-08-02 08:00:00,UPI
TRAIN-NOISE-2095,Suresh Sharma,Vikram Rao,8077.0,2026-08-05 08:00:00,UPI
TRAIN-NOISE-2096,Vikram Mehta,Anil Sharma,1987.0,2026-08-07 08:00:00,UPI
TRAIN-NOISE-2097,Sameer Gupta,Anil Joshi,1008.0,2026-08-03 08:00:00,UPI
TRAIN-NOISE-2098,Rahul Joshi,Pooja Mehta,5751.0,2026-08-08 08:00:00,UPI
TRAIN-NOISE-2099,Ravi Sharma,Rahul Singh,8018.0,2026-08-14 08:00:00,UPI
TRAIN-NOISE-2100,Anil Joshi,Vikram Reddy,627.0,2026-08-16 08:00:00,UPI
TRAIN-NOISE-2101,Deepak Singh,Vikram Verma,1384.0,2026-08-06 08:00:00,UPI
TRAIN-NOISE-2102,Ramesh Rao,Suresh Kumar,839.0,2026-08-10 08:00:00,UPI
TRAIN-NOISE-2103,Deepak Mehta,Anil Singh,2074.0,2026-08-14 08:00:00,UPI
TRAIN-NOISE-2104,Deepak Patel,Suresh Sharma,2843.0,2026-08-13 08:00:00,UPI
TRAIN-NOISE-2105,Amit Verma,Ravi Verma,6367.0,2026-08-08 08:00:00,UPI
TRAIN-NOISE-2106,Sameer Singh,Pooja Verma,4888.0,2026-08-08 08:00:00,UPI
TRAIN-NOISE-2107,Ramesh Verma,Ramesh Joshi,4515.0,2026-08-07 08:00:00,UPI
TRAIN-NOISE-2108,Vikram Verma,Rahul Patel,2104.0,2026-08-02 08:00:00,UPI
TRAIN-NOISE-2109,Anil Sharma,Rahul Gupta,8437.0,2026-08-14 08:00:00,UPI
TRAIN-NOISE-2110,Sameer Reddy,Vikram Verma,3017.0,2026-08-05 08:00:00,UPI
TRAIN-NOISE-2111,Ramesh Verma,Deepak Patel,17557.0,2026-08-06 08:00:00,UPI
TRAIN-NOISE-2112,Suresh Reddy,Vikram Joshi,4674.0,2026-08-01 08:00:00,UPI
TRAIN-NOISE-2113,Ravi Rao,Rahul Reddy,757.0,2026-08-15 08:00:00,UPI
TRAIN-NOISE-2114,Sameer Joshi,Vikram Joshi,5224.0,2026-08-08 08:00:00,UPI
TRAIN-NOISE-2115,Ravi Kumar,Ravi Joshi,1919.0,2026-08-09 08:00:00,UPI
TRAIN-NOISE-2116,Sameer Sharma,Sameer Joshi,5367.0,2026-08-13 08:00:00,UPI
TRAIN-NOISE-2117,Rahul Singh,Rahul Reddy,474.0,2026-08-07 08:00:00,UPI
TRAIN-NOISE-2118,Sameer Reddy,Ravi Singh,1015.0,2026-08-10 08:00:00,UPI
TRAIN-NOISE-2119,Ravi Joshi,Anil Kumar,8862.0,2026-08-06 08:00:00,UPI
TRAIN-NOISE-2120,Rahul Kumar,Anil Rao,1309.0,2026-08-01 08:00:00,UPI
TRAIN-NOISE-2121,Sameer Mehta,Vikram Verma,8314.0,2026-08-08 08:00:00,UPI
TRAIN-NOISE-2122,Rahul Gupta,Vikram Reddy,1623.0,2026-08-08 08:00:00,UPI
TRAIN-NOISE-2123,Deepak Patel,Suresh Rao,4783.0,2026-08-15 08:00:00,UPI
TRAIN-NOISE-2124,Anil Singh,Deepak Rao,5480.0,2026-08-16 08:00:00,UPI
TRAIN-NOISE-2125,Deepak Singh,Suresh Kumar,3384.0,2026-08-13 08:00:00,UPI
TRAIN-NOISE-2126,Ravi Singh,Vikram Singh,1789.0,2026-08-14 08:00:00,UPI
TRAIN-NOISE-2127,Sameer Reddy,Pooja Joshi,1225.0,2026-08-03 08:00:00,UPI
TRAIN-NOISE-2128,Amit Rao,Sameer Singh,301.0,2026-08-02 08:00:00,UPI
TRAIN-NOISE-2129,Deepak Reddy,Deepak Gupta,1780.0,2026-08-08 08:00:00,UPI
TRAIN-NOISE-2130,Pooja Kumar,Sameer Verma,4915.0,2026-08-02 08:00:00,UPI
TRAIN-NOISE-2131,Vikram Mehta,Pooja Joshi,12684.0,2026-08-13 08:00:00,UPI
TRAIN-NOISE-2132,Ramesh Singh,Ravi Patel,9372.0,2026-08-12 08:00:00,UPI
TRAIN-NOISE-2133,Rahul Singh,Sameer Singh,6687.0,2026-08-02 08:00:00,UPI
TRAIN-NOISE-2134,Suresh Rao,Amit Joshi,7139.0,2026-08-09 08:00:00,UPI
TRAIN-NOISE-2135,Rahul Patel,Vikram Sharma,5071.0,2026-08-16 08:00:00,UPI
TRAIN-NOISE-2136,Pooja Rao,Ramesh Joshi,1506.0,2026-08-05 08:00:00,UPI
TRAIN-NOISE-2137,Ramesh Verma,Anil Joshi,10847.0,2026-08-14 08:00:00,UPI
TRAIN-NOISE-2138,Anil Rao,Vikram Verma,5148.0,2026-08-04 08:00:00,UPI
TRAIN-NOISE-2139,Anil Joshi,Suresh Mehta,3848.0,2026-08-05 08:00:00,UPI
TRAIN-NOISE-2140,Sameer Joshi,Anil Gupta,679.0,2026-08-12 08:00:00,UPI
TRAIN-NOISE-2141,Rahul Reddy,Sameer Sharma,2816.0,2026-08-09 08:00:00,UPI
TRAIN-NOISE-2142,Pooja Verma,Vikram Verma,2925.0,2026-08-11 08:00:00,UPI
TRAIN-NOISE-2143,Rahul Reddy,Rahul Patel,9146.0,2026-08-11 08:00:00,UPI
TRAIN-NOISE-2144,Sameer Kumar,Vikram Kumar,3709.0,2026-08-15 08:00:00,UPI
TRAIN-NOISE-2145,Deepak Reddy,Ravi Joshi,2304.0,2026-08-05 08:00:00,UPI
TRAIN-NOISE-2146,Deepak Reddy,Ramesh Sharma,17086.0,2026-08-06 08:00:00,UPI
TRAIN-NOISE-2147,Suresh Gupta,Pooja Kumar,678.0,2026-08-09 08:00:00,UPI
TRAIN-NOISE-2148,Pooja Mehta,Ramesh Joshi,2621.0,2026-08-14 08:00:00,UPI
TRAIN-NOISE-2149,Rahul Joshi,Sameer Joshi,343.0,2026-08-02 08:00:00,UPI
TRAIN-NOISE-2150,Vikram Rao,Sameer Verma,6210.0,2026-08-16 08:00:00,UPI
TRAIN-NOISE-2151,Deepak Sharma,Sameer Joshi,11408.0,2026-08-04 08:00:00,UPI
TRAIN-NOISE-2152,Anil Rao,Vikram Joshi,1628.0,2026-08-12 08:00:00,UPI
TRAIN-NOISE-2153,Ramesh Verma,Ravi Kumar,8944.0,2026-08-10 08:00:00,UPI
TRAIN-NOISE-2154,Suresh Sharma,Rahul Patel,1705.0,2026-08-09 08:00:00,UPI
TRAIN-NOISE-2155,Suresh Reddy,Suresh Rao,11024.0,2026-08-07 08:00:00,UPI
TRAIN-NOISE-2156,Suresh Rao,Vikram Mehta,6460.0,2026-08-06 08:00:00,UPI
TRAIN-NOISE-2157,Anil Kumar,Deepak Verma,7504.0,2026-08-08 08:00:00,UPI
TRAIN-NOISE-2158,Sameer Joshi,Amit Rao,231.0,2026-08-11 08:00:00,UPI
TRAIN-NOISE-2159,Anil Mehta,Sameer Sharma,14962.0,2026-08-04 08:00:00,UPI
TRAIN-NOISE-2160,Ravi Patel,Deepak Patel,5986.0,2026-08-04 08:00:00,UPI
TRAIN-NOISE-2161,Suresh Kumar,Vikram Kumar,1785.0,2026-08-01 08:00:00,UPI
TRAIN-NOISE-2162,Anil Singh,Deepak Sharma,8107.0,2026-08-16 08:00:00,UPI
TRAIN-NOISE-2163,Deepak Sharma,Deepak Kumar,1637.0,2026-08-01 08:00:00,UPI
TRAIN-NOISE-2164,Deepak Gupta,Suresh Mehta,9427.0,2026-08-15 08:00:00,UPI
TRAIN-NOISE-2165,Suresh Kumar,Suresh Reddy,687.0,2026-08-05 08:00:00,UPI
TRAIN-NOISE-2166,Ravi Singh,Deepak Reddy,5623.0,2026-08-10 08:00:00,UPI
TRAIN-NOISE-2167,Suresh Kumar,Ravi Gupta,3651.0,2026-08-03 08:00:00,UPI
TRAIN-NOISE-2168,Suresh Verma,Amit Mehta,606.0,2026-08-13 08:00:00,UPI
TRAIN-NOISE-2169,Ramesh Verma,Anil Sharma,1396.0,2026-08-09 08:00:00,UPI
TRAIN-NOISE-2170,Amit Joshi,Rahul Sharma,206.0,2026-08-13 08:00:00,UPI
TRAIN-NOISE-2171,Ramesh Verma,Amit Sharma,2996.0,2026-08-07 08:00:00,UPI
TRAIN-NOISE-2172,Pooja Mehta,Vikram Singh,1763.0,2026-08-13 08:00:00,UPI
TRAIN-NOISE-2173,Sameer Sharma,Vikram Kumar,4254.0,2026-08-04 08:00:00,UPI
TRAIN-NOISE-2174,Ramesh Singh,Sameer Kumar,1737.0,2026-08-14 08:00:00,UPI
TRAIN-NOISE-2175,Sameer Gupta,Amit Mehta,1754.0,2026-08-05 08:00:00,UPI
TRAIN-NOISE-2176,Sameer Verma,Amit Rao,6267.0,2026-08-12 08:00:00,UPI
TRAIN-NOISE-2177,Pooja Patel,Deepak Mehta,372.0,2026-08-16 08:00:00,UPI
TRAIN-NOISE-2178,Vikram Reddy,Vikram Singh,10643.0,2026-08-16 08:00:00,UPI
TRAIN-NOISE-2179,Deepak Kumar,Suresh Reddy,8755.0,2026-08-14 08:00:00,UPI
TRAIN-NOISE-2180,Ramesh Verma,Pooja Singh,5109.0,2026-08-12 08:00:00,UPI
TRAIN-NOISE-2181,Pooja Verma,Suresh Sharma,4197.0,2026-08-14 08:00:00,UPI
TRAIN-NOISE-2182,Pooja Singh,Ramesh Verma,10177.0,2026-08-02 08:00:00,UPI
TRAIN-NOISE-2183,Pooja Patel,Pooja Rao,1072.0,2026-08-15 08:00:00,UPI
TRAIN-NOISE-2184,Deepak Joshi,Vikram Kumar,520.0,2026-08-16 08:00:00,UPI
TRAIN-NOISE-2185,Anil Singh,Sameer Mehta,1382.0,2026-08-15 08:00:00,UPI
TRAIN-NOISE-2186,Rahul Reddy,Anil Singh,7272.0,2026-08-16 08:00:00,UPI
TRAIN-NOISE-2187,Ramesh Singh,Vikram Kumar,308.0,2026-08-05 08:00:00,UPI
TRAIN-NOISE-2188,Ramesh Singh,Ravi Reddy,4083.0,2026-08-14 08:00:00,UPI
TRAIN-NOISE-2189,Sameer Mehta,Suresh Reddy,24404.0,2026-08-02 08:00:00,UPI
TRAIN-NOISE-2190,Suresh Verma,Deepak Verma,8861.0,2026-08-02 08:00:00,UPI
TRAIN-NOISE-2191,Pooja Patel,Ramesh Gupta,3466.0,2026-08-14 08:00:00,UPI
TRAIN-NOISE-2192,Rahul Kumar,Amit Rao,445.0,2026-08-15 08:00:00,UPI
TRAIN-NOISE-2193,Suresh Reddy,Pooja Joshi,8160.0,2026-08-12 08:00:00,UPI
TRAIN-NOISE-2194,Pooja Joshi,Suresh Rao,4261.0,2026-08-03 08:00:00,UPI
TRAIN-NOISE-2195,Vikram Sharma,Amit Sharma,699.0,2026-08-04 08:00:00,UPI
TRAIN-NOISE-2196,Ramesh Joshi,Amit Joshi,593.0,2026-08-06 08:00:00,UPI
TRAIN-NOISE-2197,Ravi Patel,Suresh Mehta,10967.0,2026-08-03 08:00:00,UPI
TRAIN-NOISE-2198,Anil Kumar,Ramesh Singh,5128.0,2026-08-11 08:00:00,UPI
TRAIN-NOISE-2199,Ramesh Rao,Deepak Sharma,8104.0,2026-08-15 08:00:00,UPI
TRAIN-NOISE-2200,Rahul Gupta,Vikram Verma,9653.0,2026-08-11 08:00:00,UPI
TRAIN-NOISE-2201,Suresh Sharma,Ravi Singh,3966.0,2026-08-06 08:00:00,UPI
TRAIN-NOISE-2202,Anil Singh,Amit Mehta,3428.0,2026-08-09 08:00:00,UPI
TRAIN-NOISE-2203,Ramesh Gupta,Rahul Reddy,2682.0,2026-08-01 08:00:00,UPI
TRAIN-NOISE-2204,Vikram Mehta,Ravi Patel,1865.0,2026-08-04 08:00:00,UPI
TRAIN-NOISE-2205,Deepak Rao,Rahul Patel,2715.0,2026-08-16 08:00:00,UPI
TRAIN-NOISE-2206,Deepak Sharma,Anil Sharma,6840.0,2026-08-16 08:00:00,UPI
TRAIN-NOISE-2207,Ramesh Singh,Rahul Gupta,4294.0,2026-08-12 08:00:00,UPI
TRAIN-NOISE-2208,Ravi Patel,Ramesh Singh,10187.0,2026-08-03 08:00:00,UPI
TRAIN-NOISE-2209,Rahul Singh,Deepak Singh,2786.0,2026-08-01 08:00:00,UPI
TRAIN-NOISE-2210,Ravi Joshi,Rahul Joshi,4353.0,2026-08-01 08:00:00,UPI
TRAIN-NOISE-2211,Ravi Joshi,Anil Mehta,4640.0,2026-08-07 08:00:00,UPI
TRAIN-NOISE-2212,Rahul Verma,Anil Rao,4180.0,2026-08-08 08:00:00,UPI
TRAIN-NOISE-2213,Rahul Reddy,Pooja Reddy,5607.0,2026-08-07 08:00:00,UPI
TRAIN-NOISE-2214,Ramesh Verma,Ramesh Singh,1369.0,2026-08-15 08:00:00,UPI
TRAIN-NOISE-2215,Anil Rao,Pooja Kumar,3381.0,2026-08-14 08:00:00,UPI
TRAIN-NOISE-2216,Amit Sharma,Rahul Joshi,645.0,2026-08-06 08:00:00,UPI
TRAIN-NOISE-2217,Vikram Kumar,Vikram Rao,2334.0,2026-08-16 08:00:00,UPI
TRAIN-NOISE-2218,Pooja Kumar,Amit Sharma,3159.0,2026-08-15 08:00:00,UPI
TRAIN-NOISE-2219,Suresh Rao,Ravi Reddy,4902.0,2026-08-07 08:00:00,UPI
TRAIN-NOISE-2220,Sameer Mehta,Suresh Reddy,13678.0,2026-08-13 08:00:00,UPI
TRAIN-NOISE-2221,Deepak Reddy,Deepak Gupta,4280.0,2026-08-01 08:00:00,UPI
TRAIN-NOISE-2222,Ramesh Gupta,Rahul Reddy,6274.0,2026-08-14 08:00:00,UPI
TRAIN-NOISE-2223,Sameer Joshi,Suresh Rao,3325.0,2026-08-10 08:00:00,UPI
TRAIN-NOISE-2224,Suresh Gupta,Sameer Kumar,4674.0,2026-08-13 08:00:00,UPI
TRAIN-NOISE-2225,Sameer Kumar,Pooja Patel,481.0,2026-08-16 08:00:00,UPI
TRAIN-NOISE-2226,Ramesh Sharma,Ravi Gupta,1470.0,2026-08-01 08:00:00,UPI
TRAIN-NOISE-2227,Pooja Singh,Ravi Verma,2171.0,2026-08-11 08:00:00,UPI
TRAIN-NOISE-2228,Suresh Verma,Anil Verma,3028.0,2026-08-09 08:00:00,UPI
TRAIN-NOISE-2229,Anil Kumar,Pooja Kumar,360.0,2026-08-04 08:00:00,UPI
TRAIN-NOISE-2230,Sameer Joshi,Rahul Gupta,828.0,2026-08-12 08:00:00,UPI
TRAIN-NOISE-2231,Vikram Reddy,Rahul Reddy,1608.0,2026-08-01 08:00:00,UPI
TRAIN-NOISE-2232,Pooja Mehta,Sameer Sharma,16165.0,2026-08-07 08:00:00,UPI
TRAIN-NOISE-2233,Pooja Kumar,Amit Reddy,1961.0,2026-08-15 08:00:00,UPI
TRAIN-NOISE-2234,Ramesh Sharma,Vikram Sharma,3110.0,2026-08-08 08:00:00,UPI
TRAIN-NOISE-2235,Ramesh Rao,Pooja Rao,1132.0,2026-08-15 08:00:00,UPI
TRAIN-NOISE-2236,Rahul Singh,Sameer Mehta,4396.0,2026-08-13 08:00:00,UPI
TRAIN-NOISE-2237,Anil Kumar,Amit Patel,1632.0,2026-08-16 08:00:00,UPI
TRAIN-NOISE-2238,Pooja Mehta,Rahul Gupta,1193.0,2026-08-07 08:00:00,UPI
TRAIN-NOISE-2239,Sameer Sharma,Ramesh Verma,3420.0,2026-08-16 08:00:00,UPI
TRAIN-NOISE-2240,Rahul Singh,Amit Joshi,174.0,2026-08-07 08:00:00,UPI
TRAIN-NOISE-2241,Pooja Mehta,Amit Mehta,184.0,2026-08-16 08:00:00,UPI
TRAIN-NOISE-2242,Amit Rao,Anil Kumar,1262.0,2026-08-16 08:00:00,UPI
TRAIN-NOISE-2243,Ramesh Singh,Rahul Sharma,318.0,2026-08-07 08:00:00,UPI
TRAIN-NOISE-2244,Sameer Singh,Deepak Reddy,664.0,2026-08-01 08:00:00,UPI
TRAIN-NOISE-2245,Sameer Verma,Vikram Verma,2012.0,2026-08-12 08:00:00,UPI
TRAIN-NOISE-2246,Pooja Mehta,Amit Joshi,7451.0,2026-08-02 08:00:00,UPI
TRAIN-NOISE-2247,Anil Verma,Pooja Rao,3969.0,2026-08-14 08:00:00,UPI
TRAIN-NOISE-2248,Rahul Joshi,Rahul Gupta,3384.0,2026-08-08 08:00:00,UPI
TRAIN-NOISE-2249,Vikram Joshi,Sameer Singh,1713.0,2026-08-08 08:00:00,UPI
TRAIN-NOISE-2250,Sameer Kumar,Vikram Verma,12230.0,2026-08-11 08:00:00,UPI
TRAIN-NOISE-2251,Sameer Verma,Suresh Mehta,2426.0,2026-08-09 08:00:00,UPI
TRAIN-NOISE-2252,Vikram Kumar,Pooja Patel,560.0,2026-08-04 08:00:00,UPI
TRAIN-NOISE-2253,Deepak Reddy,Vikram Rao,4469.0,2026-08-15 08:00:00,UPI
TRAIN-NOISE-2254,Rahul Joshi,Ramesh Gupta,693.0,2026-08-04 08:00:00,UPI
TRAIN-NOISE-2255,Sameer Singh,Suresh Mehta,2055.0,2026-08-04 08:00:00,UPI
TRAIN-NOISE-2256,Rahul Patel,Vikram Joshi,3336.0,2026-08-07 08:00:00,UPI
TRAIN-NOISE-2257,Amit Patel,Pooja Mehta,9479.0,2026-08-10 08:00:00,UPI
TRAIN-NOISE-2258,Vikram Rao,Vikram Sharma,3211.0,2026-08-16 08:00:00,UPI
TRAIN-NOISE-2259,Amit Rao,Vikram Kumar,5601.0,2026-08-12 08:00:00,UPI
TRAIN-NOISE-2260,Deepak Gupta,Deepak Singh,22362.0,2026-08-04 08:00:00,UPI
TRAIN-NOISE-2261,Deepak Mehta,Vikram Rao,784.0,2026-08-14 08:00:00,UPI
TRAIN-NOISE-2262,Vikram Mehta,Ravi Reddy,1595.0,2026-08-16 08:00:00,UPI
TRAIN-NOISE-2263,Pooja Rao,Sameer Sharma,2408.0,2026-08-06 08:00:00,UPI
TRAIN-NOISE-2264,Anil Singh,Deepak Kumar,2615.0,2026-08-12 08:00:00,UPI
TRAIN-NOISE-2265,Anil Kumar,Amit Patel,2532.0,2026-08-08 08:00:00,UPI
TRAIN-NOISE-2266,Vikram Kumar,Ravi Rao,10867.0,2026-08-14 08:00:00,UPI
TRAIN-NOISE-2267,Ramesh Sharma,Deepak Singh,5783.0,2026-08-14 08:00:00,UPI
TRAIN-NOISE-2268,Deepak Sharma,Ravi Sharma,4363.0,2026-08-12 08:00:00,UPI
TRAIN-NOISE-2269,Anil Mehta,Vikram Rao,1815.0,2026-08-05 08:00:00,UPI
TRAIN-NOISE-2270,Deepak Rao,Ravi Sharma,7962.0,2026-08-03 08:00:00,UPI
TRAIN-NOISE-2271,Anil Singh,Pooja Rao,14110.0,2026-08-11 08:00:00,UPI
TRAIN-NOISE-2272,Anil Sharma,Rahul Patel,7896.0,2026-08-14 08:00:00,UPI
TRAIN-NOISE-2273,Ravi Gupta,Ravi Patel,157.0,2026-08-02 08:00:00,UPI
TRAIN-NOISE-2274,Vikram Kumar,Ravi Verma,4702.0,2026-08-02 08:00:00,UPI
TRAIN-NOISE-2275,Ravi Sharma,Sameer Mehta,386.0,2026-08-14 08:00:00,UPI
TRAIN-NOISE-2276,Anil Sharma,Suresh Verma,1490.0,2026-08-10 08:00:00,UPI
TRAIN-NOISE-2277,Anil Joshi,Amit Reddy,426.0,2026-08-01 08:00:00,UPI
TRAIN-NOISE-2278,Anil Gupta,Ravi Rao,4316.0,2026-08-05 08:00:00,UPI
TRAIN-NOISE-2279,Anil Sharma,Vikram Reddy,5371.0,2026-08-07 08:00:00,UPI
TRAIN-NOISE-2280,Ramesh Mehta,Rahul Gupta,697.0,2026-08-15 08:00:00,UPI
TRAIN-NOISE-2281,Amit Reddy,Anil Sharma,2329.0,2026-08-07 08:00:00,UPI
TRAIN-NOISE-2282,Ramesh Singh,Anil Singh,2891.0,2026-08-02 08:00:00,UPI
TRAIN-NOISE-2283,Pooja Reddy,Deepak Gupta,2222.0,2026-08-13 08:00:00,UPI
TRAIN-NOISE-2284,Rahul Singh,Ravi Sharma,730.0,2026-08-10 08:00:00,UPI
TRAIN-NOISE-2285,Ravi Singh,Ramesh Verma,2593.0,2026-08-10 08:00:00,UPI
TRAIN-NOISE-2286,Ravi Sharma,Pooja Rao,6409.0,2026-08-06 08:00:00,UPI
TRAIN-NOISE-2287,Amit Sharma,Anil Mehta,481.0,2026-08-09 08:00:00,UPI
TRAIN-NOISE-2288,Rahul Sharma,Ramesh Singh,526.0,2026-08-14 08:00:00,UPI
TRAIN-NOISE-2289,Vikram Sharma,Rahul Joshi,2121.0,2026-08-02 08:00:00,UPI
TRAIN-NOISE-2290,Deepak Patel,Vikram Verma,12941.0,2026-08-12 08:00:00,UPI
TRAIN-NOISE-2291,Vikram Joshi,Deepak Reddy,5119.0,2026-08-04 08:00:00,UPI
TRAIN-NOISE-2292,Vikram Reddy,Ramesh Singh,5258.0,2026-08-01 08:00:00,UPI
TRAIN-NOISE-2293,Deepak Sharma,Pooja Rao,2171.0,2026-08-08 08:00:00,UPI
TRAIN-NOISE-2294,Suresh Rao,Suresh Reddy,4202.0,2026-08-08 08:00:00,UPI
TRAIN-NOISE-2295,Amit Reddy,Ramesh Singh,195.0,2026-08-10 08:00:00,UPI
TRAIN-NOISE-2296,Ravi Verma,Deepak Singh,4698.0,2026-08-13 08:00:00,UPI
TRAIN-NOISE-2297,Ravi Sharma,Ravi Reddy,11153.0,2026-08-04 08:00:00,UPI
TRAIN-NOISE-2298,Suresh Kumar,Ravi Sharma,4417.0,2026-08-07 08:00:00,UPI
TRAIN-NOISE-2299,Amit Patel,Deepak Sharma,9460.0,2026-08-04 08:00:00,UPI
TRAIN-NOISE-2300,Anil Rao,Pooja Singh,5942.0,2026-08-14 08:00:00,UPI
TRAIN-NOISE-2301,Anil Singh,Ramesh Verma,728.0,2026-08-02 08:00:00,UPI
TRAIN-NOISE-2302,Pooja Singh,Rahul Singh,10623.0,2026-08-16 08:00:00,UPI
TRAIN-NOISE-2303,Ravi Singh,Vikram Reddy,459.0,2026-08-03 08:00:00,UPI
TRAIN-NOISE-2304,Deepak Patel,Ravi Rao,3585.0,2026-08-13 08:00:00,UPI
TRAIN-NOISE-2305,Ramesh Rao,Sameer Singh,839.0,2026-08-13 08:00:00,UPI
TRAIN-NOISE-2306,Vikram Verma,Suresh Rao,202.0,2026-08-16 08:00:00,UPI
TRAIN-NOISE-2307,Pooja Singh,Vikram Rao,2617.0,2026-08-16 08:00:00,UPI
TRAIN-NOISE-2308,Anil Kumar,Pooja Mehta,1723.0,2026-08-05 08:00:00,UPI
TRAIN-NOISE-2309,Vikram Sharma,Rahul Singh,3144.0,2026-08-16 08:00:00,UPI
TRAIN-NOISE-2310,Deepak Sharma,Rahul Singh,4023.0,2026-08-04 08:00:00,UPI
TRAIN-NOISE-2311,Ravi Singh,Deepak Sharma,351.0,2026-08-16 08:00:00,UPI
TRAIN-NOISE-2312,Suresh Gupta,Pooja Mehta,740.0,2026-08-12 08:00:00,UPI
TRAIN-NOISE-2313,Vikram Joshi,Amit Mehta,3830.0,2026-08-14 08:00:00,UPI
TRAIN-NOISE-2314,Rahul Joshi,Vikram Joshi,2041.0,2026-08-12 08:00:00,UPI
TRAIN-NOISE-2315,Ravi Verma,Sameer Mehta,6028.0,2026-08-02 08:00:00,UPI
TRAIN-NOISE-2316,Ravi Sharma,Vikram Kumar,4903.0,2026-08-04 08:00:00,UPI
TRAIN-NOISE-2317,Deepak Patel,Sameer Gupta,8557.0,2026-08-12 08:00:00,UPI
TRAIN-NOISE-2318,Ramesh Singh,Sameer Mehta,5456.0,2026-08-16 08:00:00,UPI
TRAIN-NOISE-2319,Anil Mehta,Anil Rao,2678.0,2026-08-05 08:00:00,UPI
TRAIN-NOISE-2320,Ramesh Rao,Anil Kumar,5179.0,2026-08-02 08:00:00,UPI
TRAIN-NOISE-2321,Sameer Gupta,Sameer Sharma,1599.0,2026-08-07 08:00:00,UPI
TRAIN-NOISE-2322,Suresh Sharma,Sameer Kumar,1795.0,2026-08-01 08:00:00,UPI
TRAIN-NOISE-2323,Vikram Joshi,Suresh Verma,7151.0,2026-08-12 08:00:00,UPI
TRAIN-NOISE-2324,Anil Verma,Suresh Mehta,2811.0,2026-08-14 08:00:00,UPI
TRAIN-NOISE-2325,Rahul Verma,Ravi Verma,7356.0,2026-08-10 08:00:00,UPI
TRAIN-NOISE-2326,Suresh Reddy,Vikram Reddy,7927.0,2026-08-11 08:00:00,UPI
TRAIN-NOISE-2327,Amit Verma,Pooja Kumar,8919.0,2026-08-05 08:00:00,UPI
TRAIN-NOISE-2328,Deepak Singh,Vikram Sharma,11330.0,2026-08-15 08:00:00,UPI
TRAIN-NOISE-2329,Vikram Kumar,Suresh Kumar,2687.0,2026-08-03 08:00:00,UPI
TRAIN-NOISE-2330,Rahul Kumar,Vikram Singh,1877.0,2026-08-08 08:00:00,UPI
TRAIN-NOISE-2331,Ravi Patel,Pooja Rao,4077.0,2026-08-02 08:00:00,UPI
TRAIN-NOISE-2332,Vikram Rao,Anil Gupta,2237.0,2026-08-03 08:00:00,UPI
TRAIN-NOISE-2333,Rahul Patel,Anil Mehta,4285.0,2026-08-10 08:00:00,UPI
TRAIN-NOISE-2334,Sameer Singh,Vikram Joshi,5652.0,2026-08-03 08:00:00,UPI
TRAIN-NOISE-2335,Ravi Joshi,Rahul Gupta,5397.0,2026-08-02 08:00:00,UPI
TRAIN-NOISE-2336,Suresh Reddy,Ravi Sharma,2261.0,2026-08-07 08:00:00,UPI
TRAIN-NOISE-2337,Pooja Kumar,Vikram Sharma,971.0,2026-08-01 08:00:00,UPI
TRAIN-NOISE-2338,Vikram Joshi,Pooja Reddy,2683.0,2026-08-06 08:00:00,UPI
TRAIN-NOISE-2339,Amit Sharma,Anil Gupta,842.0,2026-08-07 08:00:00,UPI
TRAIN-NOISE-2340,Ravi Reddy,Suresh Rao,10086.0,2026-08-15 08:00:00,UPI
TRAIN-NOISE-2341,Anil Singh,Pooja Reddy,2060.0,2026-08-11 08:00:00,UPI
TRAIN-NOISE-2342,Anil Sharma,Ramesh Rao,905.0,2026-08-02 08:00:00,UPI
TRAIN-NOISE-2343,Sameer Kumar,Amit Sharma,265.0,2026-08-11 08:00:00,UPI
TRAIN-NOISE-2344,Rahul Reddy,Suresh Sharma,4820.0,2026-08-14 08:00:00,UPI
TRAIN-NOISE-2345,Anil Mehta,Ravi Rao,4708.0,2026-08-11 08:00:00,UPI
TRAIN-NOISE-2346,Amit Verma,Pooja Joshi,2023.0,2026-08-03 08:00:00,UPI
TRAIN-NOISE-2347,Rahul Joshi,Amit Rao,484.0,2026-08-06 08:00:00,UPI
TRAIN-NOISE-2348,Sameer Sharma,Anil Rao,2521.0,2026-08-06 08:00:00,UPI
TRAIN-NOISE-2349,Pooja Joshi,Ramesh Verma,1827.0,2026-08-05 08:00:00,UPI
TRAIN-NOISE-2350,Sameer Gupta,Rahul Kumar,5237.0,2026-08-06 08:00:00,UPI
TRAIN-NOISE-2351,Ravi Gupta,Pooja Verma,4338.0,2026-08-11 08:00:00,UPI
TRAIN-NOISE-2352,Suresh Sharma,Anil Mehta,2190.0,2026-08-02 08:00:00,UPI
TRAIN-NOISE-2353,Ramesh Singh,Vikram Singh,1255.0,2026-08-04 08:00:00,UPI
TRAIN-NOISE-2354,Anil Joshi,Anil Rao,20066.0,2026-08-14 08:00:00,UPI
TRAIN-NOISE-2355,Suresh Kumar,Vikram Verma,2873.0,2026-08-13 08:00:00,UPI
TRAIN-NOISE-2356,Vikram Joshi,Deepak Reddy,5395.0,2026-08-07 08:00:00,UPI
TRAIN-NOISE-2357,Rahul Sharma,Sameer Reddy,831.0,2026-08-08 08:00:00,UPI
TRAIN-NOISE-2358,Sameer Joshi,Pooja Patel,3141.0,2026-08-13 08:00:00,UPI
TRAIN-NOISE-2359,Rahul Joshi,Deepak Kumar,275.0,2026-08-02 08:00:00,UPI
TRAIN-NOISE-2360,Anil Joshi,Ramesh Joshi,3318.0,2026-08-14 08:00:00,UPI
TRAIN-NOISE-2361,Anil Verma,Rahul Verma,15111.0,2026-08-01 08:00:00,UPI
TRAIN-NOISE-2362,Rahul Kumar,Ramesh Sharma,2331.0,2026-08-01 08:00:00,UPI
TRAIN-NOISE-2363,Deepak Kumar,Suresh Verma,328.0,2026-08-04 08:00:00,UPI
TRAIN-NOISE-2364,Ravi Reddy,Sameer Singh,291.0,2026-08-05 08:00:00,UPI
TRAIN-NOISE-2365,Ramesh Singh,Suresh Reddy,2359.0,2026-08-14 08:00:00,UPI
TRAIN-NOISE-2366,Vikram Reddy,Anil Singh,934.0,2026-08-07 08:00:00,UPI
TRAIN-NOISE-2367,Anil Rao,Deepak Patel,256.0,2026-08-06 08:00:00,UPI
TRAIN-NOISE-2368,Ravi Reddy,Pooja Reddy,6501.0,2026-08-14 08:00:00,UPI
TRAIN-NOISE-2369,Sameer Singh,Vikram Reddy,2910.0,2026-08-02 08:00:00,UPI
TRAIN-NOISE-2370,Vikram Mehta,Ramesh Joshi,1686.0,2026-08-10 08:00:00,UPI
TRAIN-NOISE-2371,Rahul Patel,Vikram Mehta,10515.0,2026-08-02 08:00:00,UPI
TRAIN-NOISE-2372,Rahul Verma,Deepak Kumar,705.0,2026-08-09 08:00:00,UPI
TRAIN-NOISE-2373,Amit Verma,Amit Reddy,14197.0,2026-08-07 08:00:00,UPI
TRAIN-NOISE-2374,Suresh Rao,Pooja Patel,1845.0,2026-08-10 08:00:00,UPI
TRAIN-NOISE-2375,Suresh Mehta,Pooja Mehta,10017.0,2026-08-03 08:00:00,UPI
TRAIN-NOISE-2376,Ramesh Singh,Ramesh Verma,4306.0,2026-08-13 08:00:00,UPI
TRAIN-NOISE-2377,Vikram Joshi,Deepak Singh,8037.0,2026-08-09 08:00:00,UPI
TRAIN-NOISE-2378,Rahul Reddy,Ravi Kumar,18761.0,2026-08-11 08:00:00,UPI
TRAIN-NOISE-2379,Pooja Rao,Vikram Verma,1681.0,2026-08-15 08:00:00,UPI
TRAIN-NOISE-2380,Deepak Kumar,Ravi Reddy,14764.0,2026-08-11 08:00:00,UPI
TRAIN-NOISE-2381,Pooja Rao,Ravi Kumar,2370.0,2026-08-15 08:00:00,UPI
TRAIN-NOISE-2382,Sameer Reddy,Deepak Gupta,2341.0,2026-08-01 08:00:00,UPI
TRAIN-NOISE-2383,Deepak Singh,Vikram Mehta,2022.0,2026-08-16 08:00:00,UPI
TRAIN-NOISE-2384,Vikram Mehta,Deepak Rao,3658.0,2026-08-06 08:00:00,UPI
TRAIN-NOISE-2385,Rahul Kumar,Sameer Singh,903.0,2026-08-16 08:00:00,UPI
TRAIN-NOISE-2386,Ravi Patel,Pooja Reddy,3780.0,2026-08-03 08:00:00,UPI
TRAIN-NOISE-2387,Deepak Verma,Pooja Reddy,3661.0,2026-08-01 08:00:00,UPI
TRAIN-NOISE-2388,Vikram Rao,Vikram Joshi,6607.0,2026-08-12 08:00:00,UPI
TRAIN-NOISE-2389,Amit Verma,Sameer Reddy,8221.0,2026-08-12 08:00:00,UPI
TRAIN-NOISE-2390,Vikram Singh,Amit Joshi,2762.0,2026-08-01 08:00:00,UPI
TRAIN-NOISE-2391,Vikram Joshi,Ramesh Joshi,1770.0,2026-08-12 08:00:00,UPI
TRAIN-NOISE-2392,Ravi Joshi,Vikram Rao,1500.0,2026-08-01 08:00:00,UPI
TRAIN-NOISE-2393,Deepak Joshi,Amit Sharma,1124.0,2026-08-09 08:00:00,UPI
TRAIN-NOISE-2394,Sameer Verma,Ravi Joshi,417.0,2026-08-03 08:00:00,UPI
TRAIN-NOISE-2395,Pooja Verma,Ramesh Singh,2036.0,2026-08-08 08:00:00,UPI
TRAIN-NOISE-2396,Ramesh Sharma,Sameer Joshi,1567.0,2026-08-12 08:00:00,UPI
TRAIN-NOISE-2397,Suresh Gupta,Anil Gupta,15421.0,2026-08-16 08:00:00,UPI
TRAIN-NOISE-2398,Amit Mehta,Ravi Kumar,3821.0,2026-08-01 08:00:00,UPI
TRAIN-NOISE-2399,Deepak Mehta,Ravi Patel,2069.0,2026-08-04 08:00:00,UPI
TRAIN-NOISE-2400,Anil Gupta,Suresh Reddy,4058.0,2026-08-16 08:00:00,UPI
TRAIN-NOISE-2401,Rahul Patel,Suresh Verma,824.0,2026-08-07 08:00:00,UPI
TRAIN-NOISE-2402,Suresh Reddy,Amit Mehta,2791.0,2026-08-06 08:00:00,UPI
TRAIN-NOISE-2403,Anil Verma,Ramesh Rao,4578.0,2026-08-05 08:00:00,UPI
TRAIN-NOISE-2404,Anil Verma,Rahul Singh,3170.0,2026-08-09 08:00:00,UPI
TRAIN-NOISE-2405,Suresh Reddy,Ramesh Sharma,2462.0,2026-08-09 08:00:00,UPI
TRAIN-NOISE-2406,Ravi Joshi,Amit Sharma,23059.0,2026-08-09 08:00:00,UPI
TRAIN-NOISE-2407,Sameer Singh,Deepak Sharma,9703.0,2026-08-01 08:00:00,UPI
TRAIN-NOISE-2408,Pooja Singh,Deepak Reddy,4544.0,2026-08-11 08:00:00,UPI
TRAIN-NOISE-2409,Rahul Reddy,Rahul Kumar,3941.0,2026-08-09 08:00:00,UPI
TRAIN-NOISE-2410,Vikram Joshi,Ravi Sharma,4511.0,2026-08-15 08:00:00,UPI
TRAIN-NOISE-2411,Sameer Joshi,Amit Patel,1161.0,2026-08-02 08:00:00,UPI
TRAIN-NOISE-2412,Deepak Joshi,Deepak Reddy,2412.0,2026-08-09 08:00:00,UPI
TRAIN-NOISE-2413,Anil Kumar,Pooja Reddy,331.0,2026-08-15 08:00:00,UPI
TRAIN-NOISE-2414,Anil Joshi,Vikram Mehta,3054.0,2026-08-13 08:00:00,UPI
TRAIN-NOISE-2415,Ravi Joshi,Deepak Gupta,3674.0,2026-08-03 08:00:00,UPI
TRAIN-NOISE-2416,Ravi Verma,Anil Mehta,1313.0,2026-08-08 08:00:00,UPI
TRAIN-NOISE-2417,Pooja Singh,Deepak Verma,15112.0,2026-08-08 08:00:00,UPI
TRAIN-NOISE-2418,Deepak Mehta,Rahul Patel,10958.0,2026-08-11 08:00:00,UPI
TRAIN-NOISE-2419,Sameer Gupta,Anil Verma,5912.0,2026-08-04 08:00:00,UPI
TRAIN-NOISE-2420,Anil Mehta,Rahul Verma,3580.0,2026-08-14 08:00:00,UPI
TRAIN-NOISE-2421,Anil Mehta,Ramesh Rao,9329.0,2026-08-11 08:00:00,UPI
TRAIN-NOISE-2422,Pooja Joshi,Ravi Reddy,780.0,2026-08-04 08:00:00,UPI
TRAIN-NOISE-2423,Pooja Kumar,Rahul Sharma,7183.0,2026-08-11 08:00:00,UPI
TRAIN-NOISE-2424,Deepak Reddy,Deepak Gupta,749.0,2026-08-08 08:00:00,UPI
TRAIN-NOISE-2425,Deepak Verma,Sameer Reddy,7264.0,2026-08-15 08:00:00,UPI
TRAIN-NOISE-2426,Amit Rao,Vikram Reddy,1601.0,2026-08-04 08:00:00,UPI
TRAIN-NOISE-2427,Anil Singh,Ravi Gupta,9583.0,2026-08-02 08:00:00,UPI
TRAIN-NOISE-2428,Amit Verma,Anil Joshi,13124.0,2026-08-03 08:00:00,UPI
TRAIN-NOISE-2429,Rahul Singh,Ravi Gupta,874.0,2026-08-15 08:00:00,UPI
TRAIN-NOISE-2430,Ravi Gupta,Ramesh Singh,2945.0,2026-08-14 08:00:00,UPI
TRAIN-NOISE-2431,Anil Verma,Ramesh Gupta,17981.0,2026-08-02 08:00:00,UPI
TRAIN-NOISE-2432,Sameer Singh,Deepak Reddy,3122.0,2026-08-10 08:00:00,UPI
TRAIN-NOISE-2433,Amit Verma,Anil Sharma,9113.0,2026-08-04 08:00:00,UPI
TRAIN-NOISE-2434,Rahul Gupta,Rahul Kumar,4148.0,2026-08-08 08:00:00,UPI
TRAIN-NOISE-2435,Sameer Reddy,Rahul Gupta,2267.0,2026-08-01 08:00:00,UPI
TRAIN-NOISE-2436,Deepak Sharma,Vikram Singh,1664.0,2026-08-15 08:00:00,UPI
TRAIN-NOISE-2437,Pooja Singh,Rahul Gupta,1172.0,2026-08-04 08:00:00,UPI
TRAIN-NOISE-2438,Pooja Rao,Anil Mehta,6605.0,2026-08-15 08:00:00,UPI
TRAIN-NOISE-2439,Ravi Sharma,Deepak Gupta,2348.0,2026-08-07 08:00:00,UPI
TRAIN-NOISE-2440,Deepak Rao,Sameer Reddy,3371.0,2026-08-03 08:00:00,UPI
TRAIN-NOISE-2441,Ramesh Rao,Ravi Joshi,3200.0,2026-08-05 08:00:00,UPI
TRAIN-NOISE-2442,Pooja Patel,Pooja Joshi,4024.0,2026-08-12 08:00:00,UPI
TRAIN-NOISE-2443,Anil Kumar,Rahul Verma,9180.0,2026-08-15 08:00:00,UPI
TRAIN-NOISE-2444,Suresh Sharma,Ravi Reddy,17923.0,2026-08-05 08:00:00,UPI
TRAIN-NOISE-2445,Suresh Mehta,Ravi Gupta,2505.0,2026-08-05 08:00:00,UPI
TRAIN-NOISE-2446,Sameer Gupta,Suresh Rao,8058.0,2026-08-14 08:00:00,UPI
TRAIN-NOISE-2447,Pooja Patel,Sameer Verma,6657.0,2026-08-10 08:00:00,UPI
TRAIN-NOISE-2448,Suresh Rao,Ramesh Mehta,3984.0,2026-08-05 08:00:00,UPI
TRAIN-NOISE-2449,Anil Rao,Pooja Kumar,14210.0,2026-08-10 08:00:00,UPI
TRAIN-NOISE-2450,Amit Mehta,Pooja Rao,1156.0,2026-08-10 08:00:00,UPI
TRAIN-NOISE-2451,Deepak Patel,Deepak Rao,670.0,2026-08-05 08:00:00,UPI
TRAIN-NOISE-2452,Ravi Gupta,Rahul Sharma,8807.0,2026-08-02 08:00:00,UPI
TRAIN-NOISE-2453,Pooja Singh,Amit Reddy,2752.0,2026-08-07 08:00:00,UPI
TRAIN-NOISE-2454,Anil Verma,Pooja Rao,8597.0,2026-08-07 08:00:00,UPI
TRAIN-NOISE-2455,Pooja Kumar,Ramesh Joshi,10210.0,2026-08-11 08:00:00,UPI
TRAIN-NOISE-2456,Suresh Rao,Suresh Reddy,440.0,2026-08-11 08:00:00,UPI
TRAIN-NOISE-2457,Pooja Verma,Ramesh Singh,9823.0,2026-08-14 08:00:00,UPI
TRAIN-NOISE-2458,Deepak Gupta,Pooja Mehta,2826.0,2026-08-04 08:00:00,UPI
TRAIN-NOISE-2459,Deepak Sharma,Suresh Mehta,3364.0,2026-08-16 08:00:00,UPI
TRAIN-NOISE-2460,Deepak Joshi,Vikram Mehta,4582.0,2026-08-08 08:00:00,UPI
TRAIN-NOISE-2461,Ramesh Sharma,Ramesh Joshi,11889.0,2026-08-07 08:00:00,UPI
TRAIN-NOISE-2462,Rahul Sharma,Rahul Verma,236.0,2026-08-11 08:00:00,UPI
TRAIN-NOISE-2463,Amit Verma,Ravi Kumar,3065.0,2026-08-13 08:00:00,UPI
TRAIN-NOISE-2464,Suresh Sharma,Vikram Mehta,5387.0,2026-08-12 08:00:00,UPI
TRAIN-NOISE-2465,Deepak Rao,Deepak Verma,5922.0,2026-08-12 08:00:00,UPI
TRAIN-NOISE-2466,Anil Mehta,Sameer Singh,5457.0,2026-08-04 08:00:00,UPI
TRAIN-NOISE-2467,Anil Rao,Sameer Mehta,799.0,2026-08-15 08:00:00,UPI
TRAIN-NOISE-2468,Ravi Joshi,Suresh Rao,1751.0,2026-08-12 08:00:00,UPI
TRAIN-NOISE-2469,Suresh Mehta,Anil Mehta,2149.0,2026-08-07 08:00:00,UPI
TRAIN-NOISE-2470,Deepak Mehta,Sameer Sharma,7493.0,2026-08-06 08:00:00,UPI
TRAIN-NOISE-2471,Deepak Joshi,Vikram Verma,1620.0,2026-08-06 08:00:00,UPI
TRAIN-NOISE-2472,Pooja Rao,Suresh Verma,1214.0,2026-08-08 08:00:00,UPI
TRAIN-NOISE-2473,Amit Joshi,Deepak Mehta,14356.0,2026-08-01 08:00:00,UPI
TRAIN-NOISE-2474,Amit Joshi,Vikram Verma,190.0,2026-08-04 08:00:00,UPI
TRAIN-NOISE-2475,Amit Sharma,Deepak Singh,27729.0,2026-08-13 08:00:00,UPI
TRAIN-NOISE-2476,Rahul Joshi,Pooja Rao,5232.0,2026-08-07 08:00:00,UPI
TRAIN-NOISE-2477,Sameer Gupta,Deepak Sharma,8083.0,2026-08-08 08:00:00,UPI
TRAIN-NOISE-2478,Rahul Patel,Ravi Rao,1720.0,2026-08-14 08:00:00,UPI
TRAIN-NOISE-2479,Anil Verma,Vikram Joshi,214.0,2026-08-05 08:00:00,UPI
TRAIN-NOISE-2480,Rahul Singh,Ravi Joshi,6175.0,2026-08-07 08:00:00,UPI
TRAIN-NOISE-2481,Pooja Reddy,Amit Verma,8234.0,2026-08-12 08:00:00,UPI
TRAIN-NOISE-2482,Anil Joshi,Sameer Reddy,6220.0,2026-08-14 08:00:00,UPI
TRAIN-NOISE-2483,Ravi Reddy,Suresh Mehta,843.0,2026-08-07 08:00:00,UPI
TRAIN-NOISE-2484,Pooja Reddy,Sameer Mehta,6450.0,2026-08-05 08:00:00,UPI
TRAIN-NOISE-2485,Suresh Kumar,Ravi Reddy,6742.0,2026-08-02 08:00:00,UPI
TRAIN-NOISE-2486,Anil Gupta,Rahul Singh,4985.0,2026-08-16 08:00:00,UPI
TRAIN-NOISE-2487,Ravi Kumar,Anil Singh,6688.0,2026-08-16 08:00:00,UPI
TRAIN-NOISE-2488,Pooja Verma,Anil Verma,8566.0,2026-08-06 08:00:00,UPI
TRAIN-NOISE-2489,Pooja Patel,Vikram Singh,4429.0,2026-08-12 08:00:00,UPI
TRAIN-NOISE-2490,Sameer Joshi,Ravi Sharma,567.0,2026-08-15 08:00:00,UPI
TRAIN-NOISE-2491,Amit Joshi,Suresh Kumar,3159.0,2026-08-12 08:00:00,UPI
TRAIN-NOISE-2492,Ravi Rao,Rahul Verma,513.0,2026-08-16 08:00:00,UPI
TRAIN-NOISE-2493,Pooja Kumar,Deepak Kumar,2505.0,2026-08-13 08:00:00,UPI
TRAIN-NOISE-2494,Suresh Rao,Suresh Gupta,2502.0,2026-08-07 08:00:00,UPI
TRAIN-NOISE-2495,Deepak Joshi,Deepak Mehta,457.0,2026-08-15 08:00:00,UPI
TRAIN-NOISE-2496,Rahul Sharma,Ravi Patel,2080.0,2026-08-07 08:00:00,UPI
TRAIN-NOISE-2497,Sameer Gupta,Pooja Singh,679.0,2026-08-13 08:00:00,UPI
TRAIN-NOISE-2498,Ravi Verma,Pooja Mehta,7581.0,2026-08-12 08:00:00,UPI
TRAIN-NOISE-2499,Pooja Joshi,Suresh Verma,13427.0,2026-08-03 08:00:00,UPI
VIPER-ANOM-1-0,Alok Kapoor,Farhan Sethi,9857.0,2026-09-02 11:47:00,IMPS
VIPER-ANOM-1-1,Alok Kapoor,Farhan Sethi,10430.0,2026-09-07 15:55:00,NEFT
VIPER-ANOM-1-2,Alok Kapoor,Farhan Sethi,9941.0,2026-09-05 19:35:00,UPI
VIPER-ANOM-1-3,Alok Kapoor,Farhan Sethi,9413.0,2026-09-03 09:25:00,IMPS
VIPER-ANOM-1-4,Alok Kapoor,Farhan Sethi,9680.0,2026-09-04 03:34:00,IMPS
VIPER-ANOM-1-5,Alok Kapoor,Farhan Sethi,9507.0,2026-09-03 07:33:00,NEFT
VIPER-ANOM-1-6,Alok Kapoor,Farhan Sethi,10504.0,2026-09-09 12:03:00,NEFT
VIPER-ANOM-1-7,Alok Kapoor,Farhan Sethi,8858.0,2026-09-09 13:46:00,UPI
VIPER-ANOM-1-8,Alok Kapoor,Farhan Sethi,10455.0,2026-09-06 02:59:00,NEFT
VIPER-ANOM-1-9,Alok Kapoor,Farhan Sethi,10225.0,2026-09-06 23:35:00,NEFT
VIPER-ANOM-1-10,Alok Kapoor,Farhan Sethi,9619.0,2026-09-09 15:19:00,UPI
VIPER-ANOM-1-11,Alok Kapoor,Farhan Sethi,9941.0,2026-09-06 20:35:00,UPI
VIPER-ANOM-1-12,Alok Kapoor,Farhan Sethi,9300.0,2026-09-08 19:06:00,UPI
VIPER-ANOM-1-13,Alok Kapoor,Farhan Sethi,9536.0,2026-09-09 08:09:00,UPI
VIPER-ANOM-1-14,Alok Kapoor,Farhan Sethi,9715.0,2026-09-06 10:26:00,NEFT
VIPER-ANOM-1-15,Alok Kapoor,Farhan Sethi,10165.0,2026-09-02 17:34:00,NEFT
VIPER-ANOM-1-16,Alok Kapoor,Farhan Sethi,9727.0,2026-09-02 18:50:00,UPI
VIPER-ANOM-1-17,Alok Kapoor,Farhan Sethi,10520.0,2026-09-09 19:23:00,UPI
VIPER-ANOM-2-0,Kabir Malhotra,Tushar Bhasin,10242.0,2026-09-09 09:51:00,UPI
VIPER-ANOM-2-1,Kabir Malhotra,Tushar Bhasin,9424.0,2026-09-04 10:25:00,NEFT
VIPER-ANOM-2-2,Kabir Malhotra,Tushar Bhasin,9716.0,2026-09-02 20:04:00,NEFT
VIPER-ANOM-2-3,Kabir Malhotra,Tushar Bhasin,9413.0,2026-09-02 22:44:00,NEFT
VIPER-ANOM-2-4,Kabir Malhotra,Tushar Bhasin,9458.0,2026-09-08 00:22:00,IMPS
VIPER-ANOM-2-5,Kabir Malhotra,Tushar Bhasin,9119.0,2026-09-07 12:07:00,IMPS
VIPER-ANOM-2-6,Kabir Malhotra,Tushar Bhasin,10586.0,2026-09-04 03:49:00,IMPS
VIPER-ANOM-2-7,Kabir Malhotra,Tushar Bhasin,10758.0,2026-09-10 08:52:00,IMPS
VIPER-ANOM-2-8,Kabir Malhotra,Tushar Bhasin,9832.0,2026-09-09 21:17:00,IMPS
VIPER-ANOM-2-9,Kabir Malhotra,Tushar Bhasin,8971.0,2026-09-08 07:02:00,UPI
VIPER-ANOM-2-10,Kabir Malhotra,Tushar Bhasin,9641.0,2026-09-04 11:58:00,IMPS
VIPER-ANOM-2-11,Kabir Malhotra,Tushar Bhasin,9615.0,2026-09-06 20:46:00,UPI
VIPER-ANOM-2-12,Kabir Malhotra,Tushar Bhasin,10051.0,2026-09-09 08:44:00,NEFT
VIPER-ANOM-2-13,Kabir Malhotra,Tushar Bhasin,10013.0,2026-09-06 20:27:00,IMPS
VIPER-ANOM-2-14,Kabir Malhotra,Tushar Bhasin,9033.0,2026-09-04 19:23:00,IMPS
VIPER-ANOM-2-15,Kabir Malhotra,Tushar Bhasin,9211.0,2026-09-04 21:49:00,NEFT
VIPER-ANOM-3-0,Naveen Singhal,Bhavya Batra,9991.0,2026-09-10 04:59:00,UPI
VIPER-ANOM-3-1,Naveen Singhal,Bhavya Batra,9803.0,2026-09-02 17:57:00,UPI
VIPER-ANOM-3-2,Naveen Singhal,Bhavya Batra,9588.0,2026-09-02 21:14:00,IMPS
VIPER-ANOM-3-3,Naveen Singhal,Bhavya Batra,10016.0,2026-09-03 11:25:00,NEFT
VIPER-ANOM-3-4,Naveen Singhal,Bhavya Batra,10279.0,2026-09-08 21:54:00,IMPS
VIPER-ANOM-4-0,Yash Kapoor,Rohan Chhabra,10320.0,2026-09-08 13:27:00,NEFT
VIPER-ANOM-4-1,Yash Kapoor,Rohan Chhabra,9798.0,2026-09-05 17:26:00,IMPS
VIPER-ANOM-4-2,Yash Kapoor,Rohan Chhabra,9831.0,2026-09-04 12:53:00,IMPS
VIPER-ANOM-4-3,Yash Kapoor,Rohan Chhabra,10181.0,2026-09-10 03:56:00,UPI
VIPER-ANOM-4-4,Yash Kapoor,Rohan Chhabra,10097.0,2026-09-08 16:35:00,UPI
VIPER-ANOM-4-5,Yash Kapoor,Rohan Chhabra,9481.0,2026-09-07 21:55:00,UPI
VIPER-ANOM-4-6,Yash Kapoor,Rohan Chhabra,9575.0,2026-09-08 10:18:00,UPI
VIPER-ANOM-4-7,Yash Kapoor,Rohan Chhabra,10072.0,2026-09-07 19:45:00,UPI
VIPER-ANOM-4-8,Yash Kapoor,Rohan Chhabra,9935.0,2026-09-08 12:29:00,IMPS
VIPER-ANOM-4-9,Yash Kapoor,Rohan Chhabra,9686.0,2026-09-06 05:17:00,UPI
VIPER-ANOM-4-10,Yash Kapoor,Rohan Chhabra,10050.0,2026-09-07 05:44:00,UPI
VIPER-ANOM-4-11,Yash Kapoor,Rohan Chhabra,10049.0,2026-09-06 20:38:00,NEFT
VIPER-ANOM-4-12,Yash Kapoor,Rohan Chhabra,9844.0,2026-09-10 04:39:00,UPI
VIPER-ANOM-4-13,Yash Kapoor,Rohan Chhabra,9445.0,2026-09-09 03:59:00,UPI
VIPER-ANOM-5-0,Pankaj Grover,Ashish Singhal,10083.0,2026-09-10 06:32:00,NEFT
VIPER-ANOM-5-1,Pankaj Grover,Ashish Singhal,10378.0,2026-09-02 23:41:00,IMPS
VIPER-ANOM-5-2,Pankaj Grover,Ashish Singhal,9708.0,2026-09-07 22:38:00,NEFT
VIPER-ANOM-5-3,Pankaj Grover,Ashish Singhal,9095.0,2026-09-04 20:21:00,NEFT
VIPER-ANOM-5-4,Pankaj Grover,Ashish Singhal,10624.0,2026-09-02 11:26:00,IMPS
VIPER-ANOM-5-5,Pankaj Grover,Ashish Singhal,9740.0,2026-09-02 12:02:00,NEFT
VIPER-ANOM-5-6,Pankaj Grover,Ashish Singhal,10222.0,2026-09-04 05:50:00,IMPS
VIPER-ANOM-5-7,Pankaj Grover,Ashish Singhal,10624.0,2026-09-07 03:26:00,UPI
VIPER-ANOM-5-8,Pankaj Grover,Ashish Singhal,10197.0,2026-09-03 09:04:00,IMPS
VIPER-ANOM-5-9,Pankaj Grover,Ashish Singhal,9580.0,2026-09-06 09:35:00,IMPS
VIPER-ANOM-5-10,Pankaj Grover,Ashish Singhal,10210.0,2026-09-04 14:10:00,UPI
VIPER-ANOM-5-11,Pankaj Grover,Ashish Singhal,9282.0,2026-09-07 19:02:00,UPI
VIPER-ANOM-5-12,Pankaj Grover,Ashish Singhal,9597.0,2026-09-03 03:28:00,NEFT
VIPER-ANOM-5-13,Pankaj Grover,Ashish Singhal,9614.0,2026-09-07 08:59:00,UPI
VIPER-ANOM-5-14,Pankaj Grover,Ashish Singhal,9994.0,2026-09-06 00:34:00,UPI
VIPER-ANOM-5-15,Pankaj Grover,Ashish Singhal,9757.0,2026-09-09 18:34:00,IMPS
VIPER-ANOM-5-16,Pankaj Grover,Ashish Singhal,10921.0,2026-09-06 02:23:00,NEFT
VIPER-ANOM-5-17,Pankaj Grover,Ashish Singhal,9343.0,2026-09-06 12:17:00,IMPS
VIPER-ANOM-6-0,Alok Malhotra,Nikhil Kakkar,10198.0,2026-09-10 01:37:00,NEFT
VIPER-ANOM-6-1,Alok Malhotra,Nikhil Kakkar,10346.0,2026-09-09 07:21:00,NEFT
VIPER-ANOM-6-2,Alok Malhotra,Nikhil Kakkar,10478.0,2026-09-03 09:15:00,UPI
VIPER-ANOM-6-3,Alok Malhotra,Nikhil Kakkar,9602.0,2026-09-04 13:37:00,NEFT
VIPER-ANOM-6-4,Alok Malhotra,Nikhil Kakkar,10264.0,2026-09-08 18:24:00,IMPS
VIPER-ANOM-6-5,Alok Malhotra,Nikhil Kakkar,9868.0,2026-09-05 14:01:00,UPI
VIPER-ANOM-6-6,Alok Malhotra,Nikhil Kakkar,10287.0,2026-09-06 21:51:00,IMPS
VIPER-ANOM-6-7,Alok Malhotra,Nikhil Kakkar,9936.0,2026-09-06 22:04:00,NEFT
VIPER-ANOM-6-8,Alok Malhotra,Nikhil Kakkar,10016.0,2026-09-09 10:00:00,NEFT
VIPER-ANOM-6-9,Alok Malhotra,Nikhil Kakkar,9773.0,2026-09-07 06:38:00,UPI
VIPER-ANOM-6-10,Alok Malhotra,Nikhil Kakkar,9141.0,2026-09-07 01:38:00,NEFT
VIPER-ANOM-6-11,Alok Malhotra,Nikhil Kakkar,10253.0,2026-09-06 14:34:00,NEFT
VIPER-ANOM-6-12,Alok Malhotra,Nikhil Kakkar,9911.0,2026-09-10 04:31:00,UPI
VIPER-ANOM-6-13,Alok Malhotra,Nikhil Kakkar,9158.0,2026-09-03 16:06:00,UPI
VIPER-ANOM-6-14,Alok Malhotra,Nikhil Kakkar,10449.0,2026-09-06 10:53:00,UPI
VIPER-ANOM-6-15,Alok Malhotra,Nikhil Kakkar,10396.0,2026-09-10 05:45:00,NEFT
VIPER-ANOM-6-16,Alok Malhotra,Nikhil Kakkar,10286.0,2026-09-03 09:09:00,UPI
VIPER-ANOM-6-17,Alok Malhotra,Nikhil Kakkar,10731.0,2026-09-04 04:05:00,NEFT
VIPER-ANOM-7-0,Alok Malhotra,Deepankar Bansal,9664.0,2026-09-09 03:22:00,UPI
VIPER-ANOM-7-1,Alok Malhotra,Deepankar Bansal,9585.0,2026-09-09 16:16:00,UPI
VIPER-ANOM-7-2,Alok Malhotra,Deepankar Bansal,10617.0,2026-09-09 12:52:00,NEFT
VIPER-ANOM-7-3,Alok Malhotra,Deepankar Bansal,9395.0,2026-09-08 19:05:00,IMPS
VIPER-ANOM-7-4,Alok Malhotra,Deepankar Bansal,9824.0,2026-09-10 01:26:00,UPI
VIPER-ANOM-7-5,Alok Malhotra,Deepankar Bansal,10075.0,2026-09-05 02:25:00,UPI
VIPER-ANOM-7-6,Alok Malhotra,Deepankar Bansal,9914.0,2026-09-03 06:26:00,IMPS
VIPER-ANOM-7-7,Alok Malhotra,Deepankar Bansal,9849.0,2026-09-03 11:49:00,UPI
VIPER-ANOM-7-8,Alok Malhotra,Deepankar Bansal,9782.0,2026-09-04 10:29:00,UPI
VIPER-ANOM-7-9,Alok Malhotra,Deepankar Bansal,9314.0,2026-09-08 04:03:00,NEFT
VIPER-ANOM-7-10,Alok Malhotra,Deepankar Bansal,9886.0,2026-09-09 11:53:00,UPI
VIPER-ANOM-7-11,Alok Malhotra,Deepankar Bansal,10760.0,2026-09-09 02:25:00,UPI
VIPER-ANOM-7-12,Alok Malhotra,Deepankar Bansal,9696.0,2026-09-07 04:00:00,IMPS
VIPER-ANOM-7-13,Alok Malhotra,Deepankar Bansal,9832.0,2026-09-09 17:26:00,UPI
VIPER-ANOM-7-14,Alok Malhotra,Deepankar Bansal,10130.0,2026-09-08 05:56:00,NEFT
VIPER-ANOM-7-15,Alok Malhotra,Deepankar Bansal,9382.0,2026-09-04 16:36:00,IMPS
VIPER-ANOM-7-16,Alok Malhotra,Deepankar Bansal,9478.0,2026-09-05 04:48:00,UPI
VIPER-ANOM-8-0,Gaurav Chhabra,Vivek Chhabra,9792.0,2026-09-09 11:19:00,UPI
VIPER-ANOM-8-1,Gaurav Chhabra,Vivek Chhabra,10565.0,2026-09-03 06:13:00,IMPS
VIPER-ANOM-8-2,Gaurav Chhabra,Vivek Chhabra,9265.0,2026-09-04 02:02:00,NEFT
VIPER-ANOM-8-3,Gaurav Chhabra,Vivek Chhabra,9042.0,2026-09-03 00:31:00,UPI
VIPER-ANOM-8-4,Gaurav Chhabra,Vivek Chhabra,9997.0,2026-09-09 01:18:00,IMPS
VIPER-ANOM-8-5,Gaurav Chhabra,Vivek Chhabra,9884.0,2026-09-05 12:15:00,UPI
VIPER-ANOM-8-6,Gaurav Chhabra,Vivek Chhabra,9096.0,2026-09-02 16:21:00,NEFT
VIPER-ANOM-8-7,Gaurav Chhabra,Vivek Chhabra,9254.0,2026-09-04 06:54:00,UPI
VIPER-ANOM-8-8,Gaurav Chhabra,Vivek Chhabra,9304.0,2026-09-08 23:53:00,NEFT
VIPER-ANOM-9-0,Pranav Kakkar,Pankaj Grover,9607.0,2026-09-02 19:15:00,IMPS
VIPER-ANOM-9-1,Pranav Kakkar,Pankaj Grover,10016.0,2026-09-07 02:23:00,NEFT
VIPER-ANOM-9-2,Pranav Kakkar,Pankaj Grover,9311.0,2026-09-06 10:34:00,IMPS
VIPER-ANOM-9-3,Pranav Kakkar,Pankaj Grover,9895.0,2026-09-04 18:42:00,NEFT
VIPER-ANOM-9-4,Pranav Kakkar,Pankaj Grover,9688.0,2026-09-07 11:02:00,IMPS
VIPER-ANOM-9-5,Pranav Kakkar,Pankaj Grover,9968.0,2026-09-02 17:33:00,IMPS
VIPER-ANOM-9-6,Pranav Kakkar,Pankaj Grover,9479.0,2026-09-03 02:25:00,IMPS
VIPER-ANOM-9-7,Pranav Kakkar,Pankaj Grover,9820.0,2026-09-04 13:25:00,IMPS
VIPER-ANOM-10-0,Yash Wadhwa,Harsh Kakkar,10186.0,2026-09-03 22:41:00,UPI
VIPER-ANOM-10-1,Yash Wadhwa,Harsh Kakkar,10421.0,2026-09-04 19:16:00,NEFT
VIPER-ANOM-10-2,Yash Wadhwa,Harsh Kakkar,9569.0,2026-09-03 15:12:00,UPI
VIPER-ANOM-10-3,Yash Wadhwa,Harsh Kakkar,10099.0,2026-09-02 19:15:00,NEFT
VIPER-ANOM-10-4,Yash Wadhwa,Harsh Kakkar,10285.0,2026-09-05 09:59:00,IMPS
VIPER-ANOM-10-5,Yash Wadhwa,Harsh Kakkar,10349.0,2026-09-06 02:13:00,IMPS
VIPER-ANOM-10-6,Yash Wadhwa,Harsh Kakkar,9961.0,2026-09-06 18:14:00,UPI
VIPER-ANOM-10-7,Yash Wadhwa,Harsh Kakkar,10726.0,2026-09-03 15:27:00,IMPS
VIPER-ANOM-10-8,Yash Wadhwa,Harsh Kakkar,9572.0,2026-09-02 09:19:00,UPI
VIPER-ANOM-10-9,Yash Wadhwa,Harsh Kakkar,10070.0,2026-09-03 15:27:00,IMPS
VIPER-ANOM-11-0,Bhavya Bansal,Pranav Singhal,9809.0,2026-09-09 01:05:00,IMPS
VIPER-ANOM-11-1,Bhavya Bansal,Pranav Singhal,9630.0,2026-09-10 04:08:00,IMPS
VIPER-ANOM-11-2,Bhavya Bansal,Pranav Singhal,10339.0,2026-09-02 18:12:00,IMPS
VIPER-ANOM-11-3,Bhavya Bansal,Pranav Singhal,9661.0,2026-09-09 05:53:00,IMPS
VIPER-ANOM-11-4,Bhavya Bansal,Pranav Singhal,10035.0,2026-09-08 12:03:00,UPI
VIPER-ANOM-11-5,Bhavya Bansal,Pranav Singhal,9063.0,2026-09-10 04:18:00,IMPS
VIPER-ANOM-11-6,Bhavya Bansal,Pranav Singhal,9926.0,2026-09-04 11:06:00,NEFT
VIPER-ANOM-11-7,Bhavya Bansal,Pranav Singhal,9223.0,2026-09-06 23:29:00,IMPS
VIPER-ANOM-11-8,Bhavya Bansal,Pranav Singhal,11181.0,2026-09-06 08:16:00,UPI
VIPER-ANOM-11-9,Bhavya Bansal,Pranav Singhal,9806.0,2026-09-06 08:25:00,UPI
VIPER-ANOM-12-0,Rohan Batra,Rohan Wadhwa,9990.0,2026-09-04 20:18:00,UPI
VIPER-ANOM-12-1,Rohan Batra,Rohan Wadhwa,9346.0,2026-09-06 04:59:00,IMPS
VIPER-ANOM-12-2,Rohan Batra,Rohan Wadhwa,9481.0,2026-09-03 08:19:00,NEFT
VIPER-ANOM-12-3,Rohan Batra,Rohan Wadhwa,8868.0,2026-09-03 05:49:00,NEFT
VIPER-ANOM-12-4,Rohan Batra,Rohan Wadhwa,10269.0,2026-09-10 05:02:00,NEFT
VIPER-ANOM-12-5,Rohan Batra,Rohan Wadhwa,9800.0,2026-09-07 06:56:00,IMPS
VIPER-ANOM-12-6,Rohan Batra,Rohan Wadhwa,9407.0,2026-09-09 21:56:00,IMPS
VIPER-ANOM-12-7,Rohan Batra,Rohan Wadhwa,10403.0,2026-09-04 01:21:00,NEFT
VIPER-ANOM-12-8,Rohan Batra,Rohan Wadhwa,9470.0,2026-09-03 09:58:00,IMPS
VIPER-ANOM-12-9,Rohan Batra,Rohan Wadhwa,9710.0,2026-09-08 00:26:00,IMPS
VIPER-ANOM-12-10,Rohan Batra,Rohan Wadhwa,9835.0,2026-09-09 23:15:00,IMPS
VIPER-ANOM-12-11,Rohan Batra,Rohan Wadhwa,9901.0,2026-09-02 10:04:00,UPI
VIPER-ANOM-12-12,Rohan Batra,Rohan Wadhwa,9488.0,2026-09-02 23:14:00,NEFT
VIPER-ANOM-12-13,Rohan Batra,Rohan Wadhwa,9467.0,2026-09-03 13:41:00,UPI
VIPER-ANOM-13-0,Tushar Bhasin,Harsh Chhabra,10228.0,2026-09-05 18:55:00,IMPS
VIPER-ANOM-13-1,Tushar Bhasin,Harsh Chhabra,9324.0,2026-09-02 13:04:00,IMPS
VIPER-ANOM-13-2,Tushar Bhasin,Harsh Chhabra,9382.0,2026-09-07 02:04:00,IMPS
VIPER-ANOM-13-3,Tushar Bhasin,Harsh Chhabra,9627.0,2026-09-07 04:42:00,UPI
VIPER-ANOM-13-4,Tushar Bhasin,Harsh Chhabra,9709.0,2026-09-05 11:06:00,NEFT
VIPER-ANOM-13-5,Tushar Bhasin,Harsh Chhabra,9724.0,2026-09-07 03:18:00,UPI
VIPER-ANOM-13-6,Tushar Bhasin,Harsh Chhabra,9806.0,2026-09-02 19:48:00,UPI
VIPER-ANOM-13-7,Tushar Bhasin,Harsh Chhabra,10107.0,2026-09-03 22:11:00,IMPS
VIPER-ANOM-13-8,Tushar Bhasin,Harsh Chhabra,10016.0,2026-09-09 00:32:00,IMPS
VIPER-ANOM-13-9,Tushar Bhasin,Harsh Chhabra,9661.0,2026-09-03 15:18:00,IMPS
VIPER-ANOM-13-10,Tushar Bhasin,Harsh Chhabra,9566.0,2026-09-05 23:46:00,IMPS
VIPER-ANOM-13-11,Tushar Bhasin,Harsh Chhabra,9895.0,2026-09-07 17:55:00,UPI
VIPER-ANOM-13-12,Tushar Bhasin,Harsh Chhabra,9257.0,2026-09-09 21:39:00,NEFT
VIPER-ANOM-13-13,Tushar Bhasin,Harsh Chhabra,9810.0,2026-09-08 07:31:00,NEFT
VIPER-ANOM-13-14,Tushar Bhasin,Harsh Chhabra,10133.0,2026-09-05 00:06:00,NEFT
VIPER-ANOM-13-15,Tushar Bhasin,Harsh Chhabra,10175.0,2026-09-10 01:58:00,UPI
VIPER-ANOM-13-16,Tushar Bhasin,Harsh Chhabra,9473.0,2026-09-06 04:14:00,IMPS
VIPER-ANOM-14-0,Mayank Nangia,Pranav Tiwari,9215.0,2026-09-02 19:29:00,UPI
VIPER-ANOM-14-1,Mayank Nangia,Pranav Tiwari,9288.0,2026-09-06 09:40:00,IMPS
VIPER-ANOM-14-2,Mayank Nangia,Pranav Tiwari,9576.0,2026-09-10 00:10:00,UPI
VIPER-ANOM-14-3,Mayank Nangia,Pranav Tiwari,10067.0,2026-09-10 02:18:00,IMPS
VIPER-ANOM-14-4,Mayank Nangia,Pranav Tiwari,9608.0,2026-09-08 15:53:00,IMPS
VIPER-ANOM-14-5,Mayank Nangia,Pranav Tiwari,9538.0,2026-09-04 16:55:00,NEFT
VIPER-ANOM-14-6,Mayank Nangia,Pranav Tiwari,9539.0,2026-09-07 00:23:00,UPI
VIPER-ANOM-14-7,Mayank Nangia,Pranav Tiwari,9443.0,2026-09-04 04:47:00,UPI
VIPER-ANOM-14-8,Mayank Nangia,Pranav Tiwari,10280.0,2026-09-04 13:56:00,NEFT
VIPER-ANOM-14-9,Mayank Nangia,Pranav Tiwari,9574.0,2026-09-05 08:34:00,UPI
VIPER-ANOM-14-10,Mayank Nangia,Pranav Tiwari,10203.0,2026-09-04 01:38:00,UPI
VIPER-ANOM-14-11,Mayank Nangia,Pranav Tiwari,9581.0,2026-09-05 05:23:00,IMPS
VIPER-ANOM-14-12,Mayank Nangia,Pranav Tiwari,9838.0,2026-09-07 05:33:00,UPI
VIPER-ANOM-15-0,Nikhil Kakkar,Naveen Khurana,9573.0,2026-09-02 19:06:00,NEFT
VIPER-ANOM-15-1,Nikhil Kakkar,Naveen Khurana,10537.0,2026-09-02 12:47:00,NEFT
VIPER-ANOM-15-2,Nikhil Kakkar,Naveen Khurana,10533.0,2026-09-05 22:22:00,UPI
VIPER-ANOM-15-3,Nikhil Kakkar,Naveen Khurana,10147.0,2026-09-07 09:04:00,NEFT
VIPER-ANOM-15-4,Nikhil Kakkar,Naveen Khurana,9934.0,2026-09-07 04:49:00,UPI
VIPER-ANOM-15-5,Nikhil Kakkar,Naveen Khurana,10143.0,2026-09-02 09:25:00,NEFT
VIPER-ANOM-15-6,Nikhil Kakkar,Naveen Khurana,8943.0,2026-09-08 01:37:00,NEFT
VIPER-ANOM-15-7,Nikhil Kakkar,Naveen Khurana,10156.0,2026-09-07 16:58:00,IMPS
VIPER-ANOM-15-8,Nikhil Kakkar,Naveen Khurana,10058.0,2026-09-03 16:18:00,IMPS
VIPER-ANOM-15-9,Nikhil Kakkar,Naveen Khurana,9924.0,2026-09-08 14:18:00,IMPS
VIPER-ANOM-15-10,Nikhil Kakkar,Naveen Khurana,9798.0,2026-09-04 03:50:00,UPI
VIPER-ANOM-15-11,Nikhil Kakkar,Naveen Khurana,10204.0,2026-09-05 09:41:00,UPI
VIPER-ANOM-15-12,Nikhil Kakkar,Naveen Khurana,9686.0,2026-09-03 22:48:00,NEFT
VIPER-ANOM-15-13,Nikhil Kakkar,Naveen Khurana,8372.0,2026-09-05 08:07:00,NEFT
VIPER-ANOM-15-14,Nikhil Kakkar,Naveen Khurana,10310.0,2026-09-06 11:07:00,IMPS
VIPER-ANOM-15-15,Nikhil Kakkar,Naveen Khurana,9861.0,2026-09-03 04:45:00,IMPS
VIPER-ANOM-16-0,Ishaan Singhal,Pranav Grover,9550.0,2026-09-05 10:26:00,NEFT
VIPER-ANOM-16-1,Ishaan Singhal,Pranav Grover,9730.0,2026-09-06 14:10:00,NEFT
VIPER-ANOM-16-2,Ishaan Singhal,Pranav Grover,9438.0,2026-09-04 20:39:00,IMPS
VIPER-ANOM-16-3,Ishaan Singhal,Pranav Grover,9866.0,2026-09-09 12:39:00,UPI
VIPER-ANOM-16-4,Ishaan Singhal,Pranav Grover,9499.0,2026-09-08 13:39:00,IMPS
VIPER-ANOM-17-0,Vivek Tiwari,Bhavya Singhal,9981.0,2026-09-05 03:58:00,NEFT
VIPER-ANOM-17-1,Vivek Tiwari,Bhavya Singhal,10161.0,2026-09-03 13:14:00,NEFT
VIPER-ANOM-17-2,Vivek Tiwari,Bhavya Singhal,9370.0,2026-09-05 23:44:00,NEFT
VIPER-ANOM-17-3,Vivek Tiwari,Bhavya Singhal,9914.0,2026-09-08 19:00:00,NEFT
VIPER-ANOM-17-4,Vivek Tiwari,Bhavya Singhal,9878.0,2026-09-08 07:29:00,IMPS
VIPER-ANOM-17-5,Vivek Tiwari,Bhavya Singhal,9960.0,2026-09-09 16:45:00,UPI
VIPER-ANOM-17-6,Vivek Tiwari,Bhavya Singhal,9169.0,2026-09-03 12:20:00,NEFT
VIPER-ANOM-17-7,Vivek Tiwari,Bhavya Singhal,9401.0,2026-09-09 10:49:00,IMPS
VIPER-ANOM-17-8,Vivek Tiwari,Bhavya Singhal,9139.0,2026-09-05 20:25:00,IMPS
VIPER-ANOM-17-9,Vivek Tiwari,Bhavya Singhal,10355.0,2026-09-06 16:52:00,IMPS
VIPER-ANOM-17-10,Vivek Tiwari,Bhavya Singhal,9286.0,2026-09-07 07:40:00,NEFT
VIPER-ANOM-17-11,Vivek Tiwari,Bhavya Singhal,8520.0,2026-09-03 05:37:00,NEFT
VIPER-ANOM-17-12,Vivek Tiwari,Bhavya Singhal,10055.0,2026-09-06 04:35:00,IMPS
VIPER-ANOM-17-13,Vivek Tiwari,Bhavya Singhal,9408.0,2026-09-02 11:22:00,UPI
VIPER-ANOM-17-14,Vivek Tiwari,Bhavya Singhal,9812.0,2026-09-09 01:11:00,UPI
VIPER-ANOM-17-15,Vivek Tiwari,Bhavya Singhal,9528.0,2026-09-03 00:57:00,IMPS
VIPER-ANOM-17-16,Vivek Tiwari,Bhavya Singhal,10141.0,2026-09-10 07:27:00,UPI
VIPER-ANOM-18-0,Deepankar Nangia,Dev Batra,10096.0,2026-09-05 19:27:00,NEFT
VIPER-ANOM-18-1,Deepankar Nangia,Dev Batra,10675.0,2026-09-09 15:51:00,IMPS
VIPER-ANOM-18-2,Deepankar Nangia,Dev Batra,9480.0,2026-09-06 20:27:00,UPI
VIPER-ANOM-18-3,Deepankar Nangia,Dev Batra,9239.0,2026-09-10 06:41:00,NEFT
VIPER-ANOM-18-4,Deepankar Nangia,Dev Batra,9046.0,2026-09-04 16:43:00,IMPS
VIPER-ANOM-18-5,Deepankar Nangia,Dev Batra,9507.0,2026-09-03 21:01:00,IMPS
VIPER-ANOM-19-0,Deepankar Grover,Nikhil Malhotra,9633.0,2026-09-06 06:55:00,IMPS
VIPER-ANOM-19-1,Deepankar Grover,Nikhil Malhotra,9511.0,2026-09-09 17:39:00,IMPS
VIPER-ANOM-19-2,Deepankar Grover,Nikhil Malhotra,9786.0,2026-09-02 15:27:00,IMPS
VIPER-ANOM-19-3,Deepankar Grover,Nikhil Malhotra,9178.0,2026-09-06 09:08:00,NEFT
VIPER-ANOM-19-4,Deepankar Grover,Nikhil Malhotra,9299.0,2026-09-09 21:56:00,NEFT
VIPER-ANOM-19-5,Deepankar Grover,Nikhil Malhotra,9261.0,2026-09-06 04:52:00,IMPS
VIPER-ANOM-19-6,Deepankar Grover,Nikhil Malhotra,9330.0,2026-09-03 12:06:00,UPI
VIPER-ANOM-19-7,Deepankar Grover,Nikhil Malhotra,9345.0,2026-09-04 22:15:00,NEFT
VIPER-ANOM-19-8,Deepankar Grover,Nikhil Malhotra,9164.0,2026-09-05 11:38:00,UPI
VIPER-ANOM-19-9,Deepankar Grover,Nikhil Malhotra,10535.0,2026-09-05 17:02:00,IMPS
VIPER-ANOM-19-10,Deepankar Grover,Nikhil Malhotra,9797.0,2026-09-08 14:34:00,IMPS
VIPER-ANOM-19-11,Deepankar Grover,Nikhil Malhotra,9563.0,2026-09-03 02:42:00,NEFT
VIPER-ANOM-20-0,Harsh Grover,Siddharth Chhabra,9906.0,2026-09-05 13:16:00,UPI
VIPER-ANOM-20-1,Harsh Grover,Siddharth Chhabra,10629.0,2026-09-03 22:02:00,IMPS
VIPER-ANOM-20-2,Harsh Grover,Siddharth Chhabra,10346.0,2026-09-04 23:03:00,IMPS
VIPER-ANOM-20-3,Harsh Grover,Siddharth Chhabra,10419.0,2026-09-07 08:14:00,NEFT
VIPER-ANOM-20-4,Harsh Grover,Siddharth Chhabra,9923.0,2026-09-10 02:19:00,NEFT
VIPER-ANOM-20-5,Harsh Grover,Siddharth Chhabra,9647.0,2026-09-08 02:41:00,NEFT
VIPER-ANOM-20-6,Harsh Grover,Siddharth Chhabra,9733.0,2026-09-07 05:10:00,UPI
VIPER-ANOM-20-7,Harsh Grover,Siddharth Chhabra,10021.0,2026-09-06 21:24:00,UPI
VIPER-ANOM-20-8,Harsh Grover,Siddharth Chhabra,9915.0,2026-09-09 10:50:00,NEFT
VIPER-ANOM-20-9,Harsh Grover,Siddharth Chhabra,9417.0,2026-09-04 07:12:00,IMPS
VIPER-ANOM-20-10,Harsh Grover,Siddharth Chhabra,9594.0,2026-09-03 19:41:00,UPI
VIPER-ANOM-20-11,Harsh Grover,Siddharth Chhabra,9359.0,2026-09-08 03:46:00,UPI
VIPER-ANOM-20-12,Harsh Grover,Siddharth Chhabra,9800.0,2026-09-03 13:57:00,IMPS
VIPER-ANOM-20-13,Harsh Grover,Siddharth Chhabra,9347.0,2026-09-03 20:02:00,UPI
VIPER-ANOM-20-14,Harsh Grover,Siddharth Chhabra,9558.0,2026-09-07 21:56:00,UPI
VIPER-ANOM-20-15,Harsh Grover,Siddharth Chhabra,10032.0,2026-09-03 00:12:00,UPI
VIPER-ANOM-20-16,Harsh Grover,Siddharth Chhabra,8733.0,2026-09-04 21:12:00,UPI
BIZ-TXN-1-0,Dev Tiwari,Merchant_1 Store,543.0,2026-09-10 01:00:00,UPI
BIZ-TXN-1-1,Deepankar Aggarwal,Merchant_1 Store,611.0,2026-09-06 22:00:00,UPI
BIZ-TXN-1-2,Pankaj Bhasin,Merchant_1 Store,177.0,2026-09-12 07:00:00,UPI
BIZ-TXN-1-3,Pankaj Gulati,Merchant_1 Store,245.0,2026-09-08 19:00:00,UPI
BIZ-TXN-1-4,Harsh Wadhwa,Merchant_1 Store,751.0,2026-09-10 00:00:00,UPI
BIZ-TXN-1-5,Naveen Sethi,Merchant_1 Store,387.0,2026-09-05 01:00:00,UPI
BIZ-TXN-1-6,Rohan Bhasin,Merchant_1 Store,240.0,2026-09-04 21:00:00,UPI
BIZ-TXN-1-7,Rohan Kapoor,Merchant_1 Store,359.0,2026-09-02 23:00:00,UPI
BIZ-TXN-1-8,Alok Khurana,Merchant_1 Store,248.0,2026-09-12 06:00:00,UPI
BIZ-TXN-1-9,Rohan Batra,Merchant_1 Store,207.0,2026-09-07 02:00:00,UPI
BIZ-TXN-1-10,Yash Nangia,Merchant_1 Store,475.0,2026-09-11 17:00:00,UPI
BIZ-TXN-1-11,Gaurav Grover,Merchant_1 Store,801.0,2026-09-07 23:00:00,UPI
BIZ-TXN-1-12,Farhan Grover,Merchant_1 Store,840.0,2026-09-03 22:00:00,UPI
BIZ-TXN-1-13,Rohan Gulati,Merchant_1 Store,294.0,2026-09-05 04:00:00,UPI
BIZ-TXN-1-14,Yash Nangia,Merchant_1 Store,648.0,2026-09-09 05:00:00,UPI
BIZ-TXN-1-15,Siddharth Nangia,Merchant_1 Store,801.0,2026-09-07 07:00:00,UPI
BIZ-TXN-1-16,Pankaj Singhal,Merchant_1 Store,630.0,2026-09-12 07:00:00,UPI
BIZ-TXN-1-17,Harsh Kapoor,Merchant_1 Store,609.0,2026-09-07 05:00:00,UPI
BIZ-TXN-1-18,Siddharth Gulati,Merchant_1 Store,525.0,2026-09-05 05:00:00,UPI
BIZ-TXN-1-19,Gaurav Kapoor,Merchant_1 Store,288.0,2026-09-05 19:00:00,UPI
BIZ-TXN-1-20,Naveen Kapoor,Merchant_1 Store,452.0,2026-09-09 17:00:00,UPI
BIZ-TXN-1-21,Dev Bansal,Merchant_1 Store,466.0,2026-09-08 21:00:00,UPI
BIZ-TXN-1-22,Kabir Kapoor,Merchant_1 Store,190.0,2026-09-09 00:00:00,UPI
BIZ-TXN-1-23,Pranav Tiwari,Merchant_1 Store,477.0,2026-09-11 22:00:00,UPI
BIZ-TXN-1-24,Tushar Kakkar,Merchant_1 Store,731.0,2026-09-08 07:00:00,UPI
BIZ-TXN-1-25,Gaurav Khurana,Merchant_1 Store,670.0,2026-09-11 05:00:00,UPI
BIZ-TXN-1-26,Pranav Batra,Merchant_1 Store,222.0,2026-09-06 03:00:00,UPI
BIZ-TXN-1-27,Gaurav Bhasin,Merchant_1 Store,206.0,2026-09-07 19:00:00,UPI
BIZ-TXN-1-28,Gaurav Gulati,Merchant_1 Store,796.0,2026-09-02 19:00:00,UPI
BIZ-TXN-1-29,Nikhil Wadhwa,Merchant_1 Store,455.0,2026-09-09 06:00:00,UPI
BIZ-TXN-1-30,Ashish Bansal,Merchant_1 Store,195.0,2026-09-06 20:00:00,UPI
BIZ-TXN-1-31,Pranav Wadhwa,Merchant_1 Store,555.0,2026-09-03 21:00:00,UPI
BIZ-TXN-1-32,Harsh Kakkar,Merchant_1 Store,628.0,2026-09-02 21:00:00,UPI
BIZ-TXN-1-33,Alok Tiwari,Merchant_1 Store,219.0,2026-09-10 04:00:00,UPI
BIZ-TXN-1-34,Tushar Bhasin,Merchant_1 Store,287.0,2026-09-05 19:00:00,UPI
BIZ-TXN-1-35,Naveen Batra,Merchant_1 Store,494.0,2026-09-05 22:00:00,UPI
BIZ-TXN-1-36,Nikhil Tiwari,Merchant_1 Store,284.0,2026-09-11 06:00:00,UPI
BIZ-TXN-1-37,Siddharth Bansal,Merchant_1 Store,497.0,2026-09-02 20:00:00,UPI
BIZ-TXN-1-38,Alok Nangia,Merchant_1 Store,365.0,2026-09-07 02:00:00,UPI
BIZ-TXN-1-39,Naveen Kapoor,Merchant_1 Store,436.0,2026-09-03 20:00:00,UPI
BIZ-TXN-2-0,Ashish Nangia,Merchant_2 Store,732.0,2026-09-10 00:00:00,UPI
BIZ-TXN-2-1,Naveen Sethi,Merchant_2 Store,721.0,2026-09-08 03:00:00,UPI
BIZ-TXN-2-2,Tushar Khurana,Merchant_2 Store,645.0,2026-09-03 23:00:00,UPI
BIZ-TXN-2-3,Farhan Aggarwal,Merchant_2 Store,659.0,2026-09-03 19:00:00,UPI
BIZ-TXN-2-4,Ashish Bhasin,Merchant_2 Store,540.0,2026-09-08 05:00:00,UPI
BIZ-TXN-2-5,Alok Chhabra,Merchant_2 Store,265.0,2026-09-10 07:00:00,UPI
BIZ-TXN-2-6,Vivek Nangia,Merchant_2 Store,325.0,2026-09-03 00:00:00,UPI
BIZ-TXN-2-7,Mayank Grover,Merchant_2 Store,655.0,2026-09-07 02:00:00,UPI
BIZ-TXN-2-8,Dev Kakkar,Merchant_2 Store,828.0,2026-09-03 20:00:00,UPI
BIZ-TXN-2-9,Farhan Bhasin,Merchant_2 Store,352.0,2026-09-11 21:00:00,UPI
BIZ-TXN-2-10,Harsh Wadhwa,Merchant_2 Store,258.0,2026-09-09 04:00:00,UPI
BIZ-TXN-2-11,Mayank Kapoor,Merchant_2 Store,405.0,2026-09-10 19:00:00,UPI
BIZ-TXN-2-12,Yash Kapoor,Merchant_2 Store,283.0,2026-09-03 00:00:00,UPI
BIZ-TXN-2-13,Pranav Aggarwal,Merchant_2 Store,689.0,2026-09-06 02:00:00,UPI
BIZ-TXN-2-14,Alok Khurana,Merchant_2 Store,438.0,2026-09-06 04:00:00,UPI
BIZ-TXN-2-15,Pranav Bansal,Merchant_2 Store,454.0,2026-09-12 07:00:00,UPI
BIZ-TXN-2-16,Yash Chhabra,Merchant_2 Store,282.0,2026-09-10 01:00:00,UPI
BIZ-TXN-2-17,Pankaj Singhal,Merchant_2 Store,347.0,2026-09-05 04:00:00,UPI
BIZ-TXN-2-18,Kabir Chhabra,Merchant_2 Store,639.0,2026-09-06 23:00:00,UPI
BIZ-TXN-2-19,Naveen Batra,Merchant_2 Store,502.0,2026-09-09 04:00:00,UPI
BIZ-TXN-2-20,Ashish Gulati,Merchant_2 Store,465.0,2026-09-04 01:00:00,UPI
BIZ-TXN-2-21,Siddharth Chhabra,Merchant_2 Store,805.0,2026-09-06 21:00:00,UPI
BIZ-TXN-2-22,Deepankar Malhotra,Merchant_2 Store,611.0,2026-09-04 22:00:00,UPI
BIZ-TXN-2-23,Vivek Wadhwa,Merchant_2 Store,320.0,2026-09-12 01:00:00,UPI
BIZ-TXN-2-24,Kabir Gulati,Merchant_2 Store,381.0,2026-09-10 18:00:00,UPI
BIZ-TXN-2-25,Pranav Khurana,Merchant_2 Store,638.0,2026-09-11 20:00:00,UPI
BIZ-TXN-2-26,Pranav Bansal,Merchant_2 Store,333.0,2026-09-07 00:00:00,UPI
BIZ-TXN-2-27,Deepankar Aggarwal,Merchant_2 Store,607.0,2026-09-05 17:00:00,UPI
BIZ-TXN-2-28,Vivek Malhotra,Merchant_2 Store,635.0,2026-09-08 19:00:00,UPI
BIZ-TXN-2-29,Vivek Chhabra,Merchant_2 Store,429.0,2026-09-03 18:00:00,UPI
BIZ-TXN-2-30,Rohan Gulati,Merchant_2 Store,631.0,2026-09-11 05:00:00,UPI
BIZ-TXN-2-31,Pankaj Chhabra,Merchant_2 Store,494.0,2026-09-12 01:00:00,UPI
BIZ-TXN-2-32,Alok Chhabra,Merchant_2 Store,662.0,2026-09-06 23:00:00,UPI
BIZ-TXN-2-33,Farhan Aggarwal,Merchant_2 Store,462.0,2026-09-10 06:00:00,UPI
BIZ-TXN-2-34,Tushar Chhabra,Merchant_2 Store,480.0,2026-09-09 02:00:00,UPI
BIZ-TXN-2-35,Ishaan Bhasin,Merchant_2 Store,775.0,2026-09-04 04:00:00,UPI
BIZ-TXN-2-36,Siddharth Gulati,Merchant_2 Store,676.0,2026-09-09 21:00:00,UPI
BIZ-TXN-2-37,Dev Wadhwa,Merchant_2 Store,834.0,2026-09-06 18:00:00,UPI
BIZ-TXN-2-38,Gaurav Gulati,Merchant_2 Store,581.0,2026-09-03 20:00:00,UPI
BIZ-TXN-2-39,Nikhil Sethi,Merchant_2 Store,370.0,2026-09-10 18:00:00,UPI
BIZ-TXN-3-0,Alok Batra,Merchant_3 Store,559.0,2026-09-03 05:00:00,UPI
BIZ-TXN-3-1,Mayank Sethi,Merchant_3 Store,611.0,2026-09-06 21:00:00,UPI
BIZ-TXN-3-2,Dev Kakkar,Merchant_3 Store,514.0,2026-09-08 21:00:00,UPI
BIZ-TXN-3-3,Rohan Aggarwal,Merchant_3 Store,434.0,2026-09-10 17:00:00,UPI
BIZ-TXN-3-4,Alok Wadhwa,Merchant_3 Store,402.0,2026-09-10 06:00:00,UPI
BIZ-TXN-3-5,Alok Malhotra,Merchant_3 Store,379.0,2026-09-07 18:00:00,UPI
BIZ-TXN-3-6,Bhavya Bansal,Merchant_3 Store,532.0,2026-09-05 03:00:00,UPI
BIZ-TXN-3-7,Gaurav Khurana,Merchant_3 Store,151.0,2026-09-07 20:00:00,UPI
BIZ-TXN-3-8,Bhavya Grover,Merchant_3 Store,185.0,2026-09-05 07:00:00,UPI
BIZ-TXN-3-9,Farhan Wadhwa,Merchant_3 Store,211.0,2026-09-06 21:00:00,UPI
BIZ-TXN-3-10,Mayank Batra,Merchant_3 Store,195.0,2026-09-10 22:00:00,UPI
BIZ-TXN-3-11,Alok Bhasin,Merchant_3 Store,289.0,2026-09-03 05:00:00,UPI
BIZ-TXN-3-12,Siddharth Aggarwal,Merchant_3 Store,805.0,2026-09-03 18:00:00,UPI
BIZ-TXN-3-13,Alok Malhotra,Merchant_3 Store,426.0,2026-09-12 04:00:00,UPI
BIZ-TXN-3-14,Harsh Chhabra,Merchant_3 Store,435.0,2026-09-08 19:00:00,UPI
BIZ-TXN-3-15,Rohan Aggarwal,Merchant_3 Store,829.0,2026-09-12 01:00:00,UPI
BIZ-TXN-3-16,Nikhil Kakkar,Merchant_3 Store,455.0,2026-09-10 17:00:00,UPI
BIZ-TXN-3-17,Dev Malhotra,Merchant_3 Store,552.0,2026-09-10 22:00:00,UPI
BIZ-TXN-3-18,Yash Gulati,Merchant_3 Store,195.0,2026-09-06 19:00:00,UPI
BIZ-TXN-3-19,Bhavya Gulati,Merchant_3 Store,817.0,2026-09-06 01:00:00,UPI
BIZ-TXN-3-20,Naveen Gulati,Merchant_3 Store,687.0,2026-09-08 05:00:00,UPI
BIZ-TXN-3-21,Nikhil Sethi,Merchant_3 Store,655.0,2026-09-04 17:00:00,UPI
BIZ-TXN-3-22,Ashish Nangia,Merchant_3 Store,483.0,2026-09-03 23:00:00,UPI
BIZ-TXN-3-23,Ishaan Kakkar,Merchant_3 Store,353.0,2026-09-03 01:00:00,UPI
BIZ-TXN-3-24,Alok Wadhwa,Merchant_3 Store,381.0,2026-09-06 02:00:00,UPI
BIZ-TXN-3-25,Pranav Singhal,Merchant_3 Store,299.0,2026-09-06 21:00:00,UPI
BIZ-TXN-3-26,Nikhil Tiwari,Merchant_3 Store,317.0,2026-09-06 06:00:00,UPI
BIZ-TXN-3-27,Pranav Bhasin,Merchant_3 Store,681.0,2026-09-04 22:00:00,UPI
BIZ-TXN-3-28,Bhavya Grover,Merchant_3 Store,480.0,2026-09-10 07:00:00,UPI
BIZ-TXN-3-29,Pankaj Kakkar,Merchant_3 Store,544.0,2026-09-08 07:00:00,UPI
BIZ-TXN-3-30,Dev Malhotra,Merchant_3 Store,407.0,2026-09-04 21:00:00,UPI
BIZ-TXN-3-31,Farhan Khurana,Merchant_3 Store,610.0,2026-09-12 02:00:00,UPI
BIZ-TXN-3-32,Kabir Sethi,Merchant_3 Store,713.0,2026-09-07 17:00:00,UPI
BIZ-TXN-3-33,Ishaan Bhasin,Merchant_3 Store,563.0,2026-09-07 04:00:00,UPI
BIZ-TXN-3-34,Deepankar Singhal,Merchant_3 Store,239.0,2026-09-04 21:00:00,UPI
BIZ-TXN-3-35,Gaurav Grover,Merchant_3 Store,592.0,2026-09-03 07:00:00,UPI
BIZ-TXN-3-36,Kabir Aggarwal,Merchant_3 Store,468.0,2026-09-07 04:00:00,UPI
BIZ-TXN-3-37,Dev Kakkar,Merchant_3 Store,162.0,2026-09-11 18:00:00,UPI
BIZ-TXN-3-38,Tushar Khurana,Merchant_3 Store,542.0,2026-09-10 05:00:00,UPI
BIZ-TXN-3-39,Gaurav Bhasin,Merchant_3 Store,158.0,2026-09-07 07:00:00,UPI
BIZ-TXN-4-0,Rohan Batra,Merchant_4 Store,255.0,2026-09-12 06:00:00,UPI
BIZ-TXN-4-1,Dev Wadhwa,Merchant_4 Store,840.0,2026-09-05 00:00:00,UPI
BIZ-TXN-4-2,Pranav Grover,Merchant_4 Store,622.0,2026-09-06 03:00:00,UPI
BIZ-TXN-4-3,Vivek Wadhwa,Merchant_4 Store,413.0,2026-09-11 20:00:00,UPI
BIZ-TXN-4-4,Yash Gulati,Merchant_4 Store,263.0,2026-09-07 00:00:00,UPI
BIZ-TXN-4-5,Bhavya Kapoor,Merchant_4 Store,804.0,2026-09-03 21:00:00,UPI
BIZ-TXN-4-6,Deepankar Bhasin,Merchant_4 Store,236.0,2026-09-08 02:00:00,UPI
BIZ-TXN-4-7,Vivek Malhotra,Merchant_4 Store,355.0,2026-09-08 02:00:00,UPI
BIZ-TXN-4-8,Pranav Bhasin,Merchant_4 Store,225.0,2026-09-10 18:00:00,UPI
BIZ-TXN-4-9,Pranav Grover,Merchant_4 Store,803.0,2026-09-06 02:00:00,UPI
BIZ-TXN-4-10,Ishaan Bhasin,Merchant_4 Store,765.0,2026-09-02 18:00:00,UPI
BIZ-TXN-4-11,Mayank Nangia,Merchant_4 Store,183.0,2026-09-09 01:00:00,UPI
BIZ-TXN-4-12,Bhavya Nangia,Merchant_4 Store,735.0,2026-09-10 03:00:00,UPI
BIZ-TXN-4-13,Yash Kakkar,Merchant_4 Store,542.0,2026-09-04 01:00:00,UPI
BIZ-TXN-4-14,Bhavya Khurana,Merchant_4 Store,769.0,2026-09-11 22:00:00,UPI
BIZ-TXN-4-15,Ashish Gulati,Merchant_4 Store,306.0,2026-09-05 00:00:00,UPI
BIZ-TXN-4-16,Alok Nangia,Merchant_4 Store,835.0,2026-09-08 00:00:00,UPI
BIZ-TXN-4-17,Nikhil Khurana,Merchant_4 Store,194.0,2026-09-05 19:00:00,UPI
BIZ-TXN-4-18,Gaurav Kapoor,Merchant_4 Store,823.0,2026-09-12 01:00:00,UPI
BIZ-TXN-4-19,Nikhil Wadhwa,Merchant_4 Store,603.0,2026-09-06 06:00:00,UPI
BIZ-TXN-4-20,Ashish Bhasin,Merchant_4 Store,656.0,2026-09-06 23:00:00,UPI
BIZ-TXN-4-21,Yash Chhabra,Merchant_4 Store,187.0,2026-09-06 17:00:00,UPI
BIZ-TXN-4-22,Pankaj Gulati,Merchant_4 Store,381.0,2026-09-10 04:00:00,UPI
BIZ-TXN-4-23,Rohan Aggarwal,Merchant_4 Store,212.0,2026-09-04 23:00:00,UPI
BIZ-TXN-4-24,Dev Batra,Merchant_4 Store,609.0,2026-09-06 20:00:00,UPI
BIZ-TXN-4-25,Pranav Nangia,Merchant_4 Store,226.0,2026-09-12 00:00:00,UPI
BIZ-TXN-4-26,Ashish Nangia,Merchant_4 Store,398.0,2026-09-07 03:00:00,UPI
BIZ-TXN-4-27,Bhavya Malhotra,Merchant_4 Store,241.0,2026-09-08 19:00:00,UPI
BIZ-TXN-4-28,Rohan Kapoor,Merchant_4 Store,541.0,2026-09-11 01:00:00,UPI
BIZ-TXN-4-29,Ishaan Sethi,Merchant_4 Store,778.0,2026-09-10 05:00:00,UPI
BIZ-TXN-4-30,Tushar Chhabra,Merchant_4 Store,643.0,2026-09-12 01:00:00,UPI
BIZ-TXN-4-31,Vivek Gulati,Merchant_4 Store,188.0,2026-09-09 03:00:00,UPI
BIZ-TXN-4-32,Mayank Batra,Merchant_4 Store,152.0,2026-09-06 05:00:00,UPI
BIZ-TXN-4-33,Tushar Bansal,Merchant_4 Store,778.0,2026-09-09 01:00:00,UPI
BIZ-TXN-4-34,Ashish Wadhwa,Merchant_4 Store,470.0,2026-09-05 05:00:00,UPI
BIZ-TXN-4-35,Pranav Khurana,Merchant_4 Store,583.0,2026-09-05 05:00:00,UPI
BIZ-TXN-4-36,Pranav Batra,Merchant_4 Store,485.0,2026-09-06 06:00:00,UPI
BIZ-TXN-4-37,Dev Nangia,Merchant_4 Store,368.0,2026-09-09 19:00:00,UPI
BIZ-TXN-4-38,Mayank Chhabra,Merchant_4 Store,654.0,2026-09-07 03:00:00,UPI
BIZ-TXN-4-39,Siddharth Chhabra,Merchant_4 Store,254.0,2026-09-11 04:00:00,UPI
BIZ-TXN-5-0,Tushar Grover,Merchant_5 Store,723.0,2026-09-07 19:00:00,UPI
BIZ-TXN-5-1,Alok Bhasin,Merchant_5 Store,560.0,2026-09-03 07:00:00,UPI
BIZ-TXN-5-2,Harsh Bhasin,Merchant_5 Store,376.0,2026-09-06 18:00:00,UPI
BIZ-TXN-5-3,Yash Nangia,Merchant_5 Store,617.0,2026-09-08 00:00:00,UPI
BIZ-TXN-5-4,Siddharth Gulati,Merchant_5 Store,514.0,2026-09-10 03:00:00,UPI
BIZ-TXN-5-5,Harsh Khurana,Merchant_5 Store,821.0,2026-09-07 06:00:00,UPI
BIZ-TXN-5-6,Deepankar Singhal,Merchant_5 Store,606.0,2026-09-06 18:00:00,UPI
BIZ-TXN-5-7,Vivek Chhabra,Merchant_5 Store,421.0,2026-09-10 07:00:00,UPI
BIZ-TXN-5-8,Mayank Chhabra,Merchant_5 Store,470.0,2026-09-10 20:00:00,UPI
BIZ-TXN-5-9,Vivek Wadhwa,Merchant_5 Store,356.0,2026-09-10 01:00:00,UPI
BIZ-TXN-5-10,Pranav Aggarwal,Merchant_5 Store,731.0,2026-09-07 23:00:00,UPI
BIZ-TXN-5-11,Farhan Wadhwa,Merchant_5 Store,708.0,2026-09-06 07:00:00,UPI
BIZ-TXN-5-12,Yash Tiwari,Merchant_5 Store,283.0,2026-09-10 02:00:00,UPI
BIZ-TXN-5-13,Bhavya Malhotra,Merchant_5 Store,309.0,2026-09-05 06:00:00,UPI
BIZ-TXN-5-14,Kabir Gulati,Merchant_5 Store,807.0,2026-09-10 21:00:00,UPI
BIZ-TXN-5-15,Mayank Kapoor,Merchant_5 Store,292.0,2026-09-09 20:00:00,UPI
BIZ-TXN-5-16,Harsh Sethi,Merchant_5 Store,594.0,2026-09-12 03:00:00,UPI
BIZ-TXN-5-17,Pranav Chhabra,Merchant_5 Store,194.0,2026-09-05 02:00:00,UPI
BIZ-TXN-5-18,Farhan Tiwari,Merchant_5 Store,472.0,2026-09-11 03:00:00,UPI
BIZ-TXN-5-19,Bhavya Gulati,Merchant_5 Store,164.0,2026-09-07 07:00:00,UPI
BIZ-TXN-5-20,Alok Khurana,Merchant_5 Store,819.0,2026-09-05 07:00:00,UPI
BIZ-TXN-5-21,Alok Bhasin,Merchant_5 Store,745.0,2026-09-11 19:00:00,UPI
BIZ-TXN-5-22,Dev Wadhwa,Merchant_5 Store,670.0,2026-09-11 05:00:00,UPI
BIZ-TXN-5-23,Gaurav Bhasin,Merchant_5 Store,582.0,2026-09-10 00:00:00,UPI
BIZ-TXN-5-24,Nikhil Kakkar,Merchant_5 Store,296.0,2026-09-11 01:00:00,UPI
BIZ-TXN-5-25,Yash Kapoor,Merchant_5 Store,836.0,2026-09-06 23:00:00,UPI
BIZ-TXN-5-26,Kabir Chhabra,Merchant_5 Store,161.0,2026-09-11 04:00:00,UPI
BIZ-TXN-5-27,Deepankar Sethi,Merchant_5 Store,529.0,2026-09-06 17:00:00,UPI
BIZ-TXN-5-28,Pranav Khurana,Merchant_5 Store,529.0,2026-09-05 21:00:00,UPI
BIZ-TXN-5-29,Vivek Bhasin,Merchant_5 Store,360.0,2026-09-06 22:00:00,UPI
BIZ-TXN-5-30,Farhan Aggarwal,Merchant_5 Store,626.0,2026-09-10 01:00:00,UPI
BIZ-TXN-5-31,Siddharth Bansal,Merchant_5 Store,238.0,2026-09-03 17:00:00,UPI
BIZ-TXN-5-32,Siddharth Singhal,Merchant_5 Store,590.0,2026-09-07 23:00:00,UPI
BIZ-TXN-5-33,Siddharth Aggarwal,Merchant_5 Store,435.0,2026-09-10 17:00:00,UPI
BIZ-TXN-5-34,Tushar Bansal,Merchant_5 Store,462.0,2026-09-04 05:00:00,UPI
BIZ-TXN-5-35,Gaurav Gulati,Merchant_5 Store,175.0,2026-09-04 18:00:00,UPI
BIZ-TXN-5-36,Alok Batra,Merchant_5 Store,399.0,2026-09-04 02:00:00,UPI
BIZ-TXN-5-37,Mayank Gulati,Merchant_5 Store,770.0,2026-09-08 21:00:00,UPI
BIZ-TXN-5-38,Harsh Bhasin,Merchant_5 Store,732.0,2026-09-10 04:00:00,UPI
BIZ-TXN-5-39,Pankaj Sethi,Merchant_5 Store,459.0,2026-09-08 23:00:00,UPI
BIZ-TXN-6-0,Bhavya Chhabra,Merchant_6 Store,528.0,2026-09-08 02:00:00,UPI
BIZ-TXN-6-1,Farhan Khurana,Merchant_6 Store,427.0,2026-09-07 23:00:00,UPI
BIZ-TXN-6-2,Pankaj Gulati,Merchant_6 Store,707.0,2026-09-12 05:00:00,UPI
BIZ-TXN-6-3,Deepankar Singhal,Merchant_6 Store,616.0,2026-09-05 02:00:00,UPI
BIZ-TXN-6-4,Ashish Wadhwa,Merchant_6 Store,455.0,2026-09-03 17:00:00,UPI
BIZ-TXN-6-5,Alok Bhasin,Merchant_6 Store,578.0,2026-09-09 07:00:00,UPI
BIZ-TXN-6-6,Harsh Chhabra,Merchant_6 Store,599.0,2026-09-06 02:00:00,UPI
BIZ-TXN-6-7,Harsh Tiwari,Merchant_6 Store,279.0,2026-09-08 06:00:00,UPI
BIZ-TXN-6-8,Pankaj Wadhwa,Merchant_6 Store,706.0,2026-09-05 18:00:00,UPI
BIZ-TXN-6-9,Pankaj Kakkar,Merchant_6 Store,413.0,2026-09-03 06:00:00,UPI
BIZ-TXN-6-10,Rohan Aggarwal,Merchant_6 Store,667.0,2026-09-09 04:00:00,UPI
BIZ-TXN-6-11,Pranav Batra,Merchant_6 Store,604.0,2026-09-06 23:00:00,UPI
BIZ-TXN-6-12,Harsh Kakkar,Merchant_6 Store,483.0,2026-09-05 23:00:00,UPI
BIZ-TXN-6-13,Alok Tiwari,Merchant_6 Store,466.0,2026-09-08 06:00:00,UPI
BIZ-TXN-6-14,Alok Nangia,Merchant_6 Store,840.0,2026-09-06 02:00:00,UPI
BIZ-TXN-6-15,Dev Kapoor,Merchant_6 Store,619.0,2026-09-06 17:00:00,UPI
BIZ-TXN-6-16,Dev Malhotra,Merchant_6 Store,248.0,2026-09-05 21:00:00,UPI
BIZ-TXN-6-17,Kabir Batra,Merchant_6 Store,214.0,2026-09-09 05:00:00,UPI
BIZ-TXN-6-18,Pranav Khurana,Merchant_6 Store,156.0,2026-09-04 20:00:00,UPI
BIZ-TXN-6-19,Naveen Sethi,Merchant_6 Store,408.0,2026-09-12 03:00:00,UPI
BIZ-TXN-6-20,Dev Malhotra,Merchant_6 Store,462.0,2026-09-09 01:00:00,UPI
BIZ-TXN-6-21,Alok Nangia,Merchant_6 Store,466.0,2026-09-07 18:00:00,UPI
BIZ-TXN-6-22,Yash Kapoor,Merchant_6 Store,264.0,2026-09-04 21:00:00,UPI
BIZ-TXN-6-23,Pranav Sethi,Merchant_6 Store,202.0,2026-09-06 18:00:00,UPI
BIZ-TXN-6-24,Tushar Singhal,Merchant_6 Store,666.0,2026-09-12 05:00:00,UPI
BIZ-TXN-6-25,Mayank Bansal,Merchant_6 Store,842.0,2026-09-09 18:00:00,UPI
BIZ-TXN-6-26,Vivek Wadhwa,Merchant_6 Store,475.0,2026-09-12 01:00:00,UPI
BIZ-TXN-6-27,Nikhil Kakkar,Merchant_6 Store,655.0,2026-09-06 03:00:00,UPI
BIZ-TXN-6-28,Pranav Khurana,Merchant_6 Store,401.0,2026-09-12 02:00:00,UPI
BIZ-TXN-6-29,Pankaj Malhotra,Merchant_6 Store,654.0,2026-09-10 22:00:00,UPI
BIZ-TXN-6-30,Ishaan Tiwari,Merchant_6 Store,507.0,2026-09-11 00:00:00,UPI
BIZ-TXN-6-31,Tushar Grover,Merchant_6 Store,819.0,2026-09-04 01:00:00,UPI
BIZ-TXN-6-32,Pranav Grover,Merchant_6 Store,166.0,2026-09-03 18:00:00,UPI
BIZ-TXN-6-33,Yash Gulati,Merchant_6 Store,363.0,2026-09-06 17:00:00,UPI
BIZ-TXN-6-34,Mayank Kapoor,Merchant_6 Store,755.0,2026-09-10 04:00:00,UPI
BIZ-TXN-6-35,Rohan Aggarwal,Merchant_6 Store,225.0,2026-09-05 23:00:00,UPI
BIZ-TXN-6-36,Rohan Batra,Merchant_6 Store,844.0,2026-09-08 22:00:00,UPI
BIZ-TXN-6-37,Rohan Kapoor,Merchant_6 Store,163.0,2026-09-10 00:00:00,UPI
BIZ-TXN-6-38,Naveen Khurana,Merchant_6 Store,815.0,2026-09-04 17:00:00,UPI
BIZ-TXN-6-39,Vivek Malhotra,Merchant_6 Store,711.0,2026-09-08 18:00:00,UPI
BIZ-TXN-7-0,Bhavya Gulati,Merchant_7 Store,573.0,2026-09-11 04:00:00,UPI
BIZ-TXN-7-1,Kabir Batra,Merchant_7 Store,696.0,2026-09-10 19:00:00,UPI
BIZ-TXN-7-2,Vivek Bansal,Merchant_7 Store,472.0,2026-09-10 20:00:00,UPI
BIZ-TXN-7-3,Pankaj Kakkar,Merchant_7 Store,713.0,2026-09-04 19:00:00,UPI
BIZ-TXN-7-4,Rohan Bansal,Merchant_7 Store,173.0,2026-09-03 00:00:00,UPI
BIZ-TXN-7-5,Bhavya Aggarwal,Merchant_7 Store,518.0,2026-09-11 23:00:00,UPI
BIZ-TXN-7-6,Tushar Singhal,Merchant_7 Store,411.0,2026-09-02 20:00:00,UPI
BIZ-TXN-7-7,Pranav Batra,Merchant_7 Store,734.0,2026-09-04 17:00:00,UPI
BIZ-TXN-7-8,Nikhil Kakkar,Merchant_7 Store,329.0,2026-09-05 17:00:00,UPI
BIZ-TXN-7-9,Naveen Wadhwa,Merchant_7 Store,625.0,2026-09-07 04:00:00,UPI
BIZ-TXN-7-10,Tushar Aggarwal,Merchant_7 Store,449.0,2026-09-10 21:00:00,UPI
BIZ-TXN-7-11,Siddharth Nangia,Merchant_7 Store,160.0,2026-09-05 23:00:00,UPI
BIZ-TXN-7-12,Naveen Kapoor,Merchant_7 Store,561.0,2026-09-02 21:00:00,UPI
BIZ-TXN-7-13,Alok Chhabra,Merchant_7 Store,477.0,2026-09-10 23:00:00,UPI
BIZ-TXN-7-14,Farhan Aggarwal,Merchant_7 Store,724.0,2026-09-10 19:00:00,UPI
BIZ-TXN-7-15,Siddharth Chhabra,Merchant_7 Store,479.0,2026-09-05 02:00:00,UPI
BIZ-TXN-7-16,Naveen Malhotra,Merchant_7 Store,764.0,2026-09-03 03:00:00,UPI
BIZ-TXN-7-17,Nikhil Tiwari,Merchant_7 Store,321.0,2026-09-09 01:00:00,UPI
BIZ-TXN-7-18,Farhan Kapoor,Merchant_7 Store,236.0,2026-09-08 03:00:00,UPI
BIZ-TXN-7-19,Tushar Khurana,Merchant_7 Store,715.0,2026-09-06 20:00:00,UPI
BIZ-TXN-7-20,Pankaj Aggarwal,Merchant_7 Store,180.0,2026-09-04 22:00:00,UPI
BIZ-TXN-7-21,Alok Chhabra,Merchant_7 Store,446.0,2026-09-09 02:00:00,UPI
BIZ-TXN-7-22,Alok Khurana,Merchant_7 Store,241.0,2026-09-10 03:00:00,UPI
BIZ-TXN-7-23,Kabir Chhabra,Merchant_7 Store,301.0,2026-09-02 23:00:00,UPI
BIZ-TXN-7-24,Tushar Kapoor,Merchant_7 Store,677.0,2026-09-05 07:00:00,UPI
BIZ-TXN-7-25,Vivek Bansal,Merchant_7 Store,678.0,2026-09-05 20:00:00,UPI
BIZ-TXN-7-26,Siddharth Bansal,Merchant_7 Store,771.0,2026-09-10 00:00:00,UPI
BIZ-TXN-7-27,Pankaj Aggarwal,Merchant_7 Store,599.0,2026-09-08 07:00:00,UPI
BIZ-TXN-7-28,Tushar Grover,Merchant_7 Store,482.0,2026-09-07 23:00:00,UPI
BIZ-TXN-7-29,Alok Bhasin,Merchant_7 Store,672.0,2026-09-04 17:00:00,UPI
BIZ-TXN-7-30,Yash Sethi,Merchant_7 Store,424.0,2026-09-04 05:00:00,UPI
BIZ-TXN-7-31,Kabir Bansal,Merchant_7 Store,420.0,2026-09-12 04:00:00,UPI
BIZ-TXN-7-32,Naveen Kakkar,Merchant_7 Store,568.0,2026-09-03 03:00:00,UPI
BIZ-TXN-7-33,Pankaj Kakkar,Merchant_7 Store,315.0,2026-09-11 03:00:00,UPI
BIZ-TXN-7-34,Deepankar Tiwari,Merchant_7 Store,300.0,2026-09-04 01:00:00,UPI
BIZ-TXN-7-35,Ishaan Aggarwal,Merchant_7 Store,425.0,2026-09-11 04:00:00,UPI
BIZ-TXN-7-36,Kabir Singhal,Merchant_7 Store,510.0,2026-09-10 20:00:00,UPI
BIZ-TXN-7-37,Siddharth Aggarwal,Merchant_7 Store,218.0,2026-09-03 07:00:00,UPI
BIZ-TXN-7-38,Ashish Kakkar,Merchant_7 Store,233.0,2026-09-10 04:00:00,UPI
BIZ-TXN-7-39,Mayank Grover,Merchant_7 Store,598.0,2026-09-11 17:00:00,UPI
BIZ-TXN-8-0,Dev Bhasin,Merchant_8 Store,819.0,2026-09-11 04:00:00,UPI
BIZ-TXN-8-1,Harsh Khurana,Merchant_8 Store,550.0,2026-09-08 07:00:00,UPI
BIZ-TXN-8-2,Vivek Bhasin,Merchant_8 Store,203.0,2026-09-10 00:00:00,UPI
BIZ-TXN-8-3,Harsh Khurana,Merchant_8 Store,396.0,2026-09-04 00:00:00,UPI
BIZ-TXN-8-4,Vivek Malhotra,Merchant_8 Store,775.0,2026-09-03 06:00:00,UPI
BIZ-TXN-8-5,Pranav Kapoor,Merchant_8 Store,530.0,2026-09-11 07:00:00,UPI
BIZ-TXN-8-6,Kabir Kakkar,Merchant_8 Store,499.0,2026-09-08 01:00:00,UPI
BIZ-TXN-8-7,Tushar Singhal,Merchant_8 Store,675.0,2026-09-02 17:00:00,UPI
BIZ-TXN-8-8,Dev Batra,Merchant_8 Store,715.0,2026-09-05 05:00:00,UPI
BIZ-TXN-8-9,Dev Kapoor,Merchant_8 Store,759.0,2026-09-09 21:00:00,UPI
BIZ-TXN-8-10,Tushar Grover,Merchant_8 Store,448.0,2026-09-08 03:00:00,UPI
BIZ-TXN-8-11,Harsh Kapoor,Merchant_8 Store,809.0,2026-09-04 17:00:00,UPI
BIZ-TXN-8-12,Vivek Wadhwa,Merchant_8 Store,533.0,2026-09-04 05:00:00,UPI
BIZ-TXN-8-13,Siddharth Aggarwal,Merchant_8 Store,725.0,2026-09-07 00:00:00,UPI
BIZ-TXN-8-14,Dev Bansal,Merchant_8 Store,236.0,2026-09-06 19:00:00,UPI
BIZ-TXN-8-15,Vivek Chhabra,Merchant_8 Store,800.0,2026-09-04 04:00:00,UPI
BIZ-TXN-8-16,Vivek Nangia,Merchant_8 Store,200.0,2026-09-09 17:00:00,UPI
BIZ-TXN-8-17,Vivek Chhabra,Merchant_8 Store,800.0,2026-09-11 04:00:00,UPI
BIZ-TXN-8-18,Yash Kakkar,Merchant_8 Store,664.0,2026-09-05 17:00:00,UPI
BIZ-TXN-8-19,Vivek Nangia,Merchant_8 Store,606.0,2026-09-10 18:00:00,UPI
BIZ-TXN-8-20,Vivek Wadhwa,Merchant_8 Store,405.0,2026-09-05 18:00:00,UPI
BIZ-TXN-8-21,Alok Wadhwa,Merchant_8 Store,769.0,2026-09-04 05:00:00,UPI
BIZ-TXN-8-22,Kabir Singhal,Merchant_8 Store,651.0,2026-09-09 21:00:00,UPI
BIZ-TXN-8-23,Tushar Bansal,Merchant_8 Store,436.0,2026-09-09 07:00:00,UPI
BIZ-TXN-8-24,Pankaj Aggarwal,Merchant_8 Store,415.0,2026-09-06 18:00:00,UPI
BIZ-TXN-8-25,Deepankar Bansal,Merchant_8 Store,774.0,2026-09-08 02:00:00,UPI
BIZ-TXN-8-26,Naveen Kapoor,Merchant_8 Store,281.0,2026-09-05 20:00:00,UPI
BIZ-TXN-8-27,Dev Tiwari,Merchant_8 Store,383.0,2026-09-06 07:00:00,UPI
BIZ-TXN-8-28,Kabir Gulati,Merchant_8 Store,489.0,2026-09-09 07:00:00,UPI
BIZ-TXN-8-29,Pankaj Singhal,Merchant_8 Store,574.0,2026-09-07 20:00:00,UPI
BIZ-TXN-8-30,Siddharth Nangia,Merchant_8 Store,180.0,2026-09-08 06:00:00,UPI
BIZ-TXN-8-31,Yash Tiwari,Merchant_8 Store,672.0,2026-09-03 03:00:00,UPI
BIZ-TXN-8-32,Nikhil Tiwari,Merchant_8 Store,683.0,2026-09-06 01:00:00,UPI
BIZ-TXN-8-33,Siddharth Gulati,Merchant_8 Store,476.0,2026-09-11 04:00:00,UPI
BIZ-TXN-8-34,Kabir Chhabra,Merchant_8 Store,453.0,2026-09-03 06:00:00,UPI
BIZ-TXN-8-35,Gaurav Gulati,Merchant_8 Store,428.0,2026-09-08 17:00:00,UPI
BIZ-TXN-8-36,Pankaj Wadhwa,Merchant_8 Store,630.0,2026-09-03 06:00:00,UPI
BIZ-TXN-8-37,Bhavya Aggarwal,Merchant_8 Store,819.0,2026-09-09 20:00:00,UPI
BIZ-TXN-8-38,Pranav Bansal,Merchant_8 Store,407.0,2026-09-05 03:00:00,UPI
BIZ-TXN-8-39,Mayank Nangia,Merchant_8 Store,240.0,2026-09-11 21:00:00,UPI
BIZ-TXN-9-0,Nikhil Wadhwa,Merchant_9 Store,844.0,2026-09-10 04:00:00,UPI
BIZ-TXN-9-1,Alok Chhabra,Merchant_9 Store,170.0,2026-09-09 04:00:00,UPI
BIZ-TXN-9-2,Alok Batra,Merchant_9 Store,591.0,2026-09-04 04:00:00,UPI
BIZ-TXN-9-3,Naveen Gulati,Merchant_9 Store,204.0,2026-09-08 17:00:00,UPI
BIZ-TXN-9-4,Farhan Bhasin,Merchant_9 Store,729.0,2026-09-09 20:00:00,UPI
BIZ-TXN-9-5,Alok Kapoor,Merchant_9 Store,152.0,2026-09-09 07:00:00,UPI
BIZ-TXN-9-6,Yash Tiwari,Merchant_9 Store,558.0,2026-09-08 04:00:00,UPI
BIZ-TXN-9-7,Vivek Singhal,Merchant_9 Store,782.0,2026-09-11 00:00:00,UPI
BIZ-TXN-9-8,Naveen Batra,Merchant_9 Store,653.0,2026-09-05 17:00:00,UPI
BIZ-TXN-9-9,Rohan Bansal,Merchant_9 Store,763.0,2026-09-09 23:00:00,UPI
BIZ-TXN-9-10,Dev Kapoor,Merchant_9 Store,492.0,2026-09-04 06:00:00,UPI
BIZ-TXN-9-11,Pranav Sethi,Merchant_9 Store,657.0,2026-09-04 00:00:00,UPI
BIZ-TXN-9-12,Dev Malhotra,Merchant_9 Store,682.0,2026-09-11 00:00:00,UPI
BIZ-TXN-9-13,Yash Khurana,Merchant_9 Store,681.0,2026-09-05 18:00:00,UPI
BIZ-TXN-9-14,Gaurav Khurana,Merchant_9 Store,733.0,2026-09-03 00:00:00,UPI
BIZ-TXN-9-15,Mayank Nangia,Merchant_9 Store,635.0,2026-09-02 20:00:00,UPI
BIZ-TXN-9-16,Kabir Singhal,Merchant_9 Store,815.0,2026-09-07 18:00:00,UPI
BIZ-TXN-9-17,Farhan Tiwari,Merchant_9 Store,268.0,2026-09-05 07:00:00,UPI
BIZ-TXN-9-18,Gaurav Bhasin,Merchant_9 Store,714.0,2026-09-09 00:00:00,UPI
BIZ-TXN-9-19,Bhavya Singhal,Merchant_9 Store,447.0,2026-09-05 21:00:00,UPI
BIZ-TXN-9-20,Siddharth Singhal,Merchant_9 Store,178.0,2026-09-05 04:00:00,UPI
BIZ-TXN-9-21,Mayank Wadhwa,Merchant_9 Store,770.0,2026-09-11 01:00:00,UPI
BIZ-TXN-9-22,Dev Nangia,Merchant_9 Store,354.0,2026-09-10 18:00:00,UPI
BIZ-TXN-9-23,Gaurav Wadhwa,Merchant_9 Store,646.0,2026-09-05 19:00:00,UPI
BIZ-TXN-9-24,Dev Nangia,Merchant_9 Store,680.0,2026-09-08 18:00:00,UPI
BIZ-TXN-9-25,Rohan Batra,Merchant_9 Store,638.0,2026-09-05 19:00:00,UPI
BIZ-TXN-9-26,Kabir Batra,Merchant_9 Store,714.0,2026-09-04 05:00:00,UPI
BIZ-TXN-9-27,Vivek Batra,Merchant_9 Store,167.0,2026-09-07 17:00:00,UPI
BIZ-TXN-9-28,Pankaj Kakkar,Merchant_9 Store,664.0,2026-09-07 23:00:00,UPI
BIZ-TXN-9-29,Naveen Khurana,Merchant_9 Store,208.0,2026-09-08 18:00:00,UPI
BIZ-TXN-9-30,Vivek Sethi,Merchant_9 Store,328.0,2026-09-03 18:00:00,UPI
BIZ-TXN-9-31,Kabir Singhal,Merchant_9 Store,777.0,2026-09-09 17:00:00,UPI
BIZ-TXN-9-32,Pranav Sethi,Merchant_9 Store,366.0,2026-09-12 07:00:00,UPI
BIZ-TXN-9-33,Farhan Kapoor,Merchant_9 Store,770.0,2026-09-08 02:00:00,UPI
BIZ-TXN-9-34,Dev Bhasin,Merchant_9 Store,617.0,2026-09-10 00:00:00,UPI
BIZ-TXN-9-35,Ashish Gulati,Merchant_9 Store,423.0,2026-09-04 01:00:00,UPI
BIZ-TXN-9-36,Dev Batra,Merchant_9 Store,620.0,2026-09-08 21:00:00,UPI
BIZ-TXN-9-37,Deepankar Aggarwal,Merchant_9 Store,234.0,2026-09-06 00:00:00,UPI
BIZ-TXN-9-38,Pranav Aggarwal,Merchant_9 Store,623.0,2026-09-07 22:00:00,UPI
BIZ-TXN-9-39,Ashish Nangia,Merchant_9 Store,531.0,2026-09-07 17:00:00,UPI
BIZ-TXN-10-0,Gaurav Wadhwa,Merchant_10 Store,559.0,2026-09-06 07:00:00,UPI
BIZ-TXN-10-1,Naveen Wadhwa,Merchant_10 Store,639.0,2026-09-06 22:00:00,UPI
BIZ-TXN-10-2,Farhan Wadhwa,Merchant_10 Store,235.0,2026-09-11 18:00:00,UPI
BIZ-TXN-10-3,Ishaan Kakkar,Merchant_10 Store,672.0,2026-09-05 02:00:00,UPI
BIZ-TXN-10-4,Mayank Bhasin,Merchant_10 Store,595.0,2026-09-03 07:00:00,UPI
BIZ-TXN-10-5,Ashish Bhasin,Merchant_10 Store,555.0,2026-09-04 23:00:00,UPI
BIZ-TXN-10-6,Dev Bhasin,Merchant_10 Store,265.0,2026-09-09 23:00:00,UPI
BIZ-TXN-10-7,Alok Wadhwa,Merchant_10 Store,513.0,2026-09-04 21:00:00,UPI
BIZ-TXN-10-8,Vivek Nangia,Merchant_10 Store,604.0,2026-09-04 17:00:00,UPI
BIZ-TXN-10-9,Nikhil Grover,Merchant_10 Store,432.0,2026-09-12 01:00:00,UPI
BIZ-TXN-10-10,Tushar Chhabra,Merchant_10 Store,245.0,2026-09-02 20:00:00,UPI
BIZ-TXN-10-11,Bhavya Bansal,Merchant_10 Store,669.0,2026-09-06 05:00:00,UPI
BIZ-TXN-10-12,Yash Chhabra,Merchant_10 Store,237.0,2026-09-03 21:00:00,UPI
BIZ-TXN-10-13,Naveen Batra,Merchant_10 Store,540.0,2026-09-08 17:00:00,UPI
BIZ-TXN-10-14,Bhavya Singhal,Merchant_10 Store,270.0,2026-09-12 00:00:00,UPI
BIZ-TXN-10-15,Ishaan Malhotra,Merchant_10 Store,617.0,2026-09-12 06:00:00,UPI
BIZ-TXN-10-16,Farhan Tiwari,Merchant_10 Store,528.0,2026-09-07 03:00:00,UPI
BIZ-TXN-10-17,Nikhil Bhasin,Merchant_10 Store,281.0,2026-09-03 07:00:00,UPI
BIZ-TXN-10-18,Naveen Sethi,Merchant_10 Store,212.0,2026-09-02 22:00:00,UPI
BIZ-TXN-10-19,Yash Khurana,Merchant_10 Store,382.0,2026-09-03 06:00:00,UPI
BIZ-TXN-10-20,Gaurav Grover,Merchant_10 Store,513.0,2026-09-11 22:00:00,UPI
BIZ-TXN-10-21,Vivek Chhabra,Merchant_10 Store,171.0,2026-09-10 04:00:00,UPI
BIZ-TXN-10-22,Vivek Gulati,Merchant_10 Store,768.0,2026-09-03 01:00:00,UPI
BIZ-TXN-10-23,Ishaan Sethi,Merchant_10 Store,159.0,2026-09-04 01:00:00,UPI
BIZ-TXN-10-24,Ishaan Sethi,Merchant_10 Store,337.0,2026-09-07 22:00:00,UPI
BIZ-TXN-10-25,Pranav Chhabra,Merchant_10 Store,322.0,2026-09-06 23:00:00,UPI
BIZ-TXN-10-26,Naveen Khurana,Merchant_10 Store,703.0,2026-09-03 22:00:00,UPI
BIZ-TXN-10-27,Naveen Malhotra,Merchant_10 Store,426.0,2026-09-03 00:00:00,UPI
BIZ-TXN-10-28,Tushar Batra,Merchant_10 Store,350.0,2026-09-06 02:00:00,UPI
BIZ-TXN-10-29,Kabir Bansal,Merchant_10 Store,503.0,2026-09-09 23:00:00,UPI
BIZ-TXN-10-30,Bhavya Grover,Merchant_10 Store,763.0,2026-09-10 03:00:00,UPI
BIZ-TXN-10-31,Deepankar Malhotra,Merchant_10 Store,498.0,2026-09-07 07:00:00,UPI
BIZ-TXN-10-32,Dev Malhotra,Merchant_10 Store,194.0,2026-09-09 23:00:00,UPI
BIZ-TXN-10-33,Vivek Batra,Merchant_10 Store,824.0,2026-09-11 20:00:00,UPI
BIZ-TXN-10-34,Ishaan Kakkar,Merchant_10 Store,745.0,2026-09-06 01:00:00,UPI
BIZ-TXN-10-35,Farhan Aggarwal,Merchant_10 Store,467.0,2026-09-07 21:00:00,UPI
BIZ-TXN-10-36,Gaurav Sethi,Merchant_10 Store,662.0,2026-09-08 17:00:00,UPI
BIZ-TXN-10-37,Dev Malhotra,Merchant_10 Store,318.0,2026-09-07 07:00:00,UPI
BIZ-TXN-10-38,Tushar Khurana,Merchant_10 Store,513.0,2026-09-08 17:00:00,UPI
BIZ-TXN-10-39,Dev Bansal,Merchant_10 Store,218.0,2026-09-07 06:00:00,UPI
BIZ-TXN-11-0,Mayank Chhabra,Merchant_11 Store,214.0,2026-09-07 01:00:00,UPI
BIZ-TXN-11-1,Farhan Khurana,Merchant_11 Store,792.0,2026-09-11 21:00:00,UPI
BIZ-TXN-11-2,Farhan Tiwari,Merchant_11 Store,553.0,2026-09-07 04:00:00,UPI
BIZ-TXN-11-3,Farhan Sethi,Merchant_11 Store,822.0,2026-09-11 21:00:00,UPI
BIZ-TXN-11-4,Farhan Aggarwal,Merchant_11 Store,653.0,2026-09-06 06:00:00,UPI
BIZ-TXN-11-5,Bhavya Bansal,Merchant_11 Store,750.0,2026-09-07 18:00:00,UPI
BIZ-TXN-11-6,Alok Khurana,Merchant_11 Store,423.0,2026-09-06 21:00:00,UPI
BIZ-TXN-11-7,Alok Malhotra,Merchant_11 Store,675.0,2026-09-03 00:00:00,UPI
BIZ-TXN-11-8,Alok Kapoor,Merchant_11 Store,543.0,2026-09-07 17:00:00,UPI
BIZ-TXN-11-9,Mayank Bansal,Merchant_11 Store,326.0,2026-09-02 21:00:00,UPI
BIZ-TXN-11-10,Farhan Grover,Merchant_11 Store,774.0,2026-09-10 06:00:00,UPI
BIZ-TXN-11-11,Tushar Bhasin,Merchant_11 Store,792.0,2026-09-03 06:00:00,UPI
BIZ-TXN-11-12,Siddharth Malhotra,Merchant_11 Store,716.0,2026-09-11 17:00:00,UPI
BIZ-TXN-11-13,Tushar Khurana,Merchant_11 Store,746.0,2026-09-11 02:00:00,UPI
BIZ-TXN-11-14,Farhan Sethi,Merchant_11 Store,551.0,2026-09-05 23:00:00,UPI
BIZ-TXN-11-15,Tushar Bansal,Merchant_11 Store,842.0,2026-09-09 07:00:00,UPI
BIZ-TXN-11-16,Farhan Bhasin,Merchant_11 Store,630.0,2026-09-05 23:00:00,UPI
BIZ-TXN-11-17,Deepankar Malhotra,Merchant_11 Store,730.0,2026-09-10 21:00:00,UPI
BIZ-TXN-11-18,Tushar Grover,Merchant_11 Store,436.0,2026-09-08 22:00:00,UPI
BIZ-TXN-11-19,Farhan Khurana,Merchant_11 Store,676.0,2026-09-02 18:00:00,UPI
BIZ-TXN-11-20,Gaurav Sethi,Merchant_11 Store,192.0,2026-09-02 21:00:00,UPI
BIZ-TXN-11-21,Dev Wadhwa,Merchant_11 Store,405.0,2026-09-07 22:00:00,UPI
BIZ-TXN-11-22,Farhan Bhasin,Merchant_11 Store,582.0,2026-09-09 06:00:00,UPI
BIZ-TXN-11-23,Ashish Bhasin,Merchant_11 Store,710.0,2026-09-03 06:00:00,UPI
BIZ-TXN-11-24,Ashish Bhasin,Merchant_11 Store,318.0,2026-09-06 01:00:00,UPI
BIZ-TXN-11-25,Farhan Bhasin,Merchant_11 Store,820.0,2026-09-07 00:00:00,UPI
BIZ-TXN-11-26,Gaurav Sethi,Merchant_11 Store,371.0,2026-09-03 21:00:00,UPI
BIZ-TXN-11-27,Tushar Bansal,Merchant_11 Store,488.0,2026-09-07 03:00:00,UPI
BIZ-TXN-11-28,Mayank Kapoor,Merchant_11 Store,338.0,2026-09-06 17:00:00,UPI
BIZ-TXN-11-29,Nikhil Aggarwal,Merchant_11 Store,211.0,2026-09-11 03:00:00,UPI
BIZ-TXN-11-30,Alok Tiwari,Merchant_11 Store,511.0,2026-09-03 23:00:00,UPI
BIZ-TXN-11-31,Rohan Aggarwal,Merchant_11 Store,467.0,2026-09-09 05:00:00,UPI
BIZ-TXN-11-32,Gaurav Aggarwal,Merchant_11 Store,762.0,2026-09-10 18:00:00,UPI
BIZ-TXN-11-33,Naveen Kapoor,Merchant_11 Store,273.0,2026-09-08 03:00:00,UPI
BIZ-TXN-11-34,Vivek Wadhwa,Merchant_11 Store,396.0,2026-09-10 20:00:00,UPI
BIZ-TXN-11-35,Bhavya Bansal,Merchant_11 Store,219.0,2026-09-05 02:00:00,UPI
BIZ-TXN-11-36,Bhavya Bansal,Merchant_11 Store,599.0,2026-09-05 20:00:00,UPI
BIZ-TXN-11-37,Mayank Sethi,Merchant_11 Store,700.0,2026-09-11 21:00:00,UPI
BIZ-TXN-11-38,Naveen Kakkar,Merchant_11 Store,200.0,2026-09-09 00:00:00,UPI
BIZ-TXN-11-39,Rohan Kapoor,Merchant_11 Store,722.0,2026-09-06 18:00:00,UPI
BIZ-TXN-12-0,Gaurav Sethi,Merchant_12 Store,251.0,2026-09-08 22:00:00,UPI
BIZ-TXN-12-1,Dev Batra,Merchant_12 Store,316.0,2026-09-10 04:00:00,UPI
BIZ-TXN-12-2,Pranav Wadhwa,Merchant_12 Store,430.0,2026-09-10 18:00:00,UPI
BIZ-TXN-12-3,Pankaj Bhasin,Merchant_12 Store,439.0,2026-09-02 23:00:00,UPI
BIZ-TXN-12-4,Ishaan Bhasin,Merchant_12 Store,211.0,2026-09-03 02:00:00,UPI
BIZ-TXN-12-5,Mayank Malhotra,Merchant_12 Store,559.0,2026-09-02 19:00:00,UPI
BIZ-TXN-12-6,Nikhil Grover,Merchant_12 Store,408.0,2026-09-07 17:00:00,UPI
BIZ-TXN-12-7,Deepankar Kapoor,Merchant_12 Store,238.0,2026-09-09 01:00:00,UPI
BIZ-TXN-12-8,Kabir Bansal,Merchant_12 Store,313.0,2026-09-07 19:00:00,UPI
BIZ-TXN-12-9,Vivek Malhotra,Merchant_12 Store,745.0,2026-09-10 18:00:00,UPI
BIZ-TXN-12-10,Pranav Grover,Merchant_12 Store,670.0,2026-09-07 18:00:00,UPI
BIZ-TXN-12-11,Deepankar Aggarwal,Merchant_12 Store,239.0,2026-09-09 07:00:00,UPI
BIZ-TXN-12-12,Mayank Kakkar,Merchant_12 Store,746.0,2026-09-11 06:00:00,UPI
BIZ-TXN-12-13,Ishaan Kakkar,Merchant_12 Store,641.0,2026-09-07 18:00:00,UPI
BIZ-TXN-12-14,Mayank Gulati,Merchant_12 Store,618.0,2026-09-04 20:00:00,UPI
BIZ-TXN-12-15,Pankaj Kakkar,Merchant_12 Store,601.0,2026-09-04 04:00:00,UPI
BIZ-TXN-12-16,Mayank Nangia,Merchant_12 Store,346.0,2026-09-03 06:00:00,UPI
BIZ-TXN-12-17,Harsh Kakkar,Merchant_12 Store,554.0,2026-09-04 21:00:00,UPI
BIZ-TXN-12-18,Gaurav Gulati,Merchant_12 Store,205.0,2026-09-09 02:00:00,UPI
BIZ-TXN-12-19,Gaurav Wadhwa,Merchant_12 Store,467.0,2026-09-07 04:00:00,UPI
BIZ-TXN-12-20,Rohan Batra,Merchant_12 Store,249.0,2026-09-04 22:00:00,UPI
BIZ-TXN-12-21,Naveen Khurana,Merchant_12 Store,389.0,2026-09-03 05:00:00,UPI
BIZ-TXN-12-22,Farhan Aggarwal,Merchant_12 Store,400.0,2026-09-08 18:00:00,UPI
BIZ-TXN-12-23,Vivek Khurana,Merchant_12 Store,220.0,2026-09-12 03:00:00,UPI
BIZ-TXN-12-24,Nikhil Wadhwa,Merchant_12 Store,296.0,2026-09-09 00:00:00,UPI
BIZ-TXN-12-25,Siddharth Singhal,Merchant_12 Store,365.0,2026-09-04 19:00:00,UPI
BIZ-TXN-12-26,Rohan Kakkar,Merchant_12 Store,658.0,2026-09-08 06:00:00,UPI
BIZ-TXN-12-27,Alok Batra,Merchant_12 Store,714.0,2026-09-11 00:00:00,UPI
BIZ-TXN-12-28,Kabir Kakkar,Merchant_12 Store,643.0,2026-09-12 06:00:00,UPI
BIZ-TXN-12-29,Bhavya Bansal,Merchant_12 Store,328.0,2026-09-02 19:00:00,UPI
BIZ-TXN-12-30,Vivek Nangia,Merchant_12 Store,462.0,2026-09-05 02:00:00,UPI
BIZ-TXN-12-31,Dev Gulati,Merchant_12 Store,431.0,2026-09-04 00:00:00,UPI
BIZ-TXN-12-32,Ashish Wadhwa,Merchant_12 Store,483.0,2026-09-05 06:00:00,UPI
BIZ-TXN-12-33,Nikhil Grover,Merchant_12 Store,657.0,2026-09-11 06:00:00,UPI
BIZ-TXN-12-34,Yash Khurana,Merchant_12 Store,623.0,2026-09-08 01:00:00,UPI
BIZ-TXN-12-35,Yash Chhabra,Merchant_12 Store,498.0,2026-09-05 21:00:00,UPI
BIZ-TXN-12-36,Naveen Gulati,Merchant_12 Store,557.0,2026-09-05 21:00:00,UPI
BIZ-TXN-12-37,Deepankar Sethi,Merchant_12 Store,271.0,2026-09-06 05:00:00,UPI
BIZ-TXN-12-38,Naveen Malhotra,Merchant_12 Store,739.0,2026-09-11 21:00:00,UPI
BIZ-TXN-12-39,Siddharth Gulati,Merchant_12 Store,403.0,2026-09-07 23:00:00,UPI
BIZ-TXN-13-0,Tushar Bhasin,Merchant_13 Store,654.0,2026-09-08 20:00:00,UPI
BIZ-TXN-13-1,Kabir Batra,Merchant_13 Store,707.0,2026-09-12 00:00:00,UPI
BIZ-TXN-13-2,Tushar Aggarwal,Merchant_13 Store,833.0,2026-09-09 20:00:00,UPI
BIZ-TXN-13-3,Harsh Tiwari,Merchant_13 Store,252.0,2026-09-02 20:00:00,UPI
BIZ-TXN-13-4,Bhavya Gulati,Merchant_13 Store,798.0,2026-09-08 17:00:00,UPI
BIZ-TXN-13-5,Mayank Bhasin,Merchant_13 Store,635.0,2026-09-07 17:00:00,UPI
BIZ-TXN-13-6,Deepankar Bansal,Merchant_13 Store,700.0,2026-09-09 22:00:00,UPI
BIZ-TXN-13-7,Pranav Malhotra,Merchant_13 Store,202.0,2026-09-09 04:00:00,UPI
BIZ-TXN-13-8,Harsh Kapoor,Merchant_13 Store,700.0,2026-09-10 21:00:00,UPI
BIZ-TXN-13-9,Ashish Gulati,Merchant_13 Store,339.0,2026-09-06 19:00:00,UPI
BIZ-TXN-13-10,Alok Khurana,Merchant_13 Store,227.0,2026-09-10 00:00:00,UPI
BIZ-TXN-13-11,Gaurav Sethi,Merchant_13 Store,850.0,2026-09-11 23:00:00,UPI
BIZ-TXN-13-12,Tushar Chhabra,Merchant_13 Store,393.0,2026-09-06 07:00:00,UPI
BIZ-TXN-13-13,Kabir Gulati,Merchant_13 Store,223.0,2026-09-03 23:00:00,UPI
BIZ-TXN-13-14,Tushar Bhasin,Merchant_13 Store,163.0,2026-09-07 02:00:00,UPI
BIZ-TXN-13-15,Yash Chhabra,Merchant_13 Store,540.0,2026-09-04 21:00:00,UPI
BIZ-TXN-13-16,Rohan Bansal,Merchant_13 Store,837.0,2026-09-08 01:00:00,UPI
BIZ-TXN-13-17,Pankaj Wadhwa,Merchant_13 Store,245.0,2026-09-07 05:00:00,UPI
BIZ-TXN-13-18,Gaurav Grover,Merchant_13 Store,446.0,2026-09-10 05:00:00,UPI
BIZ-TXN-13-19,Siddharth Malhotra,Merchant_13 Store,568.0,2026-09-07 00:00:00,UPI
BIZ-TXN-13-20,Farhan Khurana,Merchant_13 Store,323.0,2026-09-09 01:00:00,UPI
BIZ-TXN-13-21,Alok Bhasin,Merchant_13 Store,640.0,2026-09-09 01:00:00,UPI
BIZ-TXN-13-22,Harsh Tiwari,Merchant_13 Store,621.0,2026-09-10 19:00:00,UPI
BIZ-TXN-13-23,Nikhil Singhal,Merchant_13 Store,184.0,2026-09-07 02:00:00,UPI
BIZ-TXN-13-24,Vivek Aggarwal,Merchant_13 Store,756.0,2026-09-02 18:00:00,UPI
BIZ-TXN-13-25,Deepankar Kapoor,Merchant_13 Store,755.0,2026-09-07 02:00:00,UPI
BIZ-TXN-13-26,Siddharth Bansal,Merchant_13 Store,759.0,2026-09-03 23:00:00,UPI
BIZ-TXN-13-27,Nikhil Bansal,Merchant_13 Store,820.0,2026-09-11 01:00:00,UPI
BIZ-TXN-13-28,Yash Khurana,Merchant_13 Store,331.0,2026-09-08 00:00:00,UPI
BIZ-TXN-13-29,Pankaj Malhotra,Merchant_13 Store,637.0,2026-09-06 19:00:00,UPI
BIZ-TXN-13-30,Tushar Tiwari,Merchant_13 Store,628.0,2026-09-05 06:00:00,UPI
BIZ-TXN-13-31,Vivek Nangia,Merchant_13 Store,547.0,2026-09-08 07:00:00,UPI
BIZ-TXN-13-32,Ishaan Bhasin,Merchant_13 Store,802.0,2026-09-09 05:00:00,UPI
BIZ-TXN-13-33,Mayank Sethi,Merchant_13 Store,277.0,2026-09-04 01:00:00,UPI
BIZ-TXN-13-34,Bhavya Grover,Merchant_13 Store,388.0,2026-09-04 04:00:00,UPI
BIZ-TXN-13-35,Nikhil Aggarwal,Merchant_13 Store,633.0,2026-09-06 19:00:00,UPI
BIZ-TXN-13-36,Kabir Chhabra,Merchant_13 Store,342.0,2026-09-04 01:00:00,UPI
BIZ-TXN-13-37,Ishaan Sethi,Merchant_13 Store,341.0,2026-09-03 03:00:00,UPI
BIZ-TXN-13-38,Yash Tiwari,Merchant_13 Store,482.0,2026-09-08 18:00:00,UPI
BIZ-TXN-13-39,Mayank Malhotra,Merchant_13 Store,772.0,2026-09-11 17:00:00,UPI
BIZ-TXN-14-0,Rohan Gulati,Merchant_14 Store,214.0,2026-09-03 19:00:00,UPI
BIZ-TXN-14-1,Harsh Tiwari,Merchant_14 Store,171.0,2026-09-09 05:00:00,UPI
BIZ-TXN-14-2,Pranav Wadhwa,Merchant_14 Store,424.0,2026-09-04 03:00:00,UPI
BIZ-TXN-14-3,Pranav Tiwari,Merchant_14 Store,324.0,2026-09-09 00:00:00,UPI
BIZ-TXN-14-4,Naveen Malhotra,Merchant_14 Store,818.0,2026-09-06 05:00:00,UPI
BIZ-TXN-14-5,Pranav Aggarwal,Merchant_14 Store,207.0,2026-09-04 03:00:00,UPI
BIZ-TXN-14-6,Yash Tiwari,Merchant_14 Store,546.0,2026-09-03 02:00:00,UPI
BIZ-TXN-14-7,Yash Kapoor,Merchant_14 Store,161.0,2026-09-03 00:00:00,UPI
BIZ-TXN-14-8,Vivek Malhotra,Merchant_14 Store,213.0,2026-09-08 07:00:00,UPI
BIZ-TXN-14-9,Kabir Batra,Merchant_14 Store,486.0,2026-09-10 19:00:00,UPI
BIZ-TXN-14-10,Ishaan Bhasin,Merchant_14 Store,768.0,2026-09-12 01:00:00,UPI
BIZ-TXN-14-11,Ishaan Tiwari,Merchant_14 Store,220.0,2026-09-05 17:00:00,UPI
BIZ-TXN-14-12,Farhan Khurana,Merchant_14 Store,335.0,2026-09-12 05:00:00,UPI
BIZ-TXN-14-13,Vivek Batra,Merchant_14 Store,747.0,2026-09-11 07:00:00,UPI
BIZ-TXN-14-14,Alok Tiwari,Merchant_14 Store,515.0,2026-09-10 21:00:00,UPI
BIZ-TXN-14-15,Siddharth Nangia,Merchant_14 Store,562.0,2026-09-04 19:00:00,UPI
BIZ-TXN-14-16,Nikhil Khurana,Merchant_14 Store,399.0,2026-09-03 17:00:00,UPI
BIZ-TXN-14-17,Pankaj Bhasin,Merchant_14 Store,448.0,2026-09-08 22:00:00,UPI
BIZ-TXN-14-18,Alok Wadhwa,Merchant_14 Store,476.0,2026-09-06 00:00:00,UPI
BIZ-TXN-14-19,Tushar Kapoor,Merchant_14 Store,670.0,2026-09-06 02:00:00,UPI
BIZ-TXN-14-20,Siddharth Aggarwal,Merchant_14 Store,206.0,2026-09-05 06:00:00,UPI
BIZ-TXN-14-21,Siddharth Chhabra,Merchant_14 Store,556.0,2026-09-10 01:00:00,UPI
BIZ-TXN-14-22,Alok Bhasin,Merchant_14 Store,643.0,2026-09-05 17:00:00,UPI
BIZ-TXN-14-23,Ashish Bansal,Merchant_14 Store,626.0,2026-09-04 22:00:00,UPI
BIZ-TXN-14-24,Rohan Batra,Merchant_14 Store,395.0,2026-09-10 02:00:00,UPI
BIZ-TXN-14-25,Yash Khurana,Merchant_14 Store,518.0,2026-09-02 23:00:00,UPI
BIZ-TXN-14-26,Dev Nangia,Merchant_14 Store,424.0,2026-09-05 01:00:00,UPI
BIZ-TXN-14-27,Vivek Nangia,Merchant_14 Store,759.0,2026-09-03 02:00:00,UPI
BIZ-TXN-14-28,Ashish Wadhwa,Merchant_14 Store,239.0,2026-09-04 00:00:00,UPI
BIZ-TXN-14-29,Farhan Wadhwa,Merchant_14 Store,185.0,2026-09-12 07:00:00,UPI
BIZ-TXN-14-30,Pankaj Malhotra,Merchant_14 Store,688.0,2026-09-09 03:00:00,UPI
BIZ-TXN-14-31,Pranav Sethi,Merchant_14 Store,284.0,2026-09-04 07:00:00,UPI
BIZ-TXN-14-32,Siddharth Malhotra,Merchant_14 Store,166.0,2026-09-10 03:00:00,UPI
BIZ-TXN-14-33,Pankaj Singhal,Merchant_14 Store,215.0,2026-09-10 02:00:00,UPI
BIZ-TXN-14-34,Dev Kakkar,Merchant_14 Store,721.0,2026-09-06 06:00:00,UPI
BIZ-TXN-14-35,Bhavya Nangia,Merchant_14 Store,675.0,2026-09-04 04:00:00,UPI
BIZ-TXN-14-36,Mayank Bansal,Merchant_14 Store,678.0,2026-09-05 02:00:00,UPI
BIZ-TXN-14-37,Farhan Tiwari,Merchant_14 Store,370.0,2026-09-03 03:00:00,UPI
BIZ-TXN-14-38,Pranav Kapoor,Merchant_14 Store,502.0,2026-09-06 07:00:00,UPI
BIZ-TXN-14-39,Kabir Batra,Merchant_14 Store,370.0,2026-09-11 00:00:00,UPI
NOISE-TXN-820,Ashish Wadhwa,Harsh Sethi,5515.0,2026-09-03 23:00:00,UPI
NOISE-TXN-821,Pranav Grover,Nikhil Singhal,559.0,2026-09-03 06:00:00,IMPS
NOISE-TXN-822,Siddharth Gulati,Bhavya Nangia,8866.0,2026-09-06 20:00:00,UPI
NOISE-TXN-823,Tushar Singhal,Deepankar Bhasin,1904.0,2026-09-12 08:00:00,UPI
NOISE-TXN-824,Nikhil Bhasin,Siddharth Gulati,2732.0,2026-09-06 09:00:00,IMPS
NOISE-TXN-825,Naveen Malhotra,Vivek Bansal,610.0,2026-09-04 04:00:00,UPI
NOISE-TXN-826,Dev Malhotra,Siddharth Aggarwal,2453.0,2026-09-04 00:00:00,IMPS
NOISE-TXN-827,Bhavya Kapoor,Alok Kapoor,7032.0,2026-09-04 04:00:00,UPI
NOISE-TXN-828,Deepankar Tiwari,Mayank Wadhwa,1492.0,2026-09-03 11:00:00,UPI
NOISE-TXN-829,Pranav Bansal,Kabir Kakkar,195.0,2026-09-05 11:00:00,UPI
NOISE-TXN-830,Pankaj Bhasin,Vivek Bansal,6575.0,2026-09-10 13:00:00,NEFT
NOISE-TXN-831,Bhavya Kapoor,Pranav Nangia,12658.0,2026-09-12 00:00:00,IMPS
NOISE-TXN-832,Pankaj Malhotra,Bhavya Malhotra,2884.0,2026-09-10 00:00:00,IMPS
NOISE-TXN-833,Vivek Batra,Dev Wadhwa,18537.0,2026-09-04 18:00:00,NEFT
NOISE-TXN-834,Farhan Sethi,Dev Bansal,399.0,2026-09-03 23:00:00,IMPS
NOISE-TXN-835,Tushar Tiwari,Siddharth Chhabra,6734.0,2026-09-05 14:00:00,IMPS
NOISE-TXN-836,Naveen Sethi,Farhan Bhasin,4755.0,2026-09-09 09:00:00,IMPS
NOISE-TXN-837,Mayank Kapoor,Rohan Gulati,13224.0,2026-09-08 22:00:00,IMPS
NOISE-TXN-838,Harsh Kakkar,Rohan Bansal,7062.0,2026-09-04 02:00:00,UPI
NOISE-TXN-839,Pranav Wadhwa,Yash Tiwari,585.0,2026-09-11 21:00:00,NEFT
NOISE-TXN-840,Bhavya Khurana,Nikhil Bhasin,1321.0,2026-09-11 18:00:00,IMPS
NOISE-TXN-841,Naveen Sethi,Naveen Khurana,146.0,2026-09-06 22:00:00,IMPS
NOISE-TXN-842,Vivek Sethi,Naveen Khurana,578.0,2026-09-06 15:00:00,IMPS
NOISE-TXN-843,Naveen Kakkar,Vivek Bansal,4769.0,2026-09-03 16:00:00,NEFT
NOISE-TXN-844,Siddharth Malhotra,Pranav Khurana,492.0,2026-09-03 09:00:00,IMPS
NOISE-TXN-845,Pankaj Kakkar,Pankaj Chhabra,7011.0,2026-09-04 17:00:00,NEFT
NOISE-TXN-846,Rohan Aggarwal,Bhavya Grover,16072.0,2026-09-09 00:00:00,UPI
NOISE-TXN-847,Farhan Grover,Bhavya Malhotra,9381.0,2026-09-06 20:00:00,IMPS
NOISE-TXN-848,Tushar Aggarwal,Gaurav Wadhwa,12807.0,2026-09-11 03:00:00,NEFT
NOISE-TXN-849,Vivek Wadhwa,Siddharth Singhal,3463.0,2026-09-02 16:00:00,UPI
NOISE-TXN-850,Alok Khurana,Naveen Wadhwa,3360.0,2026-09-02 13:00:00,IMPS
NOISE-TXN-851,Pranav Kapoor,Naveen Wadhwa,347.0,2026-09-11 08:00:00,NEFT
NOISE-TXN-852,Tushar Aggarwal,Deepankar Bhasin,7780.0,2026-09-01 17:00:00,UPI
NOISE-TXN-853,Ishaan Tiwari,Tushar Grover,2316.0,2026-09-03 05:00:00,UPI
NOISE-TXN-854,Siddharth Malhotra,Naveen Batra,31201.0,2026-09-09 19:00:00,NEFT
NOISE-TXN-855,Nikhil Bhasin,Naveen Sethi,5571.0,2026-09-12 00:00:00,IMPS
NOISE-TXN-856,Farhan Bhasin,Farhan Batra,5368.0,2026-09-02 17:00:00,NEFT
NOISE-TXN-857,Alok Chhabra,Tushar Kapoor,1644.0,2026-09-08 20:00:00,IMPS
NOISE-TXN-858,Farhan Batra,Nikhil Wadhwa,3022.0,2026-09-04 03:00:00,IMPS
NOISE-TXN-859,Yash Kakkar,Tushar Bansal,8927.0,2026-09-10 09:00:00,NEFT
NOISE-TXN-860,Nikhil Tiwari,Mayank Kakkar,7675.0,2026-09-11 01:00:00,UPI
NOISE-TXN-861,Pankaj Chhabra,Tushar Singhal,2203.0,2026-09-02 11:00:00,IMPS
NOISE-TXN-862,Pranav Wadhwa,Pranav Kapoor,990.0,2026-09-10 22:00:00,UPI
NOISE-TXN-863,Mayank Wadhwa,Vivek Chhabra,1106.0,2026-09-07 05:00:00,NEFT
NOISE-TXN-864,Kabir Batra,Vivek Bhasin,371.0,2026-09-06 09:00:00,IMPS
NOISE-TXN-865,Ishaan Malhotra,Siddharth Malhotra,1543.0,2026-09-11 17:00:00,NEFT
NOISE-TXN-866,Pranav Kapoor,Gaurav Grover,20821.0,2026-09-10 09:00:00,IMPS
NOISE-TXN-867,Harsh Bhasin,Vivek Bhasin,1926.0,2026-09-02 20:00:00,NEFT
NOISE-TXN-868,Alok Chhabra,Rohan Bansal,1316.0,2026-09-09 20:00:00,NEFT
NOISE-TXN-869,Mayank Kapoor,Ashish Wadhwa,9124.0,2026-09-10 20:00:00,NEFT
NOISE-TXN-870,Siddharth Bansal,Alok Nangia,3422.0,2026-09-02 16:00:00,NEFT
NOISE-TXN-871,Mayank Chhabra,Naveen Gulati,2424.0,2026-09-04 02:00:00,UPI
NOISE-TXN-872,Ishaan Aggarwal,Harsh Sethi,3593.0,2026-09-04 02:00:00,NEFT
NOISE-TXN-873,Tushar Bansal,Yash Sethi,2467.0,2026-09-04 14:00:00,NEFT
NOISE-TXN-874,Siddharth Sethi,Rohan Kakkar,5383.0,2026-09-03 02:00:00,UPI
NOISE-TXN-875,Nikhil Singhal,Vivek Bhasin,1869.0,2026-09-05 18:00:00,NEFT
NOISE-TXN-876,Mayank Sethi,Tushar Grover,8068.0,2026-09-12 04:00:00,UPI
NOISE-TXN-877,Kabir Kakkar,Kabir Kapoor,2207.0,2026-09-07 09:00:00,IMPS
NOISE-TXN-878,Gaurav Wadhwa,Deepankar Singhal,157.0,2026-09-05 20:00:00,IMPS
NOISE-TXN-879,Ishaan Bhasin,Harsh Kapoor,1481.0,2026-09-09 22:00:00,UPI
NOISE-TXN-880,Pranav Kapoor,Harsh Bhasin,2257.0,2026-09-06 11:00:00,NEFT
NOISE-TXN-881,Rohan Batra,Siddharth Chhabra,1250.0,2026-09-09 15:00:00,UPI
NOISE-TXN-882,Harsh Bhasin,Vivek Bansal,7444.0,2026-09-11 12:00:00,NEFT
NOISE-TXN-883,Yash Kapoor,Gaurav Gulati,6546.0,2026-09-11 22:00:00,IMPS
NOISE-TXN-884,Mayank Kapoor,Kabir Sethi,1152.0,2026-09-08 07:00:00,UPI
NOISE-TXN-885,Bhavya Grover,Bhavya Malhotra,3483.0,2026-09-02 05:00:00,NEFT
NOISE-TXN-886,Mayank Kapoor,Ashish Kakkar,2147.0,2026-09-06 14:00:00,UPI
NOISE-TXN-887,Ishaan Malhotra,Bhavya Singhal,7443.0,2026-09-06 12:00:00,UPI
NOISE-TXN-888,Dev Malhotra,Kabir Sethi,102.0,2026-09-08 21:00:00,UPI
NOISE-TXN-889,Yash Kakkar,Nikhil Bhasin,4086.0,2026-09-02 08:00:00,IMPS
NOISE-TXN-890,Bhavya Bansal,Pankaj Sethi,3308.0,2026-09-06 22:00:00,UPI
NOISE-TXN-891,Mayank Kapoor,Vivek Wadhwa,4183.0,2026-09-12 05:00:00,IMPS
NOISE-TXN-892,Farhan Batra,Vivek Malhotra,4058.0,2026-09-09 01:00:00,NEFT
NOISE-TXN-893,Mayank Malhotra,Harsh Chhabra,1983.0,2026-09-03 02:00:00,UPI
NOISE-TXN-894,Harsh Khurana,Ishaan Tiwari,2834.0,2026-09-01 11:00:00,UPI
NOISE-TXN-895,Vivek Nangia,Tushar Aggarwal,131.0,2026-09-11 21:00:00,NEFT
NOISE-TXN-896,Bhavya Tiwari,Farhan Aggarwal,107.0,2026-09-04 04:00:00,NEFT
NOISE-TXN-897,Alok Chhabra,Vivek Aggarwal,2210.0,2026-09-03 22:00:00,NEFT
NOISE-TXN-898,Ishaan Khurana,Ashish Wadhwa,144.0,2026-09-03 06:00:00,NEFT
NOISE-TXN-899,Mayank Kapoor,Naveen Khurana,2036.0,2026-09-02 05:00:00,IMPS
NOISE-TXN-900,Rohan Bansal,Siddharth Aggarwal,18010.0,2026-09-06 15:00:00,IMPS
NOISE-TXN-901,Ishaan Kakkar,Alok Wadhwa,4533.0,2026-09-10 16:00:00,IMPS
NOISE-TXN-902,Ishaan Kakkar,Ashish Wadhwa,1979.0,2026-09-04 13:00:00,UPI
NOISE-TXN-903,Pankaj Sethi,Alok Batra,1105.0,2026-09-05 21:00:00,UPI
NOISE-TXN-904,Naveen Sethi,Ishaan Malhotra,12021.0,2026-09-02 02:00:00,IMPS
NOISE-TXN-905,Vivek Bhasin,Vivek Chhabra,4696.0,2026-09-08 07:00:00,IMPS
NOISE-TXN-906,Deepankar Bansal,Vivek Batra,1022.0,2026-09-04 16:00:00,UPI
NOISE-TXN-907,Deepankar Sethi,Pankaj Aggarwal,5014.0,2026-09-01 09:00:00,UPI
NOISE-TXN-908,Pranav Tiwari,Harsh Wadhwa,5445.0,2026-09-11 10:00:00,IMPS
NOISE-TXN-909,Yash Chhabra,Pankaj Gulati,336.0,2026-09-02 14:00:00,NEFT
NOISE-TXN-910,Vivek Khurana,Deepankar Tiwari,2971.0,2026-09-02 06:00:00,NEFT
NOISE-TXN-911,Kabir Bansal,Bhavya Bansal,742.0,2026-09-08 22:00:00,IMPS
NOISE-TXN-912,Nikhil Tiwari,Ishaan Aggarwal,7428.0,2026-09-06 02:00:00,UPI
NOISE-TXN-913,Bhavya Bhasin,Harsh Kapoor,8806.0,2026-09-11 21:00:00,NEFT
NOISE-TXN-914,Deepankar Kapoor,Vivek Bansal,4030.0,2026-09-11 00:00:00,IMPS
NOISE-TXN-915,Dev Bansal,Nikhil Singhal,3565.0,2026-09-07 23:00:00,IMPS
NOISE-TXN-916,Yash Tiwari,Harsh Wadhwa,3364.0,2026-09-03 12:00:00,IMPS
NOISE-TXN-917,Farhan Grover,Nikhil Sethi,3602.0,2026-09-06 14:00:00,IMPS
NOISE-TXN-918,Vivek Aggarwal,Bhavya Bansal,7510.0,2026-09-07 19:00:00,UPI
NOISE-TXN-919,Kabir Chhabra,Rohan Aggarwal,3669.0,2026-09-04 10:00:00,IMPS
NOISE-TXN-920,Ashish Malhotra,Dev Kakkar,2235.0,2026-09-09 17:00:00,UPI
NOISE-TXN-921,Gaurav Bhasin,Vivek Bhasin,5288.0,2026-09-10 05:00:00,NEFT
NOISE-TXN-922,Tushar Kapoor,Pranav Wadhwa,6830.0,2026-09-10 17:00:00,IMPS
NOISE-TXN-923,Ashish Wadhwa,Alok Chhabra,6663.0,2026-09-05 12:00:00,NEFT
NOISE-TXN-924,Harsh Bhasin,Dev Kapoor,2284.0,2026-09-09 04:00:00,IMPS
NOISE-TXN-925,Vivek Chhabra,Nikhil Tiwari,4102.0,2026-09-10 18:00:00,IMPS
NOISE-TXN-926,Tushar Batra,Mayank Bhasin,1630.0,2026-09-09 00:00:00,NEFT
NOISE-TXN-927,Ishaan Khurana,Nikhil Tiwari,11124.0,2026-09-03 23:00:00,IMPS
NOISE-TXN-928,Yash Chhabra,Nikhil Bansal,6127.0,2026-09-04 02:00:00,IMPS
NOISE-TXN-929,Rohan Kapoor,Farhan Aggarwal,1518.0,2026-09-07 15:00:00,IMPS
NOISE-TXN-930,Bhavya Tiwari,Dev Malhotra,4080.0,2026-09-11 05:00:00,IMPS
NOISE-TXN-931,Mayank Wadhwa,Naveen Sethi,4267.0,2026-09-04 20:00:00,IMPS
NOISE-TXN-932,Tushar Tiwari,Bhavya Chhabra,7500.0,2026-09-06 11:00:00,NEFT
NOISE-TXN-933,Harsh Aggarwal,Vivek Chhabra,788.0,2026-09-09 23:00:00,NEFT
NOISE-TXN-934,Ashish Wadhwa,Pankaj Singhal,1788.0,2026-09-10 16:00:00,NEFT
NOISE-TXN-935,Farhan Grover,Pankaj Bhasin,2287.0,2026-09-04 19:00:00,UPI
NOISE-TXN-936,Ashish Bhasin,Vivek Chhabra,1297.0,2026-09-07 10:00:00,UPI
NOISE-TXN-937,Deepankar Tiwari,Ishaan Bhasin,9169.0,2026-09-09 11:00:00,IMPS
NOISE-TXN-938,Deepankar Singhal,Harsh Tiwari,728.0,2026-09-05 07:00:00,NEFT
NOISE-TXN-939,Ashish Gulati,Gaurav Wadhwa,7187.0,2026-09-10 00:00:00,UPI
NOISE-TXN-940,Vivek Bansal,Vivek Wadhwa,950.0,2026-09-09 09:00:00,NEFT
NOISE-TXN-941,Dev Kapoor,Naveen Wadhwa,9380.0,2026-09-05 09:00:00,IMPS
NOISE-TXN-942,Kabir Sethi,Tushar Grover,12885.0,2026-09-04 06:00:00,IMPS
NOISE-TXN-943,Deepankar Bhasin,Alok Malhotra,2933.0,2026-09-06 13:00:00,IMPS
NOISE-TXN-944,Yash Gulati,Tushar Khurana,2904.0,2026-09-07 08:00:00,IMPS
NOISE-TXN-945,Ishaan Tiwari,Deepankar Kapoor,1626.0,2026-09-09 22:00:00,IMPS
NOISE-TXN-946,Tushar Kakkar,Gaurav Bhasin,3770.0,2026-09-08 13:00:00,UPI
NOISE-TXN-947,Pranav Khurana,Vivek Gulati,2739.0,2026-09-10 13:00:00,NEFT
NOISE-TXN-948,Vivek Singhal,Tushar Grover,461.0,2026-09-06 06:00:00,UPI
NOISE-TXN-949,Siddharth Aggarwal,Rohan Bhasin,9794.0,2026-09-10 08:00:00,UPI
NOISE-TXN-950,Vivek Bhasin,Rohan Gulati,3434.0,2026-09-08 20:00:00,UPI
NOISE-TXN-951,Siddharth Nangia,Pankaj Kakkar,3443.0,2026-09-10 01:00:00,IMPS
NOISE-TXN-952,Alok Batra,Kabir Bansal,1196.0,2026-09-02 23:00:00,UPI
NOISE-TXN-953,Deepankar Bhasin,Vivek Bhasin,2110.0,2026-09-02 13:00:00,UPI
NOISE-TXN-954,Yash Sethi,Ishaan Aggarwal,4277.0,2026-09-12 06:00:00,IMPS
NOISE-TXN-955,Rohan Bansal,Mayank Kakkar,2144.0,2026-09-05 18:00:00,UPI
NOISE-TXN-956,Naveen Batra,Farhan Tiwari,8212.0,2026-09-01 20:00:00,UPI
NOISE-TXN-957,Harsh Kapoor,Siddharth Chhabra,28563.0,2026-09-07 02:00:00,NEFT
NOISE-TXN-958,Rohan Aggarwal,Dev Batra,1083.0,2026-09-10 16:00:00,IMPS
NOISE-TXN-959,Alok Wadhwa,Yash Chhabra,5129.0,2026-09-10 07:00:00,UPI
NOISE-TXN-960,Gaurav Wadhwa,Vivek Nangia,5732.0,2026-09-04 09:00:00,UPI
NOISE-TXN-961,Ishaan Tiwari,Vivek Chhabra,1360.0,2026-09-11 06:00:00,IMPS
NOISE-TXN-962,Siddharth Aggarwal,Kabir Sethi,2050.0,2026-09-11 05:00:00,UPI
NOISE-TXN-963,Bhavya Aggarwal,Pranav Khurana,13186.0,2026-09-01 14:00:00,IMPS
NOISE-TXN-964,Kabir Kapoor,Nikhil Bansal,2161.0,2026-09-07 02:00:00,UPI
NOISE-TXN-965,Harsh Bhasin,Tushar Kapoor,2616.0,2026-09-04 04:00:00,UPI
NOISE-TXN-966,Farhan Grover,Nikhil Tiwari,16679.0,2026-09-04 06:00:00,UPI
NOISE-TXN-967,Bhavya Bansal,Alok Malhotra,5871.0,2026-09-08 14:00:00,UPI
NOISE-TXN-968,Tushar Chhabra,Dev Malhotra,1597.0,2026-09-03 04:00:00,UPI
NOISE-TXN-969,Bhavya Singhal,Bhavya Kapoor,2891.0,2026-09-09 20:00:00,IMPS
NOISE-TXN-970,Deepankar Singhal,Siddharth Nangia,4383.0,2026-09-11 09:00:00,IMPS
NOISE-TXN-971,Alok Tiwari,Harsh Kapoor,5862.0,2026-09-05 16:00:00,UPI
NOISE-TXN-972,Deepankar Aggarwal,Alok Chhabra,4816.0,2026-09-09 03:00:00,IMPS
NOISE-TXN-973,Pranav Wadhwa,Nikhil Singhal,1144.0,2026-09-11 13:00:00,NEFT
NOISE-TXN-974,Ashish Nangia,Mayank Wadhwa,6382.0,2026-09-06 14:00:00,IMPS
NOISE-TXN-975,Farhan Kapoor,Tushar Grover,1785.0,2026-09-07 00:00:00,IMPS
NOISE-TXN-976,Bhavya Chhabra,Nikhil Tiwari,4189.0,2026-09-05 09:00:00,IMPS
NOISE-TXN-977,Deepankar Singhal,Dev Kakkar,22547.0,2026-09-02 08:00:00,UPI
NOISE-TXN-978,Pranav Kapoor,Naveen Malhotra,2401.0,2026-09-04 05:00:00,UPI
NOISE-TXN-979,Farhan Tiwari,Nikhil Bansal,4752.0,2026-09-03 04:00:00,NEFT
NOISE-TXN-980,Mayank Wadhwa,Pranav Kapoor,5304.0,2026-09-09 21:00:00,IMPS
NOISE-TXN-981,Pranav Aggarwal,Gaurav Khurana,2059.0,2026-09-10 23:00:00,UPI
NOISE-TXN-982,Vivek Khurana,Dev Nangia,3567.0,2026-09-12 02:00:00,IMPS
NOISE-TXN-983,Kabir Kakkar,Gaurav Sethi,5555.0,2026-09-10 15:00:00,UPI
NOISE-TXN-984,Vivek Batra,Nikhil Grover,5450.0,2026-09-09 14:00:00,UPI
NOISE-TXN-985,Harsh Tiwari,Farhan Bhasin,11283.0,2026-09-03 22:00:00,UPI
NOISE-TXN-986,Bhavya Aggarwal,Kabir Gulati,4411.0,2026-09-07 20:00:00,IMPS
NOISE-TXN-987,Pankaj Aggarwal,Nikhil Tiwari,1387.0,2026-09-10 00:00:00,IMPS
NOISE-TXN-988,Gaurav Wadhwa,Pankaj Chhabra,257.0,2026-09-06 03:00:00,IMPS
NOISE-TXN-989,Mayank Sethi,Naveen Khurana,2062.0,2026-09-08 21:00:00,UPI
NOISE-TXN-990,Kabir Kakkar,Naveen Malhotra,2390.0,2026-09-10 17:00:00,NEFT
NOISE-TXN-991,Alok Chhabra,Dev Bansal,537.0,2026-09-07 00:00:00,IMPS
NOISE-TXN-992,Mayank Bansal,Pranav Batra,324.0,2026-09-11 13:00:00,NEFT
NOISE-TXN-993,Deepankar Singhal,Tushar Kapoor,522.0,2026-09-06 21:00:00,IMPS
NOISE-TXN-994,Pranav Batra,Pankaj Singhal,978.0,2026-09-07 10:00:00,IMPS
NOISE-TXN-995,Mayank Kakkar,Vivek Aggarwal,266.0,2026-09-12 01:00:00,UPI
NOISE-TXN-996,Pranav Aggarwal,Ashish Malhotra,279.0,2026-09-10 07:00:00,NEFT
NOISE-TXN-997,Gaurav Khurana,Yash Kakkar,1231.0,2026-09-09 08:00:00,UPI
NOISE-TXN-998,Pranav Grover,Vivek Singhal,3855.0,2026-09-04 12:00:00,UPI
NOISE-TXN-999,Alok Chhabra,Mayank Kakkar,6669.0,2026-09-09 12:00:00,NEFT
NOISE-TXN-1000,Mayank Wadhwa,Bhavya Gulati,938.0,2026-09-04 13:00:00,UPI
NOISE-TXN-1001,Ashish Nangia,Kabir Aggarwal,15612.0,2026-09-02 21:00:00,IMPS
NOISE-TXN-1002,Vivek Bhasin,Deepankar Tiwari,3253.0,2026-09-06 07:00:00,NEFT
NOISE-TXN-1003,Ishaan Khurana,Nikhil Aggarwal,4757.0,2026-09-07 00:00:00,NEFT
NOISE-TXN-1004,Gaurav Bhasin,Nikhil Bhasin,1783.0,2026-09-09 18:00:00,NEFT
NOISE-TXN-1005,Tushar Khurana,Dev Wadhwa,859.0,2026-09-12 06:00:00,IMPS
NOISE-TXN-1006,Pranav Sethi,Naveen Gulati,217.0,2026-09-09 17:00:00,IMPS
NOISE-TXN-1007,Harsh Bhasin,Deepankar Tiwari,6662.0,2026-09-07 06:00:00,IMPS
NOISE-TXN-1008,Bhavya Malhotra,Pranav Aggarwal,3443.0,2026-09-02 15:00:00,IMPS
NOISE-TXN-1009,Siddharth Sethi,Rohan Kapoor,1977.0,2026-09-09 04:00:00,NEFT
NOISE-TXN-1010,Alok Wadhwa,Rohan Bansal,368.0,2026-09-05 16:00:00,NEFT
NOISE-TXN-1011,Mayank Bhasin,Harsh Khurana,1027.0,2026-09-01 11:00:00,UPI
NOISE-TXN-1012,Alok Malhotra,Tushar Bansal,855.0,2026-09-04 20:00:00,NEFT
NOISE-TXN-1013,Tushar Singhal,Pankaj Sethi,4771.0,2026-09-07 11:00:00,NEFT
NOISE-TXN-1014,Tushar Singhal,Rohan Kapoor,149.0,2026-09-11 06:00:00,IMPS
NOISE-TXN-1015,Tushar Chhabra,Siddharth Bansal,1769.0,2026-09-04 12:00:00,NEFT
NOISE-TXN-1016,Pankaj Gulati,Deepankar Sethi,1593.0,2026-09-07 05:00:00,NEFT
NOISE-TXN-1017,Naveen Kapoor,Farhan Batra,7737.0,2026-09-10 06:00:00,NEFT
NOISE-TXN-1018,Naveen Wadhwa,Deepankar Aggarwal,2538.0,2026-09-11 17:00:00,IMPS
NOISE-TXN-1019,Naveen Khurana,Vivek Wadhwa,727.0,2026-09-01 09:00:00,IMPS
NOISE-TXN-1020,Kabir Gulati,Rohan Aggarwal,343.0,2026-09-05 19:00:00,NEFT
NOISE-TXN-1021,Rohan Kakkar,Naveen Batra,22806.0,2026-09-03 22:00:00,UPI
NOISE-TXN-1022,Rohan Kapoor,Dev Bhasin,637.0,2026-09-08 06:00:00,UPI
NOISE-TXN-1023,Siddharth Malhotra,Vivek Sethi,6777.0,2026-09-03 20:00:00,NEFT
NOISE-TXN-1024,Tushar Bhasin,Bhavya Tiwari,2947.0,2026-09-08 07:00:00,IMPS
NOISE-TXN-1025,Pankaj Bhasin,Vivek Singhal,2875.0,2026-09-01 23:00:00,UPI
NOISE-TXN-1026,Pranav Khurana,Tushar Khurana,8584.0,2026-09-05 17:00:00,NEFT
NOISE-TXN-1027,Bhavya Khurana,Siddharth Aggarwal,9923.0,2026-09-03 20:00:00,NEFT
NOISE-TXN-1028,Ishaan Tiwari,Alok Kapoor,4082.0,2026-09-09 19:00:00,NEFT
NOISE-TXN-1029,Yash Tiwari,Kabir Singhal,915.0,2026-09-03 19:00:00,IMPS
NOISE-TXN-1030,Yash Kakkar,Mayank Sethi,2983.0,2026-09-04 14:00:00,UPI
NOISE-TXN-1031,Pranav Bhasin,Farhan Batra,2410.0,2026-09-03 14:00:00,UPI
NOISE-TXN-1032,Rohan Gulati,Bhavya Bhasin,3377.0,2026-09-12 04:00:00,NEFT
NOISE-TXN-1033,Vivek Wadhwa,Harsh Bhasin,3671.0,2026-09-12 05:00:00,UPI
NOISE-TXN-1034,Pranav Nangia,Vivek Batra,2740.0,2026-09-05 00:00:00,NEFT
NOISE-TXN-1035,Vivek Aggarwal,Kabir Chhabra,6990.0,2026-09-06 04:00:00,NEFT
NOISE-TXN-1036,Vivek Aggarwal,Pranav Kapoor,291.0,2026-09-01 16:00:00,NEFT
NOISE-TXN-1037,Kabir Chhabra,Vivek Chhabra,1615.0,2026-09-03 22:00:00,IMPS
NOISE-TXN-1038,Vivek Singhal,Kabir Bansal,10240.0,2026-09-04 00:00:00,UPI
NOISE-TXN-1039,Vivek Nangia,Pranav Malhotra,312.0,2026-09-03 19:00:00,UPI
NOISE-TXN-1040,Naveen Kapoor,Pranav Bansal,5775.0,2026-09-05 21:00:00,NEFT
NOISE-TXN-1041,Nikhil Khurana,Pranav Wadhwa,132.0,2026-09-10 16:00:00,IMPS
NOISE-TXN-1042,Naveen Batra,Mayank Chhabra,8621.0,2026-09-10 05:00:00,NEFT
NOISE-TXN-1043,Vivek Batra,Ishaan Sethi,1103.0,2026-09-07 01:00:00,NEFT
NOISE-TXN-1044,Rohan Kapoor,Siddharth Malhotra,3299.0,2026-09-09 00:00:00,IMPS
NOISE-TXN-1045,Deepankar Kapoor,Harsh Tiwari,697.0,2026-09-08 12:00:00,UPI
NOISE-TXN-1046,Bhavya Chhabra,Ishaan Khurana,936.0,2026-09-07 05:00:00,IMPS
NOISE-TXN-1047,Vivek Aggarwal,Pankaj Aggarwal,10556.0,2026-09-03 19:00:00,IMPS
NOISE-TXN-1048,Kabir Kakkar,Pankaj Gulati,214.0,2026-09-04 10:00:00,UPI
NOISE-TXN-1049,Rohan Batra,Alok Batra,8306.0,2026-09-11 00:00:00,NEFT
NOISE-TXN-1050,Deepankar Malhotra,Dev Nangia,3168.0,2026-09-05 18:00:00,IMPS
NOISE-TXN-1051,Farhan Kapoor,Bhavya Bhasin,1266.0,2026-09-08 15:00:00,IMPS
NOISE-TXN-1052,Tushar Kakkar,Kabir Bansal,1278.0,2026-09-02 15:00:00,UPI
NOISE-TXN-1053,Alok Malhotra,Nikhil Kakkar,17437.0,2026-09-02 18:00:00,UPI
NOISE-TXN-1054,Pankaj Sethi,Kabir Kakkar,14715.0,2026-09-10 23:00:00,IMPS
NOISE-TXN-1055,Nikhil Bhasin,Pranav Singhal,438.0,2026-09-10 21:00:00,UPI
NOISE-TXN-1056,Farhan Tiwari,Pranav Bansal,9996.0,2026-09-10 16:00:00,NEFT
NOISE-TXN-1057,Bhavya Bhasin,Kabir Gulati,3287.0,2026-09-03 09:00:00,NEFT
NOISE-TXN-1058,Pranav Grover,Deepankar Kapoor,3837.0,2026-09-10 17:00:00,UPI
NOISE-TXN-1059,Farhan Aggarwal,Dev Malhotra,836.0,2026-09-07 03:00:00,UPI
NOISE-TXN-1060,Farhan Wadhwa,Tushar Kakkar,855.0,2026-09-04 23:00:00,NEFT
NOISE-TXN-1061,Naveen Wadhwa,Dev Gulati,23065.0,2026-09-03 13:00:00,IMPS
NOISE-TXN-1062,Nikhil Tiwari,Gaurav Wadhwa,22238.0,2026-09-04 22:00:00,IMPS
NOISE-TXN-1063,Vivek Khurana,Farhan Khurana,32008.0,2026-09-09 05:00:00,IMPS
NOISE-TXN-1064,Naveen Sethi,Ishaan Malhotra,5201.0,2026-09-07 10:00:00,IMPS
NOISE-TXN-1065,Nikhil Kakkar,Tushar Grover,1441.0,2026-09-01 14:00:00,UPI
NOISE-TXN-1066,Pranav Kapoor,Gaurav Khurana,1704.0,2026-09-10 14:00:00,IMPS
NOISE-TXN-1067,Pranav Malhotra,Gaurav Wadhwa,5196.0,2026-09-08 05:00:00,NEFT
NOISE-TXN-1068,Bhavya Bansal,Vivek Khurana,4736.0,2026-09-11 15:00:00,NEFT
NOISE-TXN-1069,Mayank Bansal,Yash Kapoor,1322.0,2026-09-11 22:00:00,IMPS
NOISE-TXN-1070,Harsh Kakkar,Mayank Malhotra,22332.0,2026-09-02 05:00:00,UPI
NOISE-TXN-1071,Yash Tiwari,Alok Batra,3769.0,2026-09-03 08:00:00,NEFT
NOISE-TXN-1072,Harsh Chhabra,Bhavya Bhasin,201.0,2026-09-06 07:00:00,NEFT
NOISE-TXN-1073,Tushar Chhabra,Kabir Bansal,7021.0,2026-09-05 02:00:00,NEFT
NOISE-TXN-1074,Mayank Batra,Pankaj Chhabra,3954.0,2026-09-06 02:00:00,UPI
NOISE-TXN-1075,Tushar Grover,Deepankar Malhotra,1294.0,2026-09-03 00:00:00,UPI
NOISE-TXN-1076,Yash Kakkar,Alok Bhasin,710.0,2026-09-01 17:00:00,UPI
NOISE-TXN-1077,Alok Chhabra,Siddharth Bansal,4809.0,2026-09-02 12:00:00,NEFT
NOISE-TXN-1078,Nikhil Kakkar,Ashish Nangia,3469.0,2026-09-06 01:00:00,NEFT
NOISE-TXN-1079,Naveen Sethi,Naveen Khurana,2584.0,2026-09-03 17:00:00,UPI
NOISE-TXN-1080,Ashish Bhasin,Farhan Sethi,10402.0,2026-09-05 18:00:00,NEFT
NOISE-TXN-1081,Mayank Sethi,Ashish Bhasin,2152.0,2026-09-06 07:00:00,NEFT
NOISE-TXN-1082,Kabir Sethi,Nikhil Sethi,7016.0,2026-09-03 23:00:00,IMPS
NOISE-TXN-1083,Gaurav Grover,Nikhil Khurana,1937.0,2026-09-07 06:00:00,UPI
NOISE-TXN-1084,Farhan Bhasin,Bhavya Malhotra,3252.0,2026-09-01 09:00:00,IMPS
NOISE-TXN-1085,Bhavya Malhotra,Dev Malhotra,6327.0,2026-09-11 00:00:00,IMPS
NOISE-TXN-1086,Siddharth Nangia,Dev Malhotra,9228.0,2026-09-09 11:00:00,IMPS
NOISE-TXN-1087,Pankaj Malhotra,Yash Kakkar,4058.0,2026-09-04 09:00:00,NEFT
NOISE-TXN-1088,Nikhil Kakkar,Pankaj Aggarwal,2060.0,2026-09-03 14:00:00,NEFT
NOISE-TXN-1089,Pranav Sethi,Vivek Malhotra,4620.0,2026-09-08 19:00:00,IMPS
NOISE-TXN-1090,Bhavya Malhotra,Bhavya Nangia,1879.0,2026-09-11 16:00:00,IMPS
NOISE-TXN-1091,Naveen Wadhwa,Tushar Batra,1918.0,2026-09-07 06:00:00,UPI
NOISE-TXN-1092,Mayank Nangia,Ashish Nangia,2559.0,2026-09-01 23:00:00,NEFT
NOISE-TXN-1093,Vivek Chhabra,Kabir Gulati,9185.0,2026-09-02 04:00:00,NEFT
NOISE-TXN-1094,Kabir Chhabra,Gaurav Bhasin,362.0,2026-09-05 03:00:00,UPI
NOISE-TXN-1095,Mayank Kakkar,Pranav Bhasin,6522.0,2026-09-04 07:00:00,UPI
NOISE-TXN-1096,Siddharth Sethi,Bhavya Nangia,1300.0,2026-09-10 00:00:00,NEFT
NOISE-TXN-1097,Siddharth Aggarwal,Siddharth Singhal,620.0,2026-09-05 18:00:00,IMPS
NOISE-TXN-1098,Ishaan Malhotra,Vivek Malhotra,2446.0,2026-09-10 00:00:00,NEFT
NOISE-TXN-1099,Vivek Bhasin,Pranav Malhotra,256.0,2026-09-08 03:00:00,NEFT
NOISE-TXN-1100,Harsh Wadhwa,Kabir Batra,855.0,2026-09-02 23:00:00,UPI
NOISE-TXN-1101,Ashish Bhasin,Rohan Bansal,1557.0,2026-09-03 15:00:00,IMPS
NOISE-TXN-1102,Alok Wadhwa,Siddharth Nangia,6479.0,2026-09-05 07:00:00,IMPS
NOISE-TXN-1103,Siddharth Chhabra,Deepankar Sethi,632.0,2026-09-01 21:00:00,IMPS
NOISE-TXN-1104,Nikhil Bhasin,Vivek Batra,6347.0,2026-09-07 14:00:00,NEFT
NOISE-TXN-1105,Pankaj Wadhwa,Kabir Chhabra,500.0,2026-09-01 23:00:00,NEFT
NOISE-TXN-1106,Mayank Chhabra,Farhan Kapoor,4934.0,2026-09-08 19:00:00,NEFT
NOISE-TXN-1107,Bhavya Bhasin,Mayank Kakkar,10431.0,2026-09-02 19:00:00,UPI
NOISE-TXN-1108,Dev Batra,Pranav Bansal,2103.0,2026-09-08 01:00:00,UPI
NOISE-TXN-1109,Nikhil Sethi,Dev Bansal,8243.0,2026-09-08 21:00:00,NEFT
NOISE-TXN-1110,Gaurav Wadhwa,Farhan Sethi,975.0,2026-09-08 08:00:00,NEFT
NOISE-TXN-1111,Ashish Kakkar,Tushar Kapoor,5152.0,2026-09-05 16:00:00,NEFT
NOISE-TXN-1112,Naveen Batra,Deepankar Tiwari,1675.0,2026-09-01 19:00:00,IMPS
NOISE-TXN-1113,Vivek Chhabra,Pranav Bansal,1802.0,2026-09-07 19:00:00,UPI
NOISE-TXN-1114,Nikhil Bhasin,Yash Sethi,1035.0,2026-09-09 02:00:00,UPI
NOISE-TXN-1115,Deepankar Aggarwal,Deepankar Tiwari,13400.0,2026-09-05 22:00:00,NEFT
NOISE-TXN-1116,Pranav Kapoor,Gaurav Sethi,648.0,2026-09-06 13:00:00,UPI
NOISE-TXN-1117,Pankaj Chhabra,Nikhil Bansal,5810.0,2026-09-11 10:00:00,NEFT
NOISE-TXN-1118,Harsh Wadhwa,Mayank Kakkar,9235.0,2026-09-08 11:00:00,IMPS
NOISE-TXN-1119,Alok Tiwari,Pranav Bhasin,11692.0,2026-09-08 05:00:00,NEFT
NOISE-TXN-1120,Kabir Aggarwal,Vivek Chhabra,877.0,2026-09-07 08:00:00,NEFT
NOISE-TXN-1121,Deepankar Bansal,Gaurav Grover,10918.0,2026-09-01 14:00:00,IMPS
NOISE-TXN-1122,Naveen Gulati,Pranav Grover,35135.0,2026-09-02 16:00:00,NEFT
NOISE-TXN-1123,Pranav Kapoor,Pankaj Bhasin,3481.0,2026-09-03 08:00:00,UPI
NOISE-TXN-1124,Gaurav Bhasin,Tushar Kapoor,3476.0,2026-09-11 12:00:00,UPI
NOISE-TXN-1125,Bhavya Tiwari,Alok Chhabra,5524.0,2026-09-02 13:00:00,UPI
NOISE-TXN-1126,Rohan Batra,Nikhil Wadhwa,1382.0,2026-09-04 23:00:00,NEFT
NOISE-TXN-1127,Pranav Batra,Kabir Batra,1739.0,2026-09-05 18:00:00,UPI
NOISE-TXN-1128,Naveen Gulati,Kabir Kakkar,1739.0,2026-09-07 22:00:00,IMPS
NOISE-TXN-1129,Vivek Nangia,Dev Wadhwa,11871.0,2026-09-09 23:00:00,UPI
NOISE-TXN-1130,Ashish Kakkar,Yash Tiwari,1264.0,2026-09-08 22:00:00,NEFT
NOISE-TXN-1131,Bhavya Chhabra,Ashish Wadhwa,1751.0,2026-09-12 04:00:00,IMPS
NOISE-TXN-1132,Gaurav Aggarwal,Vivek Aggarwal,2211.0,2026-09-04 07:00:00,NEFT
NOISE-TXN-1133,Ashish Kakkar,Ashish Gulati,10165.0,2026-09-09 14:00:00,IMPS
NOISE-TXN-1134,Rohan Batra,Yash Kakkar,6694.0,2026-09-05 18:00:00,NEFT
NOISE-TXN-1135,Kabir Kapoor,Tushar Tiwari,11172.0,2026-09-08 07:00:00,NEFT
NOISE-TXN-1136,Kabir Gulati,Naveen Sethi,1529.0,2026-09-11 10:00:00,IMPS
NOISE-TXN-1137,Pranav Sethi,Siddharth Bansal,4364.0,2026-09-05 08:00:00,NEFT
NOISE-TXN-1138,Naveen Batra,Rohan Kapoor,14927.0,2026-09-11 06:00:00,UPI
NOISE-TXN-1139,Alok Wadhwa,Bhavya Singhal,8421.0,2026-09-06 19:00:00,UPI
NOISE-TXN-1140,Nikhil Tiwari,Rohan Kakkar,13494.0,2026-09-10 19:00:00,IMPS
NOISE-TXN-1141,Deepankar Aggarwal,Gaurav Kapoor,6845.0,2026-09-05 21:00:00,UPI
NOISE-TXN-1142,Vivek Gulati,Bhavya Bhasin,4041.0,2026-09-06 19:00:00,UPI
NOISE-TXN-1143,Harsh Kakkar,Bhavya Malhotra,5566.0,2026-09-10 10:00:00,NEFT
NOISE-TXN-1144,Mayank Malhotra,Gaurav Aggarwal,10876.0,2026-09-08 23:00:00,IMPS
NOISE-TXN-1145,Mayank Bhasin,Alok Batra,3977.0,2026-09-03 14:00:00,IMPS
NOISE-TXN-1146,Kabir Kakkar,Vivek Batra,3282.0,2026-09-06 23:00:00,NEFT
NOISE-TXN-1147,Bhavya Gulati,Siddharth Gulati,6266.0,2026-09-04 14:00:00,UPI
NOISE-TXN-1148,Gaurav Khurana,Pankaj Bhasin,3531.0,2026-09-06 15:00:00,NEFT
NOISE-TXN-1149,Kabir Aggarwal,Pranav Sethi,5750.0,2026-09-05 04:00:00,IMPS
NOISE-TXN-1150,Tushar Bansal,Yash Sethi,6924.0,2026-09-03 11:00:00,UPI
NOISE-TXN-1151,Naveen Sethi,Rohan Gulati,4250.0,2026-09-08 07:00:00,UPI
NOISE-TXN-1152,Mayank Bansal,Vivek Aggarwal,824.0,2026-09-06 07:00:00,UPI
NOISE-TXN-1153,Mayank Bhasin,Pranav Aggarwal,9907.0,2026-09-07 01:00:00,IMPS
NOISE-TXN-1154,Vivek Malhotra,Ishaan Aggarwal,1445.0,2026-09-10 17:00:00,IMPS
NOISE-TXN-1155,Pranav Khurana,Tushar Grover,2638.0,2026-09-11 17:00:00,NEFT
NOISE-TXN-1156,Bhavya Nangia,Ishaan Bhasin,4312.0,2026-09-04 05:00:00,IMPS
NOISE-TXN-1157,Pankaj Kakkar,Kabir Gulati,6419.0,2026-09-11 01:00:00,UPI
NOISE-TXN-1158,Pankaj Malhotra,Gaurav Bhasin,9287.0,2026-09-09 10:00:00,UPI
NOISE-TXN-1159,Harsh Bhasin,Deepankar Sethi,1784.0,2026-09-07 04:00:00,IMPS
NOISE-TXN-1160,Kabir Bansal,Pranav Batra,13038.0,2026-09-11 19:00:00,IMPS
NOISE-TXN-1161,Pranav Malhotra,Nikhil Wadhwa,4266.0,2026-09-07 03:00:00,IMPS
NOISE-TXN-1162,Farhan Batra,Nikhil Tiwari,1706.0,2026-09-09 00:00:00,NEFT
NOISE-TXN-1163,Pranav Singhal,Alok Chhabra,572.0,2026-09-03 14:00:00,UPI
NOISE-TXN-1164,Bhavya Khurana,Rohan Gulati,6806.0,2026-09-02 10:00:00,IMPS
NOISE-TXN-1165,Pranav Kapoor,Deepankar Singhal,1521.0,2026-09-09 03:00:00,IMPS
NOISE-TXN-1166,Vivek Sethi,Mayank Bansal,8885.0,2026-09-02 00:00:00,IMPS
NOISE-TXN-1167,Deepankar Aggarwal,Yash Kakkar,333.0,2026-09-06 13:00:00,UPI
NOISE-TXN-1168,Harsh Sethi,Pranav Batra,5065.0,2026-09-09 18:00:00,NEFT
NOISE-TXN-1169,Bhavya Gulati,Deepankar Bansal,3252.0,2026-09-11 04:00:00,UPI
NOISE-TXN-1170,Tushar Kakkar,Naveen Malhotra,5894.0,2026-09-07 12:00:00,UPI
NOISE-TXN-1171,Rohan Kakkar,Pranav Singhal,6470.0,2026-09-07 08:00:00,IMPS
NOISE-TXN-1172,Vivek Batra,Mayank Nangia,7397.0,2026-09-01 20:00:00,UPI
NOISE-TXN-1173,Bhavya Aggarwal,Kabir Singhal,7267.0,2026-09-02 08:00:00,UPI
NOISE-TXN-1174,Vivek Bansal,Gaurav Khurana,1583.0,2026-09-05 04:00:00,NEFT
NOISE-TXN-1175,Farhan Sethi,Rohan Gulati,5601.0,2026-09-05 13:00:00,IMPS
NOISE-TXN-1176,Tushar Bansal,Tushar Khurana,5660.0,2026-09-05 01:00:00,NEFT
NOISE-TXN-1177,Ishaan Aggarwal,Tushar Khurana,6055.0,2026-09-10 00:00:00,NEFT
NOISE-TXN-1178,Pankaj Singhal,Rohan Bhasin,9070.0,2026-09-03 14:00:00,IMPS
NOISE-TXN-1179,Naveen Gulati,Bhavya Nangia,3588.0,2026-09-09 19:00:00,NEFT
NOISE-TXN-1180,Bhavya Aggarwal,Ishaan Bhasin,2994.0,2026-09-11 11:00:00,NEFT
NOISE-TXN-1181,Kabir Bansal,Bhavya Kapoor,1028.0,2026-09-05 16:00:00,NEFT
NOISE-TXN-1182,Yash Kapoor,Dev Kapoor,7247.0,2026-09-04 08:00:00,NEFT
NOISE-TXN-1183,Pranav Tiwari,Alok Tiwari,614.0,2026-09-08 15:00:00,IMPS
NOISE-TXN-1184,Vivek Gulati,Mayank Gulati,5076.0,2026-09-03 14:00:00,IMPS
NOISE-TXN-1185,Tushar Chhabra,Kabir Kapoor,944.0,2026-09-05 15:00:00,UPI
NOISE-TXN-1186,Ashish Bansal,Ishaan Khurana,143.0,2026-09-12 06:00:00,IMPS
NOISE-TXN-1187,Nikhil Sethi,Alok Tiwari,2870.0,2026-09-12 04:00:00,UPI
NOISE-TXN-1188,Farhan Kapoor,Gaurav Bhasin,363.0,2026-09-09 16:00:00,NEFT
NOISE-TXN-1189,Farhan Bhasin,Pranav Bhasin,11524.0,2026-09-01 21:00:00,NEFT
NOISE-TXN-1190,Alok Tiwari,Pranav Malhotra,848.0,2026-09-10 01:00:00,UPI
NOISE-TXN-1191,Gaurav Gulati,Siddharth Chhabra,3018.0,2026-09-05 11:00:00,NEFT
NOISE-TXN-1192,Deepankar Singhal,Pranav Batra,5159.0,2026-09-05 07:00:00,UPI
NOISE-TXN-1193,Kabir Kapoor,Bhavya Grover,1709.0,2026-09-04 05:00:00,IMPS
NOISE-TXN-1194,Kabir Gulati,Deepankar Bhasin,24885.0,2026-09-05 19:00:00,NEFT
NOISE-TXN-1195,Mayank Sethi,Tushar Batra,1122.0,2026-09-04 13:00:00,UPI
NOISE-TXN-1196,Naveen Khurana,Dev Bansal,1645.0,2026-09-11 08:00:00,NEFT
NOISE-TXN-1197,Ashish Bhasin,Alok Nangia,4800.0,2026-09-05 18:00:00,NEFT
NOISE-TXN-1198,Kabir Kakkar,Pranav Khurana,6435.0,2026-09-01 17:00:00,IMPS
NOISE-TXN-1199,Yash Kapoor,Ashish Bhasin,6022.0,2026-09-04 04:00:00,UPI
NOISE-TXN-1200,Ishaan Bhasin,Rohan Bhasin,4540.0,2026-09-10 19:00:00,NEFT
NOISE-TXN-1201,Tushar Batra,Tushar Tiwari,290.0,2026-09-11 13:00:00,IMPS
NOISE-TXN-1202,Harsh Tiwari,Deepankar Aggarwal,8903.0,2026-09-06 12:00:00,UPI
NOISE-TXN-1203,Nikhil Sethi,Deepankar Aggarwal,8572.0,2026-09-02 06:00:00,IMPS
NOISE-TXN-1204,Dev Gulati,Dev Kapoor,5201.0,2026-09-11 10:00:00,UPI
NOISE-TXN-1205,Deepankar Malhotra,Pranav Bansal,964.0,2026-09-02 12:00:00,IMPS
NOISE-TXN-1206,Farhan Kapoor,Vivek Singhal,1939.0,2026-09-09 03:00:00,UPI
NOISE-TXN-1207,Yash Nangia,Alok Malhotra,13709.0,2026-09-11 16:00:00,NEFT
NOISE-TXN-1208,Nikhil Bansal,Pranav Singhal,3990.0,2026-09-10 12:00:00,IMPS
NOISE-TXN-1209,Tushar Batra,Rohan Bansal,6683.0,2026-09-10 04:00:00,UPI
NOISE-TXN-1210,Vivek Batra,Vivek Sethi,498.0,2026-09-03 09:00:00,UPI
NOISE-TXN-1211,Harsh Sethi,Vivek Batra,2131.0,2026-09-08 01:00:00,IMPS
NOISE-TXN-1212,Bhavya Singhal,Mayank Bansal,3251.0,2026-09-02 01:00:00,UPI
NOISE-TXN-1213,Mayank Malhotra,Bhavya Kapoor,5580.0,2026-09-10 13:00:00,IMPS
NOISE-TXN-1214,Ishaan Bhasin,Nikhil Bhasin,9914.0,2026-09-01 16:00:00,IMPS
NOISE-TXN-1215,Harsh Tiwari,Vivek Batra,8318.0,2026-09-09 09:00:00,NEFT
NOISE-TXN-1216,Deepankar Kapoor,Nikhil Khurana,2750.0,2026-09-06 17:00:00,NEFT
NOISE-TXN-1217,Ashish Kakkar,Ashish Malhotra,2908.0,2026-09-08 02:00:00,IMPS
NOISE-TXN-1218,Bhavya Khurana,Ishaan Tiwari,4295.0,2026-09-06 14:00:00,IMPS
NOISE-TXN-1219,Mayank Malhotra,Tushar Kapoor,4169.0,2026-09-02 01:00:00,NEFT
NOISE-TXN-1220,Dev Nangia,Alok Kapoor,962.0,2026-09-04 04:00:00,NEFT
NOISE-TXN-1221,Harsh Kapoor,Siddharth Bansal,14132.0,2026-09-07 12:00:00,IMPS
NOISE-TXN-1222,Bhavya Khurana,Tushar Tiwari,8077.0,2026-09-06 12:00:00,UPI
NOISE-TXN-1223,Ashish Malhotra,Siddharth Sethi,393.0,2026-09-02 11:00:00,IMPS
NOISE-TXN-1224,Farhan Khurana,Gaurav Sethi,522.0,2026-09-04 14:00:00,UPI
NOISE-TXN-1225,Alok Chhabra,Nikhil Sethi,3917.0,2026-09-10 15:00:00,NEFT
NOISE-TXN-1226,Dev Tiwari,Ashish Kakkar,5215.0,2026-09-09 04:00:00,UPI
NOISE-TXN-1227,Harsh Kakkar,Harsh Aggarwal,1802.0,2026-09-09 10:00:00,UPI
NOISE-TXN-1228,Bhavya Grover,Dev Bhasin,431.0,2026-09-02 19:00:00,NEFT
NOISE-TXN-1229,Vivek Wadhwa,Deepankar Bansal,989.0,2026-09-08 21:00:00,NEFT
NOISE-TXN-1230,Ashish Gulati,Mayank Gulati,1296.0,2026-09-01 10:00:00,IMPS
NOISE-TXN-1231,Alok Kapoor,Pankaj Kakkar,2014.0,2026-09-04 16:00:00,IMPS
NOISE-TXN-1232,Yash Nangia,Deepankar Sethi,681.0,2026-09-06 04:00:00,NEFT
NOISE-TXN-1233,Alok Nangia,Dev Gulati,655.0,2026-09-10 08:00:00,NEFT
NOISE-TXN-1234,Harsh Chhabra,Naveen Gulati,3041.0,2026-09-06 01:00:00,UPI
NOISE-TXN-1235,Pranav Kapoor,Pranav Batra,676.0,2026-09-07 20:00:00,UPI
NOISE-TXN-1236,Mayank Malhotra,Deepankar Kapoor,6992.0,2026-09-12 04:00:00,NEFT
NOISE-TXN-1237,Pankaj Singhal,Alok Batra,3194.0,2026-09-02 06:00:00,NEFT
NOISE-TXN-1238,Alok Malhotra,Mayank Bansal,10636.0,2026-09-03 20:00:00,IMPS
NOISE-TXN-1239,Bhavya Tiwari,Harsh Aggarwal,14633.0,2026-09-04 01:00:00,UPI
NOISE-TXN-1240,Farhan Grover,Tushar Aggarwal,2687.0,2026-09-04 17:00:00,NEFT
NOISE-TXN-1241,Farhan Kapoor,Pranav Chhabra,3924.0,2026-09-02 03:00:00,UPI
NOISE-TXN-1242,Nikhil Khurana,Ishaan Malhotra,7552.0,2026-09-11 12:00:00,IMPS
NOISE-TXN-1243,Vivek Bhasin,Siddharth Bansal,1150.0,2026-09-07 18:00:00,IMPS
NOISE-TXN-1244,Gaurav Kapoor,Mayank Kakkar,1526.0,2026-09-10 04:00:00,UPI
NOISE-TXN-1245,Alok Wadhwa,Pranav Chhabra,6425.0,2026-09-02 18:00:00,IMPS
NOISE-TXN-1246,Farhan Gulati,Bhavya Grover,10486.0,2026-09-12 06:00:00,IMPS
NOISE-TXN-1247,Rohan Kapoor,Rohan Kakkar,382.0,2026-09-05 19:00:00,IMPS
NOISE-TXN-1248,Kabir Batra,Deepankar Bhasin,9683.0,2026-09-07 17:00:00,NEFT
NOISE-TXN-1249,Harsh Kakkar,Bhavya Singhal,6833.0,2026-09-06 07:00:00,IMPS
NOISE-TXN-1250,Vivek Aggarwal,Kabir Gulati,2525.0,2026-09-11 03:00:00,UPI
NOISE-TXN-1251,Yash Tiwari,Gaurav Gulati,30650.0,2026-09-04 14:00:00,IMPS
NOISE-TXN-1252,Tushar Grover,Tushar Kapoor,680.0,2026-09-11 12:00:00,NEFT
NOISE-TXN-1253,Tushar Bansal,Gaurav Kapoor,1113.0,2026-09-11 05:00:00,UPI
NOISE-TXN-1254,Pranav Khurana,Ishaan Bhasin,138.0,2026-09-08 07:00:00,NEFT
NOISE-TXN-1255,Nikhil Sethi,Bhavya Chhabra,9263.0,2026-09-10 15:00:00,NEFT
NOISE-TXN-1256,Rohan Bansal,Rohan Kakkar,4111.0,2026-09-10 06:00:00,IMPS
NOISE-TXN-1257,Dev Tiwari,Vivek Gulati,3535.0,2026-09-02 02:00:00,UPI
NOISE-TXN-1258,Harsh Kapoor,Nikhil Singhal,3717.0,2026-09-11 07:00:00,IMPS
NOISE-TXN-1259,Pankaj Bhasin,Siddharth Chhabra,908.0,2026-09-04 02:00:00,UPI
NOISE-TXN-1260,Pankaj Wadhwa,Vivek Malhotra,12022.0,2026-09-04 01:00:00,IMPS
NOISE-TXN-1261,Ishaan Tiwari,Yash Kakkar,5030.0,2026-09-09 07:00:00,UPI
NOISE-TXN-1262,Alok Batra,Deepankar Malhotra,863.0,2026-09-10 08:00:00,UPI
NOISE-TXN-1263,Bhavya Gulati,Nikhil Wadhwa,4749.0,2026-09-10 16:00:00,UPI
NOISE-TXN-1264,Tushar Bhasin,Ishaan Kakkar,4897.0,2026-09-04 13:00:00,NEFT
NOISE-TXN-1265,Gaurav Kapoor,Ishaan Aggarwal,5537.0,2026-09-02 13:00:00,UPI
NOISE-TXN-1266,Alok Kapoor,Harsh Sethi,16937.0,2026-09-03 09:00:00,UPI
NOISE-TXN-1267,Harsh Tiwari,Tushar Kakkar,3399.0,2026-09-05 21:00:00,IMPS
NOISE-TXN-1268,Ishaan Aggarwal,Tushar Grover,4020.0,2026-09-07 08:00:00,UPI
NOISE-TXN-1269,Naveen Kakkar,Gaurav Gulati,4457.0,2026-09-07 19:00:00,UPI
NOISE-TXN-1270,Mayank Kapoor,Siddharth Bansal,796.0,2026-09-02 15:00:00,UPI
NOISE-TXN-1271,Vivek Singhal,Nikhil Kakkar,3507.0,2026-09-02 07:00:00,NEFT
NOISE-TXN-1272,Farhan Batra,Kabir Singhal,3359.0,2026-09-10 09:00:00,IMPS
NOISE-TXN-1273,Harsh Kapoor,Siddharth Gulati,1720.0,2026-09-09 18:00:00,UPI
NOISE-TXN-1274,Pranav Kapoor,Gaurav Kapoor,2566.0,2026-09-06 20:00:00,IMPS
NOISE-TXN-1275,Bhavya Bhasin,Mayank Wadhwa,4694.0,2026-09-08 07:00:00,NEFT
NOISE-TXN-1276,Pranav Bhasin,Pranav Tiwari,9084.0,2026-09-02 19:00:00,IMPS
NOISE-TXN-1277,Vivek Batra,Tushar Bhasin,1205.0,2026-09-05 04:00:00,NEFT
NOISE-TXN-1278,Deepankar Tiwari,Bhavya Aggarwal,403.0,2026-09-06 02:00:00,NEFT
NOISE-TXN-1279,Bhavya Chhabra,Harsh Tiwari,1770.0,2026-09-02 05:00:00,NEFT
NOISE-TXN-1280,Naveen Gulati,Rohan Batra,9523.0,2026-09-04 14:00:00,IMPS
NOISE-TXN-1281,Pankaj Chhabra,Tushar Tiwari,11930.0,2026-09-10 13:00:00,UPI
NOISE-TXN-1282,Ashish Gulati,Deepankar Bansal,4497.0,2026-09-06 16:00:00,IMPS
NOISE-TXN-1283,Bhavya Kapoor,Ishaan Khurana,12438.0,2026-09-09 00:00:00,NEFT
NOISE-TXN-1284,Nikhil Tiwari,Naveen Gulati,1093.0,2026-09-11 13:00:00,NEFT
NOISE-TXN-1285,Pranav Sethi,Pranav Chhabra,245.0,2026-09-10 01:00:00,IMPS
NOISE-TXN-1286,Farhan Aggarwal,Alok Nangia,8511.0,2026-09-02 01:00:00,IMPS
NOISE-TXN-1287,Tushar Aggarwal,Yash Khurana,6292.0,2026-09-08 15:00:00,UPI
NOISE-TXN-1288,Ishaan Malhotra,Siddharth Nangia,565.0,2026-09-08 07:00:00,UPI
NOISE-TXN-1289,Naveen Wadhwa,Mayank Wadhwa,4462.0,2026-09-07 05:00:00,NEFT
NOISE-TXN-1290,Tushar Kapoor,Siddharth Singhal,2229.0,2026-09-09 17:00:00,UPI
NOISE-TXN-1291,Ashish Kakkar,Bhavya Malhotra,4468.0,2026-09-03 03:00:00,NEFT
NOISE-TXN-1292,Harsh Bhasin,Nikhil Bhasin,9426.0,2026-09-02 11:00:00,IMPS
NOISE-TXN-1293,Pankaj Sethi,Ishaan Sethi,919.0,2026-09-02 19:00:00,UPI
NOISE-TXN-1294,Harsh Chhabra,Kabir Bansal,640.0,2026-09-03 11:00:00,UPI
NOISE-TXN-1295,Naveen Khurana,Kabir Bansal,779.0,2026-09-06 16:00:00,NEFT
NOISE-TXN-1296,Alok Batra,Rohan Bhasin,7371.0,2026-09-11 21:00:00,UPI
NOISE-TXN-1297,Dev Tiwari,Siddharth Nangia,5883.0,2026-09-03 21:00:00,IMPS
NOISE-TXN-1298,Alok Malhotra,Tushar Kapoor,6471.0,2026-09-12 04:00:00,NEFT
NOISE-TXN-1299,Vivek Sethi,Tushar Kapoor,5396.0,2026-09-02 09:00:00,NEFT
NOISE-TXN-1300,Mayank Batra,Yash Tiwari,10850.0,2026-09-04 06:00:00,IMPS
NOISE-TXN-1301,Vivek Bansal,Harsh Kapoor,5496.0,2026-09-01 21:00:00,IMPS
NOISE-TXN-1302,Siddharth Aggarwal,Dev Kakkar,3692.0,2026-09-08 09:00:00,IMPS
NOISE-TXN-1303,Harsh Tiwari,Farhan Grover,6979.0,2026-09-10 23:00:00,UPI
NOISE-TXN-1304,Nikhil Tiwari,Kabir Kapoor,14744.0,2026-09-02 19:00:00,NEFT
NOISE-TXN-1305,Naveen Sethi,Pankaj Chhabra,5621.0,2026-09-03 00:00:00,NEFT
NOISE-TXN-1306,Vivek Batra,Deepankar Singhal,626.0,2026-09-06 02:00:00,UPI
NOISE-TXN-1307,Harsh Kakkar,Farhan Sethi,1403.0,2026-09-06 11:00:00,IMPS
NOISE-TXN-1308,Tushar Grover,Gaurav Grover,5660.0,2026-09-04 13:00:00,IMPS
NOISE-TXN-1309,Bhavya Bhasin,Pankaj Wadhwa,2888.0,2026-09-06 12:00:00,UPI
NOISE-TXN-1310,Pankaj Kakkar,Rohan Bansal,2073.0,2026-09-08 23:00:00,UPI
NOISE-TXN-1311,Pankaj Malhotra,Gaurav Aggarwal,4932.0,2026-09-01 12:00:00,UPI
NOISE-TXN-1312,Gaurav Sethi,Naveen Malhotra,4242.0,2026-09-09 06:00:00,UPI
NOISE-TXN-1313,Alok Nangia,Deepankar Sethi,3245.0,2026-09-05 18:00:00,NEFT
NOISE-TXN-1314,Naveen Sethi,Pankaj Kakkar,7334.0,2026-09-03 18:00:00,NEFT
NOISE-TXN-1315,Mayank Malhotra,Pranav Bansal,2371.0,2026-09-01 10:00:00,NEFT
NOISE-TXN-1316,Gaurav Sethi,Tushar Khurana,613.0,2026-09-09 11:00:00,UPI
NOISE-TXN-1317,Farhan Aggarwal,Alok Chhabra,3973.0,2026-09-03 09:00:00,NEFT
NOISE-TXN-1318,Deepankar Bhasin,Kabir Kakkar,4174.0,2026-09-05 06:00:00,IMPS
NOISE-TXN-1319,Harsh Bhasin,Gaurav Grover,21601.0,2026-09-12 03:00:00,UPI
NOISE-TXN-1320,Pranav Batra,Ashish Gulati,2260.0,2026-09-05 17:00:00,UPI
NOISE-TXN-1321,Farhan Bhasin,Farhan Gulati,19476.0,2026-09-07 11:00:00,UPI
NOISE-TXN-1322,Pranav Aggarwal,Dev Bhasin,5666.0,2026-09-07 03:00:00,NEFT
NOISE-TXN-1323,Mayank Chhabra,Naveen Batra,7196.0,2026-09-01 18:00:00,NEFT
NOISE-TXN-1324,Bhavya Malhotra,Naveen Sethi,1697.0,2026-09-02 09:00:00,NEFT
NOISE-TXN-1325,Yash Kapoor,Ashish Nangia,443.0,2026-09-10 08:00:00,NEFT
NOISE-TXN-1326,Pranav Chhabra,Deepankar Sethi,8968.0,2026-09-04 23:00:00,IMPS
NOISE-TXN-1327,Pranav Bansal,Vivek Nangia,9209.0,2026-09-03 03:00:00,IMPS
NOISE-TXN-1328,Mayank Bhasin,Dev Nangia,598.0,2026-09-10 18:00:00,IMPS
NOISE-TXN-1329,Siddharth Nangia,Vivek Malhotra,5529.0,2026-09-10 18:00:00,NEFT
NOISE-TXN-1330,Naveen Malhotra,Bhavya Grover,10728.0,2026-09-09 16:00:00,IMPS
NOISE-TXN-1331,Mayank Grover,Deepankar Malhotra,3486.0,2026-09-02 10:00:00,NEFT
NOISE-TXN-1332,Vivek Nangia,Naveen Kapoor,3460.0,2026-09-02 00:00:00,IMPS
NOISE-TXN-1333,Tushar Khurana,Yash Tiwari,3286.0,2026-09-09 07:00:00,NEFT
NOISE-TXN-1334,Yash Kakkar,Gaurav Khurana,8982.0,2026-09-10 12:00:00,UPI
NOISE-TXN-1335,Yash Kakkar,Kabir Aggarwal,1168.0,2026-09-09 06:00:00,UPI
NOISE-TXN-1336,Dev Nangia,Nikhil Kakkar,1330.0,2026-09-08 03:00:00,NEFT
NOISE-TXN-1337,Pranav Singhal,Pranav Bhasin,2937.0,2026-09-07 07:00:00,NEFT
NOISE-TXN-1338,Pranav Singhal,Tushar Bhasin,1675.0,2026-09-01 21:00:00,UPI
NOISE-TXN-1339,Vivek Sethi,Yash Chhabra,988.0,2026-09-06 11:00:00,IMPS
NOISE-TXN-1340,Pranav Nangia,Pranav Chhabra,3368.0,2026-09-10 00:00:00,IMPS
NOISE-TXN-1341,Mayank Nangia,Farhan Batra,3740.0,2026-09-04 12:00:00,NEFT
NOISE-TXN-1342,Harsh Tiwari,Bhavya Chhabra,725.0,2026-09-02 14:00:00,NEFT
NOISE-TXN-1343,Ashish Wadhwa,Pranav Chhabra,18253.0,2026-09-09 15:00:00,UPI
NOISE-TXN-1344,Mayank Kakkar,Yash Kakkar,10630.0,2026-09-08 08:00:00,UPI
NOISE-TXN-1345,Mayank Grover,Nikhil Bansal,6153.0,2026-09-01 10:00:00,NEFT
NOISE-TXN-1346,Farhan Khurana,Alok Chhabra,3586.0,2026-09-11 04:00:00,IMPS
NOISE-TXN-1347,Deepankar Sethi,Harsh Chhabra,15558.0,2026-09-04 06:00:00,NEFT
NOISE-TXN-1348,Kabir Singhal,Alok Tiwari,3033.0,2026-09-02 13:00:00,IMPS
NOISE-TXN-1349,Pankaj Kakkar,Pranav Grover,259.0,2026-09-04 03:00:00,UPI
NOISE-TXN-1350,Nikhil Wadhwa,Mayank Wadhwa,4177.0,2026-09-07 22:00:00,NEFT
NOISE-TXN-1351,Bhavya Khurana,Vivek Khurana,2225.0,2026-09-06 09:00:00,UPI
NOISE-TXN-1352,Pranav Kapoor,Farhan Batra,14146.0,2026-09-10 23:00:00,NEFT
NOISE-TXN-1353,Mayank Grover,Kabir Batra,20248.0,2026-09-05 08:00:00,NEFT
NOISE-TXN-1354,Tushar Chhabra,Mayank Bansal,4424.0,2026-09-10 12:00:00,NEFT
NOISE-TXN-1355,Mayank Nangia,Vivek Malhotra,5059.0,2026-09-11 22:00:00,NEFT
NOISE-TXN-1356,Gaurav Khurana,Alok Tiwari,312.0,2026-09-06 05:00:00,NEFT
NOISE-TXN-1357,Harsh Bhasin,Yash Nangia,1473.0,2026-09-11 23:00:00,NEFT
NOISE-TXN-1358,Alok Chhabra,Alok Tiwari,1593.0,2026-09-06 18:00:00,UPI
NOISE-TXN-1359,Bhavya Malhotra,Alok Nangia,4856.0,2026-09-04 23:00:00,UPI
NOISE-TXN-1360,Bhavya Bhasin,Harsh Wadhwa,6242.0,2026-09-09 00:00:00,NEFT
NOISE-TXN-1361,Mayank Bhasin,Siddharth Gulati,413.0,2026-09-06 18:00:00,NEFT
NOISE-TXN-1362,Ishaan Sethi,Kabir Sethi,834.0,2026-09-06 15:00:00,UPI
NOISE-TXN-1363,Siddharth Nangia,Rohan Aggarwal,1587.0,2026-09-11 14:00:00,IMPS
NOISE-TXN-1364,Dev Wadhwa,Alok Bhasin,3732.0,2026-09-03 14:00:00,NEFT
NOISE-TXN-1365,Gaurav Sethi,Siddharth Chhabra,452.0,2026-09-05 04:00:00,IMPS
NOISE-TXN-1366,Tushar Bansal,Kabir Aggarwal,2704.0,2026-09-05 01:00:00,IMPS
NOISE-TXN-1367,Bhavya Nangia,Gaurav Aggarwal,729.0,2026-09-03 23:00:00,NEFT
NOISE-TXN-1368,Vivek Wadhwa,Kabir Gulati,290.0,2026-09-07 22:00:00,UPI
NOISE-TXN-1369,Deepankar Sethi,Harsh Wadhwa,4278.0,2026-09-03 08:00:00,UPI
NOISE-TXN-1370,Deepankar Bansal,Naveen Malhotra,2917.0,2026-09-02 10:00:00,IMPS
NOISE-TXN-1371,Tushar Kapoor,Siddharth Singhal,4208.0,2026-09-01 17:00:00,IMPS
NOISE-TXN-1372,Yash Kapoor,Siddharth Bansal,5573.0,2026-09-11 07:00:00,NEFT
NOISE-TXN-1373,Nikhil Grover,Tushar Khurana,1191.0,2026-09-04 22:00:00,IMPS
NOISE-TXN-1374,Mayank Chhabra,Dev Malhotra,21420.0,2026-09-08 07:00:00,UPI
NOISE-TXN-1375,Pranav Tiwari,Farhan Wadhwa,2638.0,2026-09-09 11:00:00,NEFT
NOISE-TXN-1376,Farhan Grover,Bhavya Singhal,3857.0,2026-09-03 12:00:00,UPI
NOISE-TXN-1377,Tushar Singhal,Bhavya Gulati,4857.0,2026-09-10 20:00:00,IMPS
NOISE-TXN-1378,Mayank Wadhwa,Farhan Khurana,2956.0,2026-09-08 05:00:00,IMPS
NOISE-TXN-1379,Alok Batra,Kabir Gulati,558.0,2026-09-01 15:00:00,UPI
NOISE-TXN-1380,Vivek Bhasin,Siddharth Bansal,6886.0,2026-09-11 09:00:00,UPI
NOISE-TXN-1381,Deepankar Malhotra,Gaurav Wadhwa,1214.0,2026-09-11 19:00:00,UPI
NOISE-TXN-1382,Kabir Chhabra,Siddharth Sethi,732.0,2026-09-04 02:00:00,UPI
NOISE-TXN-1383,Mayank Sethi,Bhavya Singhal,784.0,2026-09-05 14:00:00,UPI
NOISE-TXN-1384,Vivek Khurana,Pankaj Malhotra,22247.0,2026-09-12 08:00:00,UPI
NOISE-TXN-1385,Nikhil Wadhwa,Pranav Wadhwa,4736.0,2026-09-01 09:00:00,IMPS
NOISE-TXN-1386,Rohan Kapoor,Siddharth Aggarwal,9040.0,2026-09-10 20:00:00,UPI
NOISE-TXN-1387,Tushar Singhal,Pranav Chhabra,43193.0,2026-09-07 11:00:00,IMPS
NOISE-TXN-1388,Pranav Batra,Tushar Batra,7817.0,2026-09-11 21:00:00,NEFT
NOISE-TXN-1389,Ishaan Malhotra,Siddharth Sethi,711.0,2026-09-11 18:00:00,UPI
NOISE-TXN-1390,Ashish Malhotra,Kabir Aggarwal,3182.0,2026-09-05 17:00:00,UPI
NOISE-TXN-1391,Ishaan Tiwari,Vivek Bhasin,12969.0,2026-09-02 22:00:00,IMPS
NOISE-TXN-1392,Farhan Batra,Vivek Bansal,250.0,2026-09-03 17:00:00,UPI
NOISE-TXN-1393,Vivek Bansal,Naveen Kapoor,5043.0,2026-09-03 20:00:00,NEFT
NOISE-TXN-1394,Vivek Bansal,Dev Nangia,2545.0,2026-09-01 20:00:00,IMPS
NOISE-TXN-1395,Pranav Malhotra,Harsh Sethi,1916.0,2026-09-08 05:00:00,NEFT
NOISE-TXN-1396,Nikhil Aggarwal,Ashish Gulati,7951.0,2026-09-05 11:00:00,NEFT
NOISE-TXN-1397,Kabir Bansal,Farhan Sethi,415.0,2026-09-01 23:00:00,NEFT
NOISE-TXN-1398,Bhavya Chhabra,Vivek Chhabra,733.0,2026-09-10 11:00:00,NEFT
NOISE-TXN-1399,Bhavya Bhasin,Deepankar Bhasin,12132.0,2026-09-05 04:00:00,IMPS
NOISE-TXN-1400,Siddharth Nangia,Naveen Batra,1104.0,2026-09-11 18:00:00,IMPS
NOISE-TXN-1401,Kabir Gulati,Bhavya Kapoor,8358.0,2026-09-09 13:00:00,UPI
NOISE-TXN-1402,Bhavya Chhabra,Ishaan Bhasin,3233.0,2026-09-04 11:00:00,IMPS
NOISE-TXN-1403,Tushar Singhal,Bhavya Tiwari,2113.0,2026-09-10 23:00:00,IMPS
NOISE-TXN-1404,Mayank Kapoor,Bhavya Chhabra,2271.0,2026-09-07 18:00:00,NEFT
NOISE-TXN-1405,Vivek Bansal,Pankaj Sethi,6947.0,2026-09-06 12:00:00,IMPS
NOISE-TXN-1406,Ashish Bansal,Bhavya Bhasin,5225.0,2026-09-06 20:00:00,NEFT
NOISE-TXN-1407,Naveen Batra,Harsh Wadhwa,5526.0,2026-09-06 15:00:00,NEFT
NOISE-TXN-1408,Mayank Sethi,Siddharth Gulati,7629.0,2026-09-07 03:00:00,NEFT
NOISE-TXN-1409,Pankaj Wadhwa,Pranav Singhal,6320.0,2026-09-09 01:00:00,UPI
NOISE-TXN-1410,Siddharth Nangia,Alok Wadhwa,4695.0,2026-09-10 18:00:00,UPI
NOISE-TXN-1411,Farhan Grover,Nikhil Bhasin,2487.0,2026-09-08 00:00:00,NEFT
NOISE-TXN-1412,Deepankar Singhal,Bhavya Singhal,7477.0,2026-09-04 18:00:00,UPI
NOISE-TXN-1413,Bhavya Grover,Kabir Chhabra,1861.0,2026-09-02 20:00:00,NEFT
NOISE-TXN-1414,Mayank Bansal,Naveen Gulati,1055.0,2026-09-02 05:00:00,UPI
NOISE-TXN-1415,Yash Kapoor,Nikhil Kakkar,4304.0,2026-09-04 14:00:00,IMPS
NOISE-TXN-1416,Kabir Kakkar,Mayank Batra,6946.0,2026-09-06 10:00:00,IMPS
NOISE-TXN-1417,Alok Chhabra,Pranav Kapoor,318.0,2026-09-07 11:00:00,IMPS
NOISE-TXN-1418,Yash Gulati,Vivek Aggarwal,2259.0,2026-09-10 04:00:00,NEFT
NOISE-TXN-1419,Harsh Kakkar,Kabir Sethi,6567.0,2026-09-02 02:00:00,IMPS
NOISE-TXN-1420,Alok Malhotra,Dev Bhasin,1712.0,2026-09-09 18:00:00,IMPS
NOISE-TXN-1421,Pankaj Malhotra,Naveen Khurana,7353.0,2026-09-10 09:00:00,UPI
NOISE-TXN-1422,Kabir Aggarwal,Yash Nangia,624.0,2026-09-10 10:00:00,IMPS
NOISE-TXN-1423,Pankaj Bhasin,Alok Bhasin,15413.0,2026-09-03 15:00:00,NEFT
NOISE-TXN-1424,Farhan Bhasin,Vivek Batra,2034.0,2026-09-10 04:00:00,IMPS
NOISE-TXN-1425,Ashish Bhasin,Ishaan Tiwari,12964.0,2026-09-09 00:00:00,UPI
NOISE-TXN-1426,Dev Malhotra,Alok Wadhwa,9435.0,2026-09-03 18:00:00,UPI
NOISE-TXN-1427,Deepankar Sethi,Vivek Nangia,4971.0,2026-09-08 17:00:00,NEFT
NOISE-TXN-1428,Bhavya Bansal,Pankaj Wadhwa,1309.0,2026-09-02 04:00:00,IMPS
NOISE-TXN-1429,Yash Kakkar,Pranav Sethi,13090.0,2026-09-04 23:00:00,IMPS
NOISE-TXN-1430,Vivek Khurana,Pranav Wadhwa,2641.0,2026-09-08 03:00:00,UPI
NOISE-TXN-1431,Farhan Batra,Farhan Sethi,8271.0,2026-09-05 02:00:00,UPI
NOISE-TXN-1432,Bhavya Grover,Kabir Batra,11166.0,2026-09-08 02:00:00,NEFT
NOISE-TXN-1433,Gaurav Gulati,Rohan Gulati,1713.0,2026-09-11 10:00:00,NEFT
NOISE-TXN-1434,Ashish Nangia,Nikhil Grover,2179.0,2026-09-11 05:00:00,IMPS
NOISE-TXN-1435,Naveen Gulati,Harsh Tiwari,394.0,2026-09-06 13:00:00,IMPS
NOISE-TXN-1436,Gaurav Khurana,Yash Gulati,6802.0,2026-09-02 02:00:00,UPI
NOISE-TXN-1437,Siddharth Singhal,Dev Kapoor,12538.0,2026-09-11 01:00:00,IMPS
NOISE-TXN-1438,Farhan Batra,Yash Sethi,8320.0,2026-09-08 20:00:00,IMPS
NOISE-TXN-1439,Bhavya Grover,Tushar Aggarwal,9821.0,2026-09-03 01:00:00,UPI
NOISE-TXN-1440,Kabir Aggarwal,Kabir Singhal,4142.0,2026-09-07 22:00:00,IMPS
NOISE-TXN-1441,Vivek Bansal,Gaurav Bhasin,3580.0,2026-09-07 15:00:00,NEFT
NOISE-TXN-1442,Tushar Tiwari,Pranav Khurana,4441.0,2026-09-10 12:00:00,NEFT
NOISE-TXN-1443,Pankaj Aggarwal,Dev Wadhwa,4888.0,2026-09-08 06:00:00,NEFT
NOISE-TXN-1444,Dev Malhotra,Ashish Kakkar,896.0,2026-09-03 15:00:00,UPI
NOISE-TXN-1445,Tushar Singhal,Dev Wadhwa,16125.0,2026-09-12 07:00:00,UPI
NOISE-TXN-1446,Harsh Kapoor,Pranav Bansal,3519.0,2026-09-10 22:00:00,NEFT
NOISE-TXN-1447,Farhan Sethi,Bhavya Bhasin,3135.0,2026-09-08 11:00:00,UPI
NOISE-TXN-1448,Kabir Kakkar,Bhavya Bhasin,2125.0,2026-09-11 03:00:00,NEFT
NOISE-TXN-1449,Ashish Bansal,Mayank Malhotra,814.0,2026-09-05 16:00:00,UPI
NOISE-TXN-1450,Nikhil Sethi,Pranav Bansal,378.0,2026-09-11 00:00:00,UPI
NOISE-TXN-1451,Tushar Khurana,Siddharth Bansal,3238.0,2026-09-06 16:00:00,UPI
NOISE-TXN-1452,Gaurav Grover,Rohan Batra,7506.0,2026-09-04 01:00:00,UPI
NOISE-TXN-1453,Dev Wadhwa,Dev Kapoor,14053.0,2026-09-09 01:00:00,NEFT
NOISE-TXN-1454,Pankaj Malhotra,Alok Malhotra,4274.0,2026-09-10 02:00:00,NEFT
NOISE-TXN-1455,Tushar Khurana,Ashish Kakkar,1848.0,2026-09-05 20:00:00,UPI
NOISE-TXN-1456,Siddharth Chhabra,Nikhil Khurana,603.0,2026-09-02 10:00:00,NEFT
NOISE-TXN-1457,Bhavya Aggarwal,Gaurav Kapoor,4953.0,2026-09-01 12:00:00,IMPS
NOISE-TXN-1458,Kabir Kapoor,Tushar Tiwari,7603.0,2026-09-09 18:00:00,NEFT
NOISE-TXN-1459,Naveen Khurana,Pranav Malhotra,4056.0,2026-09-12 08:00:00,IMPS
NOISE-TXN-1460,Dev Malhotra,Pankaj Wadhwa,16845.0,2026-09-01 13:00:00,NEFT
NOISE-TXN-1461,Pranav Chhabra,Rohan Kapoor,7373.0,2026-09-12 01:00:00,IMPS
NOISE-TXN-1462,Vivek Khurana,Ishaan Khurana,10073.0,2026-09-08 01:00:00,NEFT
NOISE-TXN-1463,Gaurav Bhasin,Gaurav Aggarwal,6196.0,2026-09-11 00:00:00,IMPS
NOISE-TXN-1464,Vivek Chhabra,Ashish Malhotra,12145.0,2026-09-08 13:00:00,UPI
NOISE-TXN-1465,Ashish Bansal,Tushar Khurana,10169.0,2026-09-08 20:00:00,UPI
NOISE-TXN-1466,Harsh Sethi,Deepankar Kapoor,12194.0,2026-09-01 10:00:00,NEFT
NOISE-TXN-1467,Dev Tiwari,Ashish Kakkar,10538.0,2026-09-05 09:00:00,IMPS
NOISE-TXN-1468,Yash Tiwari,Alok Nangia,7839.0,2026-09-06 20:00:00,IMPS
NOISE-TXN-1469,Ishaan Bhasin,Pranav Sethi,4731.0,2026-09-05 01:00:00,IMPS
NOISE-TXN-1470,Rohan Kapoor,Vivek Bhasin,3476.0,2026-09-04 09:00:00,NEFT
NOISE-TXN-1471,Yash Kapoor,Bhavya Singhal,8388.0,2026-09-07 16:00:00,IMPS
NOISE-TXN-1472,Bhavya Singhal,Dev Wadhwa,3882.0,2026-09-08 00:00:00,UPI
NOISE-TXN-1473,Dev Tiwari,Farhan Gulati,5523.0,2026-09-07 19:00:00,UPI
NOISE-TXN-1474,Mayank Chhabra,Vivek Wadhwa,2546.0,2026-09-07 03:00:00,NEFT
NOISE-TXN-1475,Pankaj Singhal,Tushar Chhabra,10499.0,2026-09-05 18:00:00,UPI
NOISE-TXN-1476,Bhavya Malhotra,Bhavya Kapoor,4525.0,2026-09-05 08:00:00,NEFT
NOISE-TXN-1477,Ashish Malhotra,Tushar Chhabra,9547.0,2026-09-05 15:00:00,IMPS
NOISE-TXN-1478,Bhavya Bhasin,Dev Malhotra,7212.0,2026-09-01 23:00:00,IMPS
NOISE-TXN-1479,Tushar Chhabra,Harsh Aggarwal,3238.0,2026-09-04 09:00:00,UPI
NOISE-TXN-1480,Nikhil Tiwari,Tushar Kakkar,2250.0,2026-09-02 09:00:00,UPI
NOISE-TXN-1481,Vivek Singhal,Deepankar Tiwari,12334.0,2026-09-01 15:00:00,UPI
NOISE-TXN-1482,Tushar Kakkar,Mayank Malhotra,1756.0,2026-09-02 01:00:00,IMPS
NOISE-TXN-1483,Tushar Chhabra,Pankaj Singhal,2902.0,2026-09-06 22:00:00,IMPS
NOISE-TXN-1484,Vivek Bhasin,Pranav Kapoor,4792.0,2026-09-11 18:00:00,IMPS
NOISE-TXN-1485,Vivek Sethi,Dev Nangia,656.0,2026-09-04 00:00:00,IMPS
NOISE-TXN-1486,Mayank Sethi,Farhan Tiwari,6356.0,2026-09-10 22:00:00,IMPS
NOISE-TXN-1487,Mayank Malhotra,Pankaj Gulati,13009.0,2026-09-10 20:00:00,UPI
NOISE-TXN-1488,Harsh Kakkar,Farhan Tiwari,2039.0,2026-09-07 15:00:00,UPI
NOISE-TXN-1489,Farhan Bhasin,Gaurav Sethi,570.0,2026-09-11 00:00:00,UPI
NOISE-TXN-1490,Mayank Nangia,Pankaj Kakkar,4919.0,2026-09-09 18:00:00,UPI
NOISE-TXN-1491,Bhavya Grover,Farhan Wadhwa,1725.0,2026-09-10 09:00:00,IMPS
NOISE-TXN-1492,Rohan Aggarwal,Naveen Kapoor,3079.0,2026-09-08 16:00:00,NEFT
NOISE-TXN-1493,Gaurav Grover,Alok Tiwari,1820.0,2026-09-02 23:00:00,IMPS
NOISE-TXN-1494,Ashish Bhasin,Vivek Sethi,2567.0,2026-09-10 14:00:00,UPI
NOISE-TXN-1495,Vivek Sethi,Nikhil Aggarwal,1490.0,2026-09-07 16:00:00,UPI
NOISE-TXN-1496,Farhan Aggarwal,Pankaj Sethi,2015.0,2026-09-10 18:00:00,IMPS
NOISE-TXN-1497,Bhavya Kapoor,Mayank Kakkar,8246.0,2026-09-06 19:00:00,IMPS
NOISE-TXN-1498,Rohan Gulati,Bhavya Khurana,561.0,2026-09-04 19:00:00,UPI
NOISE-TXN-1499,Tushar Batra,Pranav Sethi,449.0,2026-09-05 22:00:00,NEFT
NOISE-TXN-1500,Tushar Bhasin,Mayank Nangia,2591.0,2026-09-04 03:00:00,UPI
NOISE-TXN-1501,Nikhil Wadhwa,Vivek Bhasin,3213.0,2026-09-12 04:00:00,IMPS
NOISE-TXN-1502,Naveen Wadhwa,Pranav Sethi,1140.0,2026-09-09 10:00:00,UPI
NOISE-TXN-1503,Pranav Nangia,Alok Bhasin,3640.0,2026-09-06 11:00:00,IMPS
NOISE-TXN-1504,Naveen Kakkar,Tushar Tiwari,5548.0,2026-09-09 18:00:00,UPI
NOISE-TXN-1505,Yash Nangia,Alok Bhasin,2388.0,2026-09-04 11:00:00,IMPS
NOISE-TXN-1506,Dev Gulati,Vivek Chhabra,5268.0,2026-09-08 12:00:00,UPI
NOISE-TXN-1507,Mayank Batra,Pranav Kapoor,25428.0,2026-09-08 04:00:00,NEFT
NOISE-TXN-1508,Gaurav Bhasin,Nikhil Tiwari,4312.0,2026-09-08 00:00:00,IMPS
NOISE-TXN-1509,Ashish Kakkar,Tushar Khurana,4023.0,2026-09-10 10:00:00,IMPS
NOISE-TXN-1510,Ashish Bhasin,Vivek Batra,5042.0,2026-09-11 00:00:00,UPI
NOISE-TXN-1511,Dev Bansal,Bhavya Grover,14893.0,2026-09-07 03:00:00,UPI
NOISE-TXN-1512,Vivek Sethi,Gaurav Wadhwa,7489.0,2026-09-05 00:00:00,UPI
NOISE-TXN-1513,Naveen Batra,Tushar Kakkar,3277.0,2026-09-11 00:00:00,NEFT
NOISE-TXN-1514,Pranav Chhabra,Ishaan Sethi,171.0,2026-09-05 02:00:00,UPI
NOISE-TXN-1515,Yash Kapoor,Naveen Gulati,1742.0,2026-09-11 06:00:00,NEFT
NOISE-TXN-1516,Vivek Malhotra,Harsh Chhabra,2793.0,2026-09-07 01:00:00,NEFT
NOISE-TXN-1517,Mayank Kapoor,Nikhil Wadhwa,11731.0,2026-09-01 16:00:00,NEFT
NOISE-TXN-1518,Mayank Grover,Vivek Bansal,8528.0,2026-09-11 17:00:00,UPI
NOISE-TXN-1519,Kabir Bansal,Mayank Malhotra,2898.0,2026-09-03 23:00:00,NEFT
NOISE-TXN-1520,Pranav Sethi,Ashish Gulati,3424.0,2026-09-07 05:00:00,NEFT
NOISE-TXN-1521,Deepankar Bansal,Harsh Wadhwa,6978.0,2026-09-02 17:00:00,UPI
NOISE-TXN-1522,Vivek Aggarwal,Tushar Singhal,1771.0,2026-09-04 13:00:00,NEFT
NOISE-TXN-1523,Tushar Chhabra,Bhavya Bhasin,587.0,2026-09-10 13:00:00,UPI
NOISE-TXN-1524,Mayank Batra,Pankaj Bhasin,587.0,2026-09-06 19:00:00,NEFT
NOISE-TXN-1525,Pranav Malhotra,Alok Batra,3852.0,2026-09-05 17:00:00,IMPS
NOISE-TXN-1526,Naveen Batra,Alok Nangia,4857.0,2026-09-03 09:00:00,UPI
NOISE-TXN-1527,Bhavya Aggarwal,Rohan Kapoor,3937.0,2026-09-08 09:00:00,IMPS
NOISE-TXN-1528,Yash Kakkar,Kabir Singhal,5821.0,2026-09-12 06:00:00,NEFT
NOISE-TXN-1529,Alok Nangia,Pankaj Wadhwa,11493.0,2026-09-04 01:00:00,IMPS
NOISE-TXN-1530,Bhavya Kapoor,Yash Gulati,18027.0,2026-09-07 11:00:00,NEFT
NOISE-TXN-1531,Harsh Bhasin,Pranav Bhasin,1654.0,2026-09-04 17:00:00,NEFT
NOISE-TXN-1532,Deepankar Bhasin,Siddharth Singhal,1605.0,2026-09-06 16:00:00,NEFT
NOISE-TXN-1533,Kabir Bansal,Farhan Grover,15292.0,2026-09-06 05:00:00,IMPS
NOISE-TXN-1534,Deepankar Bhasin,Mayank Kapoor,7778.0,2026-09-01 21:00:00,IMPS
NOISE-TXN-1535,Ishaan Bhasin,Bhavya Bhasin,430.0,2026-09-11 03:00:00,UPI
NOISE-TXN-1536,Pankaj Chhabra,Farhan Kapoor,8334.0,2026-09-08 07:00:00,IMPS
NOISE-TXN-1537,Rohan Aggarwal,Farhan Kapoor,5772.0,2026-09-05 20:00:00,NEFT
NOISE-TXN-1538,Pankaj Malhotra,Siddharth Singhal,14843.0,2026-09-03 10:00:00,UPI
NOISE-TXN-1539,Naveen Kapoor,Mayank Bansal,5521.0,2026-09-03 05:00:00,NEFT
NOISE-TXN-1540,Pranav Malhotra,Dev Batra,659.0,2026-09-02 21:00:00,IMPS
NOISE-TXN-1541,Kabir Kapoor,Pankaj Wadhwa,5032.0,2026-09-06 20:00:00,NEFT
NOISE-TXN-1542,Deepankar Sethi,Rohan Batra,2020.0,2026-09-01 12:00:00,NEFT
NOISE-TXN-1543,Deepankar Singhal,Farhan Kapoor,5070.0,2026-09-07 09:00:00,NEFT
NOISE-TXN-1544,Naveen Malhotra,Kabir Singhal,3159.0,2026-09-05 04:00:00,NEFT
NOISE-TXN-1545,Mayank Malhotra,Kabir Kapoor,2096.0,2026-09-09 21:00:00,IMPS
NOISE-TXN-1546,Rohan Bhasin,Tushar Bhasin,12769.0,2026-09-09 15:00:00,IMPS
NOISE-TXN-1547,Yash Gulati,Nikhil Singhal,7170.0,2026-09-04 09:00:00,NEFT
NOISE-TXN-1548,Mayank Nangia,Kabir Sethi,7459.0,2026-09-03 04:00:00,IMPS
NOISE-TXN-1549,Nikhil Tiwari,Kabir Bansal,13926.0,2026-09-02 10:00:00,UPI
NOISE-TXN-1550,Mayank Wadhwa,Alok Khurana,2294.0,2026-09-01 19:00:00,IMPS
NOISE-TXN-1551,Ishaan Sethi,Deepankar Tiwari,933.0,2026-09-08 19:00:00,NEFT
NOISE-TXN-1552,Dev Nangia,Bhavya Chhabra,1373.0,2026-09-07 16:00:00,NEFT
NOISE-TXN-1553,Ishaan Malhotra,Dev Tiwari,6240.0,2026-09-02 17:00:00,IMPS
NOISE-TXN-1554,Bhavya Malhotra,Naveen Kakkar,2815.0,2026-09-09 17:00:00,UPI
NOISE-TXN-1555,Nikhil Kakkar,Deepankar Kapoor,1198.0,2026-09-03 10:00:00,UPI
NOISE-TXN-1556,Alok Bhasin,Siddharth Malhotra,3225.0,2026-09-02 18:00:00,UPI
NOISE-TXN-1557,Nikhil Singhal,Alok Khurana,7340.0,2026-09-04 11:00:00,UPI
NOISE-TXN-1558,Siddharth Chhabra,Ashish Malhotra,11915.0,2026-09-10 13:00:00,IMPS
NOISE-TXN-1559,Yash Gulati,Harsh Bhasin,308.0,2026-09-07 03:00:00,NEFT
NOISE-TXN-1560,Gaurav Sethi,Alok Wadhwa,3676.0,2026-09-06 08:00:00,UPI
NOISE-TXN-1561,Bhavya Nangia,Alok Malhotra,10047.0,2026-09-04 21:00:00,NEFT
NOISE-TXN-1562,Tushar Kapoor,Deepankar Singhal,3486.0,2026-09-11 04:00:00,UPI
NOISE-TXN-1563,Pankaj Gulati,Nikhil Kakkar,2454.0,2026-09-09 05:00:00,NEFT
NOISE-TXN-1564,Kabir Chhabra,Yash Chhabra,3627.0,2026-09-06 20:00:00,NEFT
NOISE-TXN-1565,Nikhil Wadhwa,Siddharth Gulati,2762.0,2026-09-08 10:00:00,IMPS
NOISE-TXN-1566,Ashish Nangia,Dev Batra,17316.0,2026-09-11 13:00:00,IMPS
NOISE-TXN-1567,Deepankar Bansal,Farhan Khurana,928.0,2026-09-06 18:00:00,NEFT
NOISE-TXN-1568,Pankaj Sethi,Deepankar Malhotra,4296.0,2026-09-08 18:00:00,UPI
NOISE-TXN-1569,Pranav Tiwari,Alok Chhabra,2694.0,2026-09-11 00:00:00,NEFT
NOISE-TXN-1570,Yash Tiwari,Pranav Aggarwal,9514.0,2026-09-06 20:00:00,NEFT
NOISE-TXN-1571,Vivek Chhabra,Bhavya Grover,8229.0,2026-09-05 13:00:00,IMPS
NOISE-TXN-1572,Ashish Bhasin,Mayank Batra,3753.0,2026-09-04 00:00:00,NEFT
NOISE-TXN-1573,Pankaj Sethi,Nikhil Bhasin,6495.0,2026-09-02 05:00:00,NEFT
NOISE-TXN-1574,Siddharth Chhabra,Pranav Malhotra,7761.0,2026-09-01 17:00:00,IMPS
NOISE-TXN-1575,Bhavya Chhabra,Vivek Khurana,4977.0,2026-09-04 09:00:00,IMPS
NOISE-TXN-1576,Siddharth Chhabra,Alok Kapoor,3779.0,2026-09-08 04:00:00,IMPS
NOISE-TXN-1577,Bhavya Bhasin,Mayank Malhotra,313.0,2026-09-08 19:00:00,NEFT
NOISE-TXN-1578,Mayank Grover,Nikhil Sethi,586.0,2026-09-03 16:00:00,IMPS
NOISE-TXN-1579,Gaurav Grover,Rohan Batra,916.0,2026-09-04 20:00:00,IMPS
NOISE-TXN-1580,Alok Bhasin,Harsh Khurana,2551.0,2026-09-05 18:00:00,UPI
NOISE-TXN-1581,Naveen Khurana,Vivek Singhal,8336.0,2026-09-01 12:00:00,IMPS
NOISE-TXN-1582,Bhavya Bansal,Dev Bansal,2718.0,2026-09-02 16:00:00,UPI
NOISE-TXN-1583,Ishaan Tiwari,Pranav Sethi,7742.0,2026-09-04 22:00:00,IMPS
NOISE-TXN-1584,Gaurav Kapoor,Naveen Sethi,5150.0,2026-09-01 19:00:00,IMPS
NOISE-TXN-1585,Alok Tiwari,Nikhil Bansal,1014.0,2026-09-04 16:00:00,IMPS
NOISE-TXN-1586,Ishaan Kakkar,Harsh Kapoor,5341.0,2026-09-10 20:00:00,UPI
NOISE-TXN-1587,Naveen Batra,Harsh Kapoor,1394.0,2026-09-12 01:00:00,IMPS
NOISE-TXN-1588,Vivek Batra,Dev Bhasin,603.0,2026-09-05 03:00:00,UPI
NOISE-TXN-1589,Bhavya Nangia,Naveen Malhotra,3276.0,2026-09-07 08:00:00,NEFT
NOISE-TXN-1590,Dev Tiwari,Vivek Sethi,6244.0,2026-09-03 23:00:00,UPI
NOISE-TXN-1591,Vivek Chhabra,Mayank Batra,11335.0,2026-09-05 21:00:00,IMPS
NOISE-TXN-1592,Pranav Sethi,Naveen Wadhwa,1216.0,2026-09-12 06:00:00,IMPS
NOISE-TXN-1593,Tushar Khurana,Gaurav Gulati,336.0,2026-09-07 21:00:00,IMPS
NOISE-TXN-1594,Farhan Gulati,Tushar Tiwari,977.0,2026-09-03 09:00:00,IMPS
NOISE-TXN-1595,Ashish Wadhwa,Mayank Kapoor,3311.0,2026-09-02 14:00:00,UPI
NOISE-TXN-1596,Vivek Bhasin,Nikhil Wadhwa,929.0,2026-09-09 08:00:00,UPI
NOISE-TXN-1597,Naveen Malhotra,Vivek Bansal,2880.0,2026-09-04 12:00:00,NEFT
NOISE-TXN-1598,Alok Nangia,Alok Kapoor,4443.0,2026-09-10 14:00:00,UPI
NOISE-TXN-1599,Bhavya Chhabra,Vivek Sethi,4444.0,2026-09-12 08:00:00,UPI
NOISE-TXN-1600,Alok Malhotra,Tushar Singhal,3400.0,2026-09-01 19:00:00,IMPS
NOISE-TXN-1601,Vivek Singhal,Yash Chhabra,2908.0,2026-09-02 15:00:00,NEFT
NOISE-TXN-1602,Yash Sethi,Rohan Gulati,5434.0,2026-09-04 11:00:00,IMPS
NOISE-TXN-1603,Pranav Malhotra,Naveen Batra,1049.0,2026-09-09 13:00:00,NEFT
NOISE-TXN-1604,Bhavya Malhotra,Vivek Singhal,1213.0,2026-09-03 08:00:00,NEFT
NOISE-TXN-1605,Naveen Batra,Bhavya Grover,5549.0,2026-09-04 18:00:00,UPI
NOISE-TXN-1606,Deepankar Bansal,Rohan Batra,3121.0,2026-09-05 21:00:00,IMPS
NOISE-TXN-1607,Nikhil Tiwari,Harsh Wadhwa,5742.0,2026-09-11 23:00:00,NEFT
NOISE-TXN-1608,Pranav Nangia,Pankaj Aggarwal,171.0,2026-09-09 10:00:00,IMPS
NOISE-TXN-1609,Ishaan Sethi,Gaurav Aggarwal,9176.0,2026-09-06 19:00:00,IMPS
NOISE-TXN-1610,Tushar Tiwari,Nikhil Bansal,1745.0,2026-09-03 14:00:00,IMPS
NOISE-TXN-1611,Kabir Kakkar,Yash Nangia,1996.0,2026-09-06 03:00:00,NEFT
NOISE-TXN-1612,Alok Tiwari,Harsh Tiwari,10801.0,2026-09-05 07:00:00,IMPS
NOISE-TXN-1613,Siddharth Chhabra,Alok Bhasin,557.0,2026-09-09 15:00:00,NEFT
NOISE-TXN-1614,Bhavya Gulati,Pankaj Bhasin,1113.0,2026-09-03 13:00:00,IMPS
NOISE-TXN-1615,Nikhil Tiwari,Yash Kakkar,22026.0,2026-09-04 20:00:00,UPI
NOISE-TXN-1616,Alok Chhabra,Harsh Kapoor,542.0,2026-09-10 01:00:00,UPI
NOISE-TXN-1617,Dev Batra,Rohan Bansal,10326.0,2026-09-07 01:00:00,UPI
NOISE-TXN-1618,Dev Nangia,Dev Bansal,6465.0,2026-09-09 07:00:00,UPI
NOISE-TXN-1619,Pankaj Wadhwa,Tushar Chhabra,420.0,2026-09-09 07:00:00,UPI
NOISE-TXN-1620,Ishaan Tiwari,Alok Bhasin,2573.0,2026-09-11 03:00:00,IMPS
NOISE-TXN-1621,Pankaj Malhotra,Tushar Bansal,3276.0,2026-09-08 15:00:00,NEFT
NOISE-TXN-1622,Kabir Kapoor,Yash Sethi,10533.0,2026-09-11 14:00:00,UPI
NOISE-TXN-1623,Ashish Bansal,Pankaj Malhotra,6447.0,2026-09-05 22:00:00,UPI
NOISE-TXN-1624,Pranav Sethi,Dev Kapoor,422.0,2026-09-10 00:00:00,UPI
NOISE-TXN-1625,Dev Tiwari,Yash Kakkar,5614.0,2026-09-10 12:00:00,UPI
NOISE-TXN-1626,Naveen Khurana,Yash Kakkar,982.0,2026-09-04 13:00:00,UPI
NOISE-TXN-1627,Siddharth Chhabra,Vivek Gulati,3249.0,2026-09-10 22:00:00,NEFT
NOISE-TXN-1628,Harsh Aggarwal,Alok Kapoor,1545.0,2026-09-04 14:00:00,UPI
NOISE-TXN-1629,Deepankar Malhotra,Gaurav Bhasin,9690.0,2026-09-05 11:00:00,IMPS
NOISE-TXN-1630,Ashish Bansal,Pranav Chhabra,8509.0,2026-09-04 20:00:00,NEFT
NOISE-TXN-1631,Kabir Sethi,Vivek Aggarwal,244.0,2026-09-10 14:00:00,NEFT
NOISE-TXN-1632,Vivek Bansal,Ishaan Kakkar,3638.0,2026-09-06 01:00:00,NEFT
NOISE-TXN-1633,Pranav Khurana,Mayank Nangia,3294.0,2026-09-09 20:00:00,NEFT
NOISE-TXN-1634,Kabir Chhabra,Alok Malhotra,2562.0,2026-09-05 00:00:00,NEFT
NOISE-TXN-1635,Yash Khurana,Mayank Malhotra,1239.0,2026-09-11 22:00:00,UPI
NOISE-TXN-1636,Yash Nangia,Gaurav Gulati,7040.0,2026-09-08 10:00:00,UPI
NOISE-TXN-1637,Yash Sethi,Dev Nangia,1387.0,2026-09-09 19:00:00,NEFT
NOISE-TXN-1638,Dev Kakkar,Mayank Batra,2073.0,2026-09-07 13:00:00,NEFT
NOISE-TXN-1639,Mayank Wadhwa,Dev Kapoor,2857.0,2026-09-01 16:00:00,UPI
NOISE-TXN-1640,Pankaj Singhal,Bhavya Singhal,1058.0,2026-09-07 19:00:00,NEFT
NOISE-TXN-1641,Harsh Aggarwal,Vivek Aggarwal,8235.0,2026-09-07 18:00:00,IMPS
NOISE-TXN-1642,Dev Batra,Bhavya Gulati,5200.0,2026-09-02 08:00:00,UPI
NOISE-TXN-1643,Alok Tiwari,Vivek Gulati,2422.0,2026-09-09 14:00:00,UPI
NOISE-TXN-1644,Alok Chhabra,Pranav Sethi,896.0,2026-09-09 05:00:00,NEFT
NOISE-TXN-1645,Vivek Chhabra,Nikhil Aggarwal,2697.0,2026-09-08 21:00:00,UPI
NOISE-TXN-1646,Vivek Bhasin,Deepankar Sethi,4210.0,2026-09-12 01:00:00,UPI
NOISE-TXN-1647,Vivek Sethi,Dev Gulati,1535.0,2026-09-04 18:00:00,IMPS
NOISE-TXN-1648,Pranav Chhabra,Gaurav Grover,211.0,2026-09-03 21:00:00,NEFT
NOISE-TXN-1649,Tushar Singhal,Pankaj Gulati,5279.0,2026-09-01 15:00:00,UPI
NOISE-TXN-1650,Kabir Singhal,Alok Kapoor,643.0,2026-09-06 20:00:00,UPI
NOISE-TXN-1651,Ishaan Sethi,Naveen Kakkar,14807.0,2026-09-08 13:00:00,IMPS
NOISE-TXN-1652,Ashish Bhasin,Mayank Batra,5298.0,2026-09-10 15:00:00,NEFT
NOISE-TXN-1653,Bhavya Singhal,Mayank Kakkar,208.0,2026-09-07 11:00:00,IMPS
NOISE-TXN-1654,Mayank Bhasin,Pranav Batra,1930.0,2026-09-05 04:00:00,UPI
NOISE-TXN-1655,Kabir Kapoor,Pranav Singhal,9676.0,2026-09-11 21:00:00,IMPS
NOISE-TXN-1656,Bhavya Chhabra,Bhavya Bhasin,11786.0,2026-09-05 19:00:00,IMPS
NOISE-TXN-1657,Pankaj Bhasin,Nikhil Kakkar,107.0,2026-09-10 08:00:00,IMPS
NOISE-TXN-1658,Farhan Grover,Vivek Sethi,3898.0,2026-09-11 19:00:00,UPI
NOISE-TXN-1659,Mayank Wadhwa,Bhavya Khurana,4019.0,2026-09-09 06:00:00,IMPS
NOISE-TXN-1660,Pranav Bhasin,Gaurav Grover,10635.0,2026-09-01 09:00:00,UPI
NOISE-TXN-1661,Deepankar Aggarwal,Bhavya Khurana,1820.0,2026-09-09 15:00:00,UPI
NOISE-TXN-1662,Siddharth Bansal,Tushar Tiwari,3809.0,2026-09-11 22:00:00,IMPS
NOISE-TXN-1663,Kabir Kakkar,Deepankar Bhasin,693.0,2026-09-06 15:00:00,IMPS
NOISE-TXN-1664,Tushar Bansal,Alok Kapoor,4295.0,2026-09-06 23:00:00,IMPS
NOISE-TXN-1665,Pranav Tiwari,Farhan Tiwari,1675.0,2026-09-03 23:00:00,UPI
NOISE-TXN-1666,Ishaan Tiwari,Farhan Tiwari,23289.0,2026-09-02 23:00:00,IMPS
NOISE-TXN-1667,Dev Gulati,Naveen Batra,6004.0,2026-09-07 00:00:00,NEFT
NOISE-TXN-1668,Siddharth Chhabra,Tushar Batra,4587.0,2026-09-04 02:00:00,UPI
NOISE-TXN-1669,Mayank Batra,Mayank Grover,10905.0,2026-09-04 22:00:00,UPI
NOISE-TXN-1670,Deepankar Sethi,Alok Nangia,1463.0,2026-09-04 19:00:00,NEFT
NOISE-TXN-1671,Bhavya Bansal,Naveen Kapoor,6900.0,2026-09-10 22:00:00,NEFT
NOISE-TXN-1672,Pranav Nangia,Yash Chhabra,11969.0,2026-09-11 10:00:00,UPI
NOISE-TXN-1673,Vivek Singhal,Pranav Tiwari,4149.0,2026-09-09 15:00:00,UPI
NOISE-TXN-1674,Deepankar Kapoor,Dev Batra,5500.0,2026-09-11 12:00:00,NEFT
NOISE-TXN-1675,Pankaj Aggarwal,Nikhil Sethi,1848.0,2026-09-08 09:00:00,NEFT
NOISE-TXN-1676,Dev Gulati,Mayank Nangia,1681.0,2026-09-04 06:00:00,NEFT
NOISE-TXN-1677,Pranav Wadhwa,Farhan Khurana,3805.0,2026-09-12 04:00:00,UPI
NOISE-TXN-1678,Dev Gulati,Vivek Singhal,4048.0,2026-09-08 07:00:00,IMPS
NOISE-TXN-1679,Mayank Chhabra,Naveen Kapoor,4398.0,2026-09-06 18:00:00,IMPS
NOISE-TXN-1680,Ashish Nangia,Ashish Kakkar,2989.0,2026-09-01 21:00:00,IMPS
NOISE-TXN-1681,Naveen Kakkar,Vivek Aggarwal,3938.0,2026-09-11 15:00:00,NEFT
NOISE-TXN-1682,Mayank Grover,Pranav Singhal,1086.0,2026-09-09 14:00:00,NEFT
NOISE-TXN-1683,Tushar Bhasin,Gaurav Aggarwal,1784.0,2026-09-06 09:00:00,IMPS
NOISE-TXN-1684,Mayank Wadhwa,Mayank Gulati,1096.0,2026-09-04 19:00:00,UPI
NOISE-TXN-1685,Bhavya Nangia,Tushar Grover,4145.0,2026-09-04 02:00:00,IMPS
NOISE-TXN-1686,Mayank Kakkar,Pranav Khurana,3672.0,2026-09-03 00:00:00,UPI
NOISE-TXN-1687,Gaurav Wadhwa,Nikhil Singhal,1993.0,2026-09-11 18:00:00,IMPS
NOISE-TXN-1688,Pankaj Sethi,Harsh Wadhwa,8921.0,2026-09-07 11:00:00,NEFT
NOISE-TXN-1689,Nikhil Wadhwa,Farhan Bhasin,6478.0,2026-09-10 15:00:00,NEFT
NOISE-TXN-1690,Ashish Bhasin,Tushar Khurana,7820.0,2026-09-07 04:00:00,UPI
NOISE-TXN-1691,Mayank Bhasin,Kabir Singhal,528.0,2026-09-10 09:00:00,NEFT
NOISE-TXN-1692,Pranav Singhal,Nikhil Bhasin,534.0,2026-09-06 18:00:00,UPI
NOISE-TXN-1693,Kabir Chhabra,Tushar Khurana,1858.0,2026-09-03 23:00:00,UPI
NOISE-TXN-1694,Pranav Chhabra,Pranav Grover,4722.0,2026-09-02 18:00:00,IMPS
NOISE-TXN-1695,Farhan Batra,Deepankar Singhal,4162.0,2026-09-12 06:00:00,NEFT
NOISE-TXN-1696,Dev Kakkar,Alok Kapoor,574.0,2026-09-11 04:00:00,IMPS
NOISE-TXN-1697,Farhan Grover,Vivek Chhabra,1195.0,2026-09-05 16:00:00,UPI
NOISE-TXN-1698,Pankaj Gulati,Vivek Gulati,290.0,2026-09-04 22:00:00,IMPS
NOISE-TXN-1699,Yash Tiwari,Farhan Tiwari,642.0,2026-09-05 16:00:00,NEFT
NOISE-TXN-1700,Farhan Aggarwal,Dev Kakkar,1895.0,2026-09-08 06:00:00,UPI
NOISE-TXN-1701,Deepankar Malhotra,Gaurav Aggarwal,894.0,2026-09-05 21:00:00,NEFT
NOISE-TXN-1702,Alok Malhotra,Ashish Gulati,13418.0,2026-09-05 02:00:00,UPI
NOISE-TXN-1703,Harsh Bhasin,Bhavya Singhal,3112.0,2026-09-04 20:00:00,IMPS
NOISE-TXN-1704,Farhan Gulati,Alok Kapoor,2447.0,2026-09-10 13:00:00,UPI
NOISE-TXN-1705,Dev Nangia,Pankaj Wadhwa,11342.0,2026-09-06 01:00:00,UPI
NOISE-TXN-1706,Mayank Batra,Deepankar Bansal,931.0,2026-09-06 18:00:00,IMPS
NOISE-TXN-1707,Tushar Bansal,Vivek Aggarwal,395.0,2026-09-03 08:00:00,UPI
NOISE-TXN-1708,Mayank Bansal,Deepankar Sethi,585.0,2026-09-10 23:00:00,IMPS
NOISE-TXN-1709,Alok Chhabra,Deepankar Tiwari,1166.0,2026-09-07 13:00:00,IMPS
NOISE-TXN-1710,Nikhil Singhal,Vivek Malhotra,1530.0,2026-09-11 05:00:00,IMPS
NOISE-TXN-1711,Pranav Grover,Gaurav Bhasin,4095.0,2026-09-07 19:00:00,NEFT
NOISE-TXN-1712,Tushar Bhasin,Rohan Aggarwal,2379.0,2026-09-11 01:00:00,IMPS
NOISE-TXN-1713,Mayank Bhasin,Dev Wadhwa,4181.0,2026-09-05 05:00:00,UPI
NOISE-TXN-1714,Nikhil Bansal,Tushar Khurana,3192.0,2026-09-07 07:00:00,NEFT
NOISE-TXN-1715,Gaurav Bhasin,Farhan Khurana,387.0,2026-09-11 09:00:00,IMPS
NOISE-TXN-1716,Pranav Sethi,Mayank Malhotra,1859.0,2026-09-02 19:00:00,UPI
NOISE-TXN-1717,Naveen Khurana,Kabir Aggarwal,178.0,2026-09-04 05:00:00,NEFT
NOISE-TXN-1718,Bhavya Aggarwal,Siddharth Singhal,1817.0,2026-09-08 01:00:00,NEFT
NOISE-TXN-1719,Nikhil Singhal,Vivek Bhasin,553.0,2026-09-05 03:00:00,UPI
NOISE-TXN-1720,Mayank Kapoor,Deepankar Bhasin,2611.0,2026-09-11 00:00:00,NEFT
NOISE-TXN-1721,Gaurav Sethi,Gaurav Grover,7711.0,2026-09-11 18:00:00,IMPS
NOISE-TXN-1722,Vivek Nangia,Naveen Kakkar,527.0,2026-09-07 01:00:00,UPI
NOISE-TXN-1723,Mayank Nangia,Gaurav Gulati,5265.0,2026-09-11 07:00:00,IMPS
NOISE-TXN-1724,Farhan Grover,Pankaj Aggarwal,1952.0,2026-09-11 14:00:00,IMPS
NOISE-TXN-1725,Dev Tiwari,Yash Sethi,4208.0,2026-09-04 07:00:00,UPI
NOISE-TXN-1726,Pankaj Gulati,Nikhil Grover,8752.0,2026-09-05 10:00:00,NEFT
NOISE-TXN-1727,Vivek Batra,Naveen Kakkar,142.0,2026-09-12 07:00:00,UPI
NOISE-TXN-1728,Pranav Sethi,Vivek Singhal,10023.0,2026-09-10 09:00:00,IMPS
NOISE-TXN-1729,Farhan Aggarwal,Rohan Gulati,3015.0,2026-09-10 08:00:00,IMPS
NOISE-TXN-1730,Harsh Sethi,Pankaj Chhabra,1846.0,2026-09-01 12:00:00,IMPS
NOISE-TXN-1731,Deepankar Bansal,Mayank Sethi,2048.0,2026-09-03 18:00:00,NEFT
NOISE-TXN-1732,Dev Wadhwa,Nikhil Grover,11458.0,2026-09-04 04:00:00,UPI
NOISE-TXN-1733,Farhan Sethi,Yash Nangia,1044.0,2026-09-04 21:00:00,IMPS
NOISE-TXN-1734,Bhavya Nangia,Deepankar Sethi,1581.0,2026-09-02 18:00:00,IMPS
NOISE-TXN-1735,Naveen Malhotra,Alok Bhasin,7729.0,2026-09-02 09:00:00,UPI
NOISE-TXN-1736,Gaurav Khurana,Rohan Batra,10167.0,2026-09-12 06:00:00,UPI
NOISE-TXN-1737,Gaurav Grover,Pankaj Kakkar,4969.0,2026-09-01 12:00:00,IMPS
NOISE-TXN-1738,Gaurav Aggarwal,Siddharth Aggarwal,17072.0,2026-09-11 03:00:00,NEFT
NOISE-TXN-1739,Mayank Wadhwa,Gaurav Khurana,10966.0,2026-09-08 13:00:00,NEFT
NOISE-TXN-1740,Mayank Chhabra,Farhan Kapoor,1581.0,2026-09-09 18:00:00,IMPS
NOISE-TXN-1741,Ishaan Malhotra,Yash Kapoor,114.0,2026-09-08 03:00:00,NEFT
NOISE-TXN-1742,Pranav Bansal,Dev Gulati,2476.0,2026-09-01 15:00:00,IMPS
NOISE-TXN-1743,Yash Tiwari,Nikhil Khurana,1666.0,2026-09-09 08:00:00,IMPS
NOISE-TXN-1744,Bhavya Chhabra,Tushar Singhal,5786.0,2026-09-02 09:00:00,NEFT
NOISE-TXN-1745,Ishaan Aggarwal,Naveen Gulati,6647.0,2026-09-04 01:00:00,UPI
NOISE-TXN-1746,Mayank Wadhwa,Naveen Gulati,13451.0,2026-09-02 07:00:00,UPI
NOISE-TXN-1747,Mayank Grover,Vivek Chhabra,624.0,2026-09-11 21:00:00,IMPS
NOISE-TXN-1748,Tushar Aggarwal,Vivek Gulati,464.0,2026-09-07 09:00:00,IMPS
NOISE-TXN-1749,Harsh Khurana,Yash Kapoor,4229.0,2026-09-04 19:00:00,UPI
NOISE-TXN-1750,Alok Tiwari,Naveen Khurana,14500.0,2026-09-03 04:00:00,UPI
NOISE-TXN-1751,Ishaan Kakkar,Nikhil Singhal,1374.0,2026-09-02 12:00:00,UPI
NOISE-TXN-1752,Farhan Bhasin,Tushar Batra,231.0,2026-09-04 16:00:00,IMPS
NOISE-TXN-1753,Yash Tiwari,Deepankar Kapoor,2039.0,2026-09-03 13:00:00,UPI
NOISE-TXN-1754,Alok Malhotra,Mayank Chhabra,6136.0,2026-09-02 19:00:00,IMPS
NOISE-TXN-1755,Naveen Kapoor,Rohan Bhasin,838.0,2026-09-09 04:00:00,IMPS
NOISE-TXN-1756,Siddharth Singhal,Nikhil Kakkar,1701.0,2026-09-05 22:00:00,NEFT
NOISE-TXN-1757,Dev Bansal,Harsh Kapoor,2306.0,2026-09-09 03:00:00,IMPS
NOISE-TXN-1758,Yash Kakkar,Gaurav Aggarwal,4499.0,2026-09-10 18:00:00,UPI
NOISE-TXN-1759,Nikhil Singhal,Farhan Kapoor,8485.0,2026-09-06 19:00:00,UPI
NOISE-TXN-1760,Ashish Gulati,Bhavya Khurana,7230.0,2026-09-08 08:00:00,IMPS
NOISE-TXN-1761,Ashish Kakkar,Tushar Bhasin,1634.0,2026-09-02 15:00:00,IMPS
NOISE-TXN-1762,Yash Gulati,Pranav Grover,2942.0,2026-09-02 06:00:00,NEFT
NOISE-TXN-1763,Ashish Kakkar,Vivek Aggarwal,1747.0,2026-09-11 05:00:00,NEFT
NOISE-TXN-1764,Gaurav Wadhwa,Naveen Batra,5057.0,2026-09-05 18:00:00,IMPS
NOISE-TXN-1765,Farhan Batra,Mayank Wadhwa,5764.0,2026-09-03 11:00:00,UPI
NOISE-TXN-1766,Dev Wadhwa,Pranav Singhal,1880.0,2026-09-09 23:00:00,NEFT
NOISE-TXN-1767,Nikhil Sethi,Ashish Nangia,894.0,2026-09-02 23:00:00,UPI
NOISE-TXN-1768,Harsh Sethi,Mayank Chhabra,7971.0,2026-09-10 18:00:00,UPI
NOISE-TXN-1769,Vivek Gulati,Naveen Sethi,658.0,2026-09-02 14:00:00,NEFT
NOISE-TXN-1770,Alok Kapoor,Deepankar Sethi,6685.0,2026-09-08 21:00:00,NEFT
NOISE-TXN-1771,Mayank Malhotra,Nikhil Wadhwa,3849.0,2026-09-08 08:00:00,NEFT
NOISE-TXN-1772,Vivek Nangia,Pankaj Aggarwal,9004.0,2026-09-12 01:00:00,IMPS
NOISE-TXN-1773,Pankaj Bhasin,Vivek Nangia,7119.0,2026-09-12 04:00:00,NEFT
NOISE-TXN-1774,Farhan Gulati,Gaurav Aggarwal,623.0,2026-09-08 04:00:00,IMPS
NOISE-TXN-1775,Ashish Bhasin,Pranav Chhabra,721.0,2026-09-05 02:00:00,NEFT
NOISE-TXN-1776,Farhan Khurana,Vivek Wadhwa,8000.0,2026-09-06 16:00:00,IMPS
NOISE-TXN-1777,Bhavya Khurana,Rohan Kakkar,2648.0,2026-09-04 18:00:00,NEFT
NOISE-TXN-1778,Dev Bhasin,Tushar Khurana,14630.0,2026-09-03 20:00:00,UPI
NOISE-TXN-1779,Ashish Nangia,Rohan Bhasin,122.0,2026-09-07 12:00:00,UPI
NOISE-TXN-1780,Vivek Sethi,Nikhil Aggarwal,4081.0,2026-09-09 16:00:00,IMPS
NOISE-TXN-1781,Dev Tiwari,Alok Chhabra,595.0,2026-09-06 19:00:00,UPI
NOISE-TXN-1782,Farhan Gulati,Kabir Sethi,16479.0,2026-09-06 23:00:00,NEFT
NOISE-TXN-1783,Siddharth Gulati,Rohan Bhasin,864.0,2026-09-10 02:00:00,IMPS
NOISE-TXN-1784,Dev Batra,Rohan Kakkar,2446.0,2026-09-07 13:00:00,NEFT
NOISE-TXN-1785,Alok Kapoor,Deepankar Singhal,1647.0,2026-09-01 21:00:00,NEFT
NOISE-TXN-1786,Nikhil Bhasin,Alok Tiwari,5656.0,2026-09-04 01:00:00,UPI
NOISE-TXN-1787,Deepankar Bhasin,Dev Nangia,499.0,2026-09-06 12:00:00,IMPS
NOISE-TXN-1788,Gaurav Grover,Ishaan Tiwari,33142.0,2026-09-02 22:00:00,IMPS
NOISE-TXN-1789,Bhavya Singhal,Vivek Bansal,1260.0,2026-09-09 19:00:00,NEFT
NOISE-TXN-1790,Mayank Wadhwa,Naveen Kapoor,4241.0,2026-09-01 16:00:00,UPI
NOISE-TXN-1791,Alok Malhotra,Deepankar Malhotra,1703.0,2026-09-03 13:00:00,UPI
NOISE-TXN-1792,Mayank Malhotra,Dev Kakkar,762.0,2026-09-05 01:00:00,NEFT
NOISE-TXN-1793,Siddharth Gulati,Mayank Bhasin,1169.0,2026-09-06 01:00:00,IMPS
NOISE-TXN-1794,Alok Chhabra,Naveen Kakkar,9782.0,2026-09-03 00:00:00,NEFT
NOISE-TXN-1795,Harsh Wadhwa,Rohan Kapoor,3535.0,2026-09-11 21:00:00,NEFT
NOISE-TXN-1796,Deepankar Singhal,Deepankar Bansal,5397.0,2026-09-01 12:00:00,UPI
NOISE-TXN-1797,Naveen Malhotra,Kabir Kakkar,2312.0,2026-09-10 02:00:00,NEFT
NOISE-TXN-1798,Vivek Nangia,Naveen Gulati,4115.0,2026-09-07 14:00:00,IMPS
NOISE-TXN-1799,Vivek Wadhwa,Ishaan Bhasin,10721.0,2026-09-10 15:00:00,NEFT
NOISE-TXN-1800,Vivek Sethi,Gaurav Aggarwal,541.0,2026-09-02 20:00:00,UPI
NOISE-TXN-1801,Yash Sethi,Bhavya Gulati,9182.0,2026-09-03 15:00:00,UPI
NOISE-TXN-1802,Nikhil Tiwari,Vivek Malhotra,132.0,2026-09-05 12:00:00,UPI
NOISE-TXN-1803,Ishaan Sethi,Pankaj Singhal,6616.0,2026-09-06 07:00:00,UPI
NOISE-TXN-1804,Pankaj Sethi,Pankaj Bhasin,269.0,2026-09-05 10:00:00,IMPS
NOISE-TXN-1805,Pranav Tiwari,Dev Bansal,1755.0,2026-09-05 22:00:00,IMPS
NOISE-TXN-1806,Alok Chhabra,Pranav Malhotra,7290.0,2026-09-02 11:00:00,UPI
NOISE-TXN-1807,Pankaj Sethi,Deepankar Sethi,2666.0,2026-09-04 20:00:00,IMPS
NOISE-TXN-1808,Farhan Tiwari,Ishaan Sethi,3711.0,2026-09-11 18:00:00,IMPS
NOISE-TXN-1809,Tushar Singhal,Pranav Batra,913.0,2026-09-10 16:00:00,UPI
NOISE-TXN-1810,Dev Tiwari,Dev Kakkar,996.0,2026-09-04 03:00:00,IMPS
NOISE-TXN-1811,Farhan Sethi,Pranav Wadhwa,1488.0,2026-09-08 09:00:00,IMPS
NOISE-TXN-1812,Bhavya Aggarwal,Alok Bhasin,1773.0,2026-09-03 06:00:00,NEFT
NOISE-TXN-1813,Siddharth Aggarwal,Pranav Nangia,3432.0,2026-09-10 02:00:00,NEFT
NOISE-TXN-1814,Nikhil Singhal,Nikhil Sethi,3879.0,2026-09-10 13:00:00,IMPS
NOISE-TXN-1815,Rohan Kapoor,Alok Bhasin,4926.0,2026-09-04 20:00:00,UPI
NOISE-TXN-1816,Naveen Wadhwa,Farhan Grover,1760.0,2026-09-03 06:00:00,NEFT
NOISE-TXN-1817,Ishaan Sethi,Alok Chhabra,5964.0,2026-09-03 16:00:00,UPI
NOISE-TXN-1818,Rohan Gulati,Tushar Tiwari,2842.0,2026-09-09 09:00:00,NEFT
NOISE-TXN-1819,Ashish Wadhwa,Farhan Grover,1320.0,2026-09-08 09:00:00,NEFT
NOISE-TXN-1820,Pranav Nangia,Kabir Kapoor,1309.0,2026-09-08 12:00:00,UPI
NOISE-TXN-1821,Mayank Kakkar,Rohan Kapoor,3562.0,2026-09-02 22:00:00,IMPS
NOISE-TXN-1822,Pranav Khurana,Dev Malhotra,4901.0,2026-09-08 00:00:00,UPI
NOISE-TXN-1823,Vivek Bhasin,Ashish Gulati,5410.0,2026-09-07 02:00:00,IMPS
NOISE-TXN-1824,Pranav Sethi,Tushar Batra,6005.0,2026-09-12 08:00:00,IMPS
NOISE-TXN-1825,Harsh Aggarwal,Siddharth Aggarwal,1967.0,2026-09-07 04:00:00,NEFT
NOISE-TXN-1826,Yash Khurana,Naveen Kapoor,1940.0,2026-09-07 12:00:00,NEFT
NOISE-TXN-1827,Deepankar Kapoor,Nikhil Bhasin,950.0,2026-09-11 10:00:00,NEFT
NOISE-TXN-1828,Rohan Bansal,Dev Gulati,6466.0,2026-09-05 22:00:00,IMPS
NOISE-TXN-1829,Gaurav Bhasin,Pankaj Singhal,6771.0,2026-09-05 00:00:00,UPI
NOISE-TXN-1830,Siddharth Gulati,Alok Malhotra,6745.0,2026-09-11 20:00:00,NEFT
NOISE-TXN-1831,Siddharth Chhabra,Pankaj Bhasin,25843.0,2026-09-09 13:00:00,NEFT
NOISE-TXN-1832,Gaurav Kapoor,Nikhil Khurana,2767.0,2026-09-07 17:00:00,NEFT
NOISE-TXN-1833,Pankaj Sethi,Ishaan Bhasin,10776.0,2026-09-10 23:00:00,UPI
NOISE-TXN-1834,Kabir Chhabra,Yash Kakkar,1096.0,2026-09-02 23:00:00,IMPS
NOISE-TXN-1835,Nikhil Aggarwal,Nikhil Bhasin,645.0,2026-09-06 07:00:00,NEFT
NOISE-TXN-1836,Pankaj Chhabra,Tushar Singhal,6830.0,2026-09-02 18:00:00,NEFT
NOISE-TXN-1837,Vivek Singhal,Farhan Gulati,3526.0,2026-09-09 11:00:00,NEFT
NOISE-TXN-1838,Naveen Wadhwa,Harsh Kapoor,1022.0,2026-09-08 02:00:00,NEFT
NOISE-TXN-1839,Alok Nangia,Harsh Bhasin,1182.0,2026-09-09 20:00:00,IMPS
NOISE-TXN-1840,Alok Wadhwa,Tushar Singhal,20931.0,2026-09-10 02:00:00,NEFT
NOISE-TXN-1841,Naveen Gulati,Gaurav Khurana,8188.0,2026-09-03 08:00:00,UPI
NOISE-TXN-1842,Naveen Gulati,Bhavya Tiwari,227.0,2026-09-03 14:00:00,NEFT
NOISE-TXN-1843,Vivek Aggarwal,Bhavya Chhabra,176.0,2026-09-01 16:00:00,IMPS
NOISE-TXN-1844,Pranav Tiwari,Bhavya Tiwari,3631.0,2026-09-09 19:00:00,UPI
NOISE-TXN-1845,Ishaan Malhotra,Rohan Batra,15585.0,2026-09-06 19:00:00,NEFT
NOISE-TXN-1846,Pankaj Malhotra,Bhavya Tiwari,701.0,2026-09-11 07:00:00,NEFT
NOISE-TXN-1847,Vivek Aggarwal,Yash Kapoor,1683.0,2026-09-03 05:00:00,NEFT
NOISE-TXN-1848,Pranav Grover,Pranav Nangia,8416.0,2026-09-03 08:00:00,NEFT
NOISE-TXN-1849,Pankaj Gulati,Ishaan Khurana,520.0,2026-09-07 11:00:00,IMPS
NOISE-TXN-1850,Naveen Khurana,Yash Sethi,6264.0,2026-09-07 12:00:00,NEFT
NOISE-TXN-1851,Tushar Kapoor,Tushar Aggarwal,4046.0,2026-09-06 06:00:00,UPI
NOISE-TXN-1852,Dev Gulati,Vivek Chhabra,14680.0,2026-09-05 01:00:00,UPI
NOISE-TXN-1853,Vivek Gulati,Deepankar Tiwari,2089.0,2026-09-03 11:00:00,UPI
NOISE-TXN-1854,Siddharth Malhotra,Bhavya Khurana,2768.0,2026-09-07 00:00:00,NEFT
NOISE-TXN-1855,Farhan Aggarwal,Deepankar Bhasin,19728.0,2026-09-04 18:00:00,NEFT
NOISE-TXN-1856,Rohan Aggarwal,Vivek Gulati,1452.0,2026-09-10 07:00:00,NEFT
NOISE-TXN-1857,Nikhil Singhal,Pranav Batra,1931.0,2026-09-07 01:00:00,IMPS
NOISE-TXN-1858,Pranav Kapoor,Farhan Khurana,5130.0,2026-09-04 06:00:00,NEFT
NOISE-TXN-1859,Pranav Wadhwa,Bhavya Malhotra,4199.0,2026-09-10 04:00:00,NEFT
NOISE-TXN-1860,Farhan Wadhwa,Gaurav Wadhwa,3930.0,2026-09-08 15:00:00,NEFT
NOISE-TXN-1861,Dev Gulati,Harsh Tiwari,2793.0,2026-09-11 00:00:00,NEFT
NOISE-TXN-1862,Harsh Kakkar,Farhan Sethi,6168.0,2026-09-09 18:00:00,UPI
NOISE-TXN-1863,Deepankar Bansal,Rohan Bhasin,2451.0,2026-09-08 08:00:00,NEFT
NOISE-TXN-1864,Naveen Kakkar,Bhavya Malhotra,121.0,2026-09-11 23:00:00,NEFT
NOISE-TXN-1865,Yash Tiwari,Ashish Kakkar,3774.0,2026-09-06 05:00:00,NEFT
NOISE-TXN-1866,Gaurav Sethi,Kabir Aggarwal,8591.0,2026-09-09 10:00:00,UPI
NOISE-TXN-1867,Yash Khurana,Mayank Grover,5531.0,2026-09-03 02:00:00,UPI
NOISE-TXN-1868,Bhavya Bansal,Deepankar Tiwari,5023.0,2026-09-07 20:00:00,NEFT
NOISE-TXN-1869,Pranav Sethi,Farhan Tiwari,14801.0,2026-09-11 02:00:00,NEFT
NOISE-TXN-1870,Naveen Wadhwa,Kabir Singhal,5345.0,2026-09-01 16:00:00,UPI
NOISE-TXN-1871,Yash Kapoor,Yash Kakkar,1765.0,2026-09-12 00:00:00,UPI
NOISE-TXN-1872,Ashish Nangia,Mayank Wadhwa,3118.0,2026-09-09 04:00:00,IMPS
NOISE-TXN-1873,Vivek Khurana,Bhavya Nangia,1752.0,2026-09-06 08:00:00,UPI
NOISE-TXN-1874,Siddharth Chhabra,Tushar Khurana,101.0,2026-09-05 06:00:00,UPI
NOISE-TXN-1875,Yash Tiwari,Pankaj Aggarwal,9437.0,2026-09-06 15:00:00,UPI
NOISE-TXN-1876,Gaurav Bhasin,Yash Kapoor,361.0,2026-09-10 17:00:00,UPI
NOISE-TXN-1877,Harsh Kapoor,Alok Khurana,585.0,2026-09-11 22:00:00,NEFT
NOISE-TXN-1878,Bhavya Grover,Ishaan Aggarwal,3480.0,2026-09-07 11:00:00,NEFT
NOISE-TXN-1879,Bhavya Grover,Nikhil Kakkar,4281.0,2026-09-02 06:00:00,NEFT
NOISE-TXN-1880,Gaurav Sethi,Tushar Khurana,562.0,2026-09-06 02:00:00,UPI
NOISE-TXN-1881,Gaurav Grover,Naveen Wadhwa,23146.0,2026-09-08 07:00:00,UPI
NOISE-TXN-1882,Pankaj Singhal,Yash Nangia,11595.0,2026-09-08 00:00:00,UPI
NOISE-TXN-1883,Ashish Nangia,Kabir Sethi,806.0,2026-09-02 06:00:00,IMPS
NOISE-TXN-1884,Ashish Nangia,Yash Tiwari,1018.0,2026-09-04 11:00:00,NEFT
NOISE-TXN-1885,Dev Wadhwa,Rohan Bhasin,361.0,2026-09-06 22:00:00,UPI
NOISE-TXN-1886,Farhan Gulati,Yash Kapoor,2589.0,2026-09-05 07:00:00,IMPS
NOISE-TXN-1887,Yash Sethi,Alok Nangia,4703.0,2026-09-07 20:00:00,IMPS
NOISE-TXN-1888,Ishaan Kakkar,Farhan Kapoor,731.0,2026-09-03 22:00:00,IMPS
NOISE-TXN-1889,Kabir Sethi,Mayank Sethi,3907.0,2026-09-10 00:00:00,UPI
NOISE-TXN-1890,Bhavya Khurana,Siddharth Gulati,9720.0,2026-09-11 15:00:00,UPI
NOISE-TXN-1891,Vivek Bansal,Pankaj Malhotra,467.0,2026-09-04 16:00:00,IMPS
NOISE-TXN-1892,Siddharth Sethi,Dev Wadhwa,3313.0,2026-09-05 08:00:00,UPI
NOISE-TXN-1893,Tushar Kapoor,Vivek Wadhwa,3069.0,2026-09-10 13:00:00,IMPS
NOISE-TXN-1894,Pranav Chhabra,Naveen Khurana,5248.0,2026-09-07 10:00:00,NEFT
NOISE-TXN-1895,Nikhil Aggarwal,Pranav Wadhwa,6692.0,2026-09-06 13:00:00,IMPS
NOISE-TXN-1896,Yash Khurana,Vivek Aggarwal,1651.0,2026-09-10 15:00:00,UPI
NOISE-TXN-1897,Nikhil Bhasin,Dev Bansal,1167.0,2026-09-10 11:00:00,IMPS
NOISE-TXN-1898,Harsh Bhasin,Vivek Batra,19932.0,2026-09-08 03:00:00,IMPS
NOISE-TXN-1899,Pranav Malhotra,Mayank Grover,1455.0,2026-09-01 14:00:00,NEFT
NOISE-TXN-1900,Pranav Batra,Rohan Aggarwal,30702.0,2026-09-02 09:00:00,UPI
NOISE-TXN-1901,Dev Wadhwa,Tushar Khurana,393.0,2026-09-05 02:00:00,NEFT
NOISE-TXN-1902,Gaurav Kapoor,Naveen Kakkar,366.0,2026-09-01 11:00:00,NEFT
NOISE-TXN-1903,Nikhil Bansal,Tushar Khurana,1578.0,2026-09-07 05:00:00,NEFT
NOISE-TXN-1904,Rohan Gulati,Yash Sethi,2793.0,2026-09-11 15:00:00,IMPS
NOISE-TXN-1905,Pranav Sethi,Kabir Kakkar,437.0,2026-09-03 12:00:00,IMPS
NOISE-TXN-1906,Yash Kakkar,Pranav Kapoor,3676.0,2026-09-05 17:00:00,NEFT
NOISE-TXN-1907,Harsh Aggarwal,Harsh Bhasin,352.0,2026-09-02 12:00:00,IMPS
NOISE-TXN-1908,Yash Khurana,Pranav Kapoor,1745.0,2026-09-11 15:00:00,IMPS
NOISE-TXN-1909,Pranav Bansal,Alok Malhotra,7092.0,2026-09-11 22:00:00,UPI
NOISE-TXN-1910,Siddharth Bansal,Ashish Kakkar,355.0,2026-09-10 23:00:00,UPI
NOISE-TXN-1911,Dev Kapoor,Naveen Kapoor,169.0,2026-09-04 14:00:00,IMPS
NOISE-TXN-1912,Naveen Wadhwa,Kabir Bansal,12098.0,2026-09-10 18:00:00,NEFT
NOISE-TXN-1913,Yash Kakkar,Ashish Malhotra,386.0,2026-09-05 10:00:00,IMPS
NOISE-TXN-1914,Dev Bansal,Gaurav Sethi,2033.0,2026-09-03 01:00:00,NEFT
NOISE-TXN-1915,Pranav Wadhwa,Pranav Malhotra,447.0,2026-09-01 17:00:00,UPI
NOISE-TXN-1916,Kabir Bansal,Ishaan Tiwari,11056.0,2026-09-05 09:00:00,UPI
NOISE-TXN-1917,Vivek Aggarwal,Naveen Khurana,5308.0,2026-09-04 14:00:00,IMPS
NOISE-TXN-1918,Ashish Bhasin,Pankaj Aggarwal,13634.0,2026-09-02 13:00:00,UPI
NOISE-TXN-1919,Siddharth Chhabra,Bhavya Malhotra,9662.0,2026-09-02 06:00:00,IMPS
NOISE-TXN-1920,Ishaan Tiwari,Deepankar Tiwari,9937.0,2026-09-05 10:00:00,NEFT
NOISE-TXN-1921,Bhavya Malhotra,Vivek Sethi,1320.0,2026-09-07 00:00:00,UPI
NOISE-TXN-1922,Pankaj Chhabra,Pankaj Singhal,8878.0,2026-09-02 04:00:00,IMPS
NOISE-TXN-1923,Alok Malhotra,Tushar Khurana,13507.0,2026-09-03 05:00:00,UPI
NOISE-TXN-1924,Yash Tiwari,Mayank Sethi,3093.0,2026-09-02 22:00:00,IMPS
NOISE-TXN-1925,Yash Kapoor,Gaurav Wadhwa,3743.0,2026-09-10 19:00:00,NEFT
NOISE-TXN-1926,Harsh Wadhwa,Vivek Aggarwal,3833.0,2026-09-10 20:00:00,NEFT
NOISE-TXN-1927,Pranav Nangia,Ashish Kakkar,4826.0,2026-09-03 04:00:00,NEFT
NOISE-TXN-1928,Ashish Gulati,Alok Kapoor,7729.0,2026-09-02 16:00:00,IMPS
NOISE-TXN-1929,Pranav Chhabra,Gaurav Gulati,1706.0,2026-09-05 07:00:00,UPI
NOISE-TXN-1930,Pankaj Kakkar,Yash Tiwari,2682.0,2026-09-05 07:00:00,NEFT
NOISE-TXN-1931,Nikhil Khurana,Deepankar Singhal,1999.0,2026-09-01 10:00:00,IMPS
NOISE-TXN-1932,Tushar Grover,Siddharth Sethi,11470.0,2026-09-02 20:00:00,IMPS
NOISE-TXN-1933,Gaurav Gulati,Dev Gulati,639.0,2026-09-04 18:00:00,NEFT
NOISE-TXN-1934,Bhavya Khurana,Deepankar Malhotra,12890.0,2026-09-05 05:00:00,NEFT
NOISE-TXN-1935,Pranav Grover,Pankaj Aggarwal,7116.0,2026-09-05 06:00:00,NEFT
NOISE-TXN-1936,Alok Malhotra,Mayank Batra,1535.0,2026-09-02 05:00:00,UPI
NOISE-TXN-1937,Pranav Kapoor,Kabir Sethi,2978.0,2026-09-08 05:00:00,UPI
NOISE-TXN-1938,Siddharth Nangia,Bhavya Gulati,1132.0,2026-09-02 02:00:00,IMPS
NOISE-TXN-1939,Gaurav Kapoor,Siddharth Gulati,2288.0,2026-09-05 13:00:00,UPI
NOISE-TXN-1940,Siddharth Nangia,Vivek Malhotra,1514.0,2026-09-02 14:00:00,IMPS
NOISE-TXN-1941,Naveen Batra,Vivek Wadhwa,4454.0,2026-09-09 20:00:00,UPI
NOISE-TXN-1942,Vivek Batra,Pankaj Bhasin,6109.0,2026-09-02 11:00:00,UPI
NOISE-TXN-1943,Alok Malhotra,Mayank Bansal,606.0,2026-09-10 02:00:00,NEFT
NOISE-TXN-1944,Ishaan Sethi,Dev Batra,3509.0,2026-09-07 23:00:00,IMPS
NOISE-TXN-1945,Ashish Malhotra,Tushar Kapoor,3492.0,2026-09-01 20:00:00,UPI
NOISE-TXN-1946,Harsh Chhabra,Alok Nangia,1834.0,2026-09-09 01:00:00,IMPS
NOISE-TXN-1947,Alok Tiwari,Ashish Wadhwa,16237.0,2026-09-05 10:00:00,IMPS
NOISE-TXN-1948,Siddharth Bansal,Gaurav Aggarwal,1852.0,2026-09-03 21:00:00,NEFT
NOISE-TXN-1949,Bhavya Aggarwal,Bhavya Bansal,1680.0,2026-09-08 05:00:00,IMPS
NOISE-TXN-1950,Tushar Khurana,Pranav Tiwari,1121.0,2026-09-08 17:00:00,UPI
NOISE-TXN-1951,Kabir Singhal,Vivek Nangia,7057.0,2026-09-08 02:00:00,NEFT
NOISE-TXN-1952,Tushar Grover,Naveen Batra,266.0,2026-09-09 11:00:00,IMPS
NOISE-TXN-1953,Pranav Chhabra,Harsh Khurana,13144.0,2026-09-02 11:00:00,IMPS
NOISE-TXN-1954,Vivek Chhabra,Nikhil Kakkar,4934.0,2026-09-10 07:00:00,NEFT
NOISE-TXN-1955,Ashish Bhasin,Pranav Singhal,3459.0,2026-09-12 03:00:00,UPI
NOISE-TXN-1956,Pranav Grover,Vivek Bansal,486.0,2026-09-10 02:00:00,IMPS
NOISE-TXN-1957,Farhan Grover,Rohan Batra,11233.0,2026-09-04 20:00:00,UPI
NOISE-TXN-1958,Deepankar Sethi,Vivek Bansal,23717.0,2026-09-12 02:00:00,NEFT
NOISE-TXN-1959,Vivek Singhal,Pranav Malhotra,8785.0,2026-09-11 11:00:00,UPI
NOISE-TXN-1960,Farhan Wadhwa,Vivek Aggarwal,264.0,2026-09-07 19:00:00,NEFT
NOISE-TXN-1961,Bhavya Chhabra,Bhavya Nangia,17643.0,2026-09-08 11:00:00,IMPS
NOISE-TXN-1962,Nikhil Grover,Bhavya Gulati,8665.0,2026-09-10 14:00:00,IMPS
NOISE-TXN-1963,Bhavya Kapoor,Yash Nangia,3437.0,2026-09-06 00:00:00,NEFT
NOISE-TXN-1964,Pankaj Sethi,Pranav Aggarwal,4529.0,2026-09-08 18:00:00,NEFT
NOISE-TXN-1965,Pankaj Wadhwa,Kabir Kapoor,3736.0,2026-09-09 07:00:00,IMPS
NOISE-TXN-1966,Rohan Aggarwal,Ishaan Kakkar,2053.0,2026-09-04 05:00:00,NEFT
NOISE-TXN-1967,Nikhil Kakkar,Dev Nangia,18883.0,2026-09-10 12:00:00,UPI
NOISE-TXN-1968,Deepankar Kapoor,Tushar Singhal,6577.0,2026-09-02 11:00:00,NEFT
NOISE-TXN-1969,Siddharth Chhabra,Bhavya Bansal,14308.0,2026-09-12 05:00:00,UPI
NOISE-TXN-1970,Nikhil Grover,Yash Gulati,1304.0,2026-09-09 02:00:00,UPI
NOISE-TXN-1971,Vivek Batra,Ishaan Bhasin,4417.0,2026-09-03 14:00:00,NEFT
NOISE-TXN-1972,Ishaan Khurana,Dev Gulati,3032.0,2026-09-03 15:00:00,UPI
NOISE-TXN-1973,Bhavya Grover,Ishaan Khurana,1446.0,2026-09-12 05:00:00,NEFT
NOISE-TXN-1974,Gaurav Sethi,Pranav Sethi,853.0,2026-09-02 06:00:00,NEFT
NOISE-TXN-1975,Dev Nangia,Pranav Bhasin,7751.0,2026-09-10 12:00:00,UPI
NOISE-TXN-1976,Siddharth Chhabra,Alok Tiwari,9636.0,2026-09-04 23:00:00,UPI
NOISE-TXN-1977,Vivek Nangia,Ashish Wadhwa,1472.0,2026-09-03 19:00:00,NEFT
NOISE-TXN-1978,Ishaan Sethi,Bhavya Khurana,5935.0,2026-09-01 09:00:00,NEFT
NOISE-TXN-1979,Gaurav Grover,Siddharth Aggarwal,1332.0,2026-09-02 16:00:00,IMPS
NOISE-TXN-1980,Pranav Nangia,Ishaan Malhotra,2827.0,2026-09-05 17:00:00,IMPS
NOISE-TXN-1981,Siddharth Sethi,Harsh Bhasin,2592.0,2026-09-09 01:00:00,NEFT
NOISE-TXN-1982,Naveen Wadhwa,Harsh Aggarwal,687.0,2026-09-12 08:00:00,IMPS
NOISE-TXN-1983,Deepankar Malhotra,Dev Bansal,517.0,2026-09-08 14:00:00,NEFT
NOISE-TXN-1984,Siddharth Bansal,Tushar Kapoor,5308.0,2026-09-09 13:00:00,NEFT
NOISE-TXN-1985,Bhavya Gulati,Mayank Batra,3385.0,2026-09-11 10:00:00,IMPS
NOISE-TXN-1986,Tushar Kapoor,Pankaj Kakkar,20252.0,2026-09-06 17:00:00,IMPS
NOISE-TXN-1987,Pranav Tiwari,Gaurav Grover,4677.0,2026-09-02 20:00:00,NEFT
NOISE-TXN-1988,Ashish Wadhwa,Mayank Sethi,9633.0,2026-09-08 19:00:00,IMPS
NOISE-TXN-1989,Naveen Kapoor,Vivek Aggarwal,3797.0,2026-09-10 07:00:00,NEFT
NOISE-TXN-1990,Vivek Bansal,Deepankar Tiwari,1974.0,2026-09-09 14:00:00,NEFT
NOISE-TXN-1991,Pankaj Gulati,Ashish Kakkar,1131.0,2026-09-05 02:00:00,IMPS
NOISE-TXN-1992,Pankaj Wadhwa,Pankaj Sethi,783.0,2026-09-09 06:00:00,NEFT
NOISE-TXN-1993,Yash Kapoor,Gaurav Kapoor,8298.0,2026-09-09 22:00:00,NEFT
NOISE-TXN-1994,Naveen Wadhwa,Alok Chhabra,2308.0,2026-09-09 14:00:00,NEFT
NOISE-TXN-1995,Pranav Singhal,Alok Wadhwa,9226.0,2026-09-04 05:00:00,NEFT
NOISE-TXN-1996,Deepankar Bhasin,Vivek Singhal,12501.0,2026-09-06 06:00:00,NEFT
NOISE-TXN-1997,Tushar Khurana,Yash Gulati,9230.0,2026-09-10 17:00:00,NEFT
NOISE-TXN-1998,Pranav Nangia,Gaurav Khurana,3581.0,2026-09-11 06:00:00,IMPS
NOISE-TXN-1999,Ishaan Sethi,Mayank Kakkar,279.0,2026-09-06 12:00:00,IMPS
NOISE-TXN-2000,Nikhil Wadhwa,Vivek Khurana,1474.0,2026-09-06 22:00:00,NEFT
NOISE-TXN-2001,Pranav Khurana,Mayank Sethi,9344.0,2026-09-02 11:00:00,IMPS
NOISE-TXN-2002,Mayank Nangia,Naveen Wadhwa,2960.0,2026-09-06 00:00:00,UPI
NOISE-TXN-2003,Mayank Malhotra,Mayank Sethi,5464.0,2026-09-08 17:00:00,NEFT
NOISE-TXN-2004,Deepankar Bansal,Mayank Batra,1393.0,2026-09-02 17:00:00,UPI
NOISE-TXN-2005,Gaurav Kapoor,Harsh Sethi,3108.0,2026-09-09 15:00:00,UPI
NOISE-TXN-2006,Mayank Chhabra,Gaurav Sethi,3193.0,2026-09-02 06:00:00,IMPS
NOISE-TXN-2007,Kabir Sethi,Vivek Wadhwa,5472.0,2026-09-11 08:00:00,NEFT
NOISE-TXN-2008,Gaurav Khurana,Deepankar Malhotra,2007.0,2026-09-03 02:00:00,UPI
NOISE-TXN-2009,Naveen Kakkar,Yash Nangia,408.0,2026-09-03 06:00:00,NEFT
NOISE-TXN-2010,Harsh Bhasin,Ishaan Sethi,628.0,2026-09-06 15:00:00,IMPS
NOISE-TXN-2011,Tushar Kapoor,Dev Tiwari,9383.0,2026-09-01 14:00:00,UPI
NOISE-TXN-2012,Gaurav Kapoor,Kabir Gulati,1157.0,2026-09-11 23:00:00,IMPS
NOISE-TXN-2013,Vivek Chhabra,Tushar Bansal,3253.0,2026-09-03 13:00:00,IMPS
NOISE-TXN-2014,Rohan Kakkar,Dev Malhotra,4974.0,2026-09-06 12:00:00,IMPS
NOISE-TXN-2015,Bhavya Gulati,Farhan Batra,3523.0,2026-09-08 14:00:00,IMPS
NOISE-TXN-2016,Vivek Nangia,Tushar Chhabra,1636.0,2026-09-08 22:00:00,IMPS
NOISE-TXN-2017,Harsh Khurana,Farhan Wadhwa,205.0,2026-09-04 17:00:00,UPI
NOISE-TXN-2018,Kabir Bansal,Deepankar Kapoor,4655.0,2026-09-05 01:00:00,IMPS
NOISE-TXN-2019,Pankaj Sethi,Yash Kapoor,2087.0,2026-09-05 01:00:00,NEFT
NOISE-TXN-2020,Gaurav Gulati,Harsh Chhabra,5782.0,2026-09-08 08:00:00,NEFT
NOISE-TXN-2021,Pankaj Malhotra,Rohan Batra,8153.0,2026-09-01 14:00:00,UPI
NOISE-TXN-2022,Naveen Sethi,Deepankar Aggarwal,759.0,2026-09-07 22:00:00,IMPS
NOISE-TXN-2023,Siddharth Nangia,Ishaan Sethi,11529.0,2026-09-08 16:00:00,NEFT
NOISE-TXN-2024,Tushar Bansal,Tushar Bhasin,3278.0,2026-09-11 08:00:00,IMPS
NOISE-TXN-2025,Ishaan Tiwari,Harsh Kakkar,4390.0,2026-09-04 10:00:00,UPI
NOISE-TXN-2026,Alok Malhotra,Ishaan Tiwari,10006.0,2026-09-04 09:00:00,NEFT
NOISE-TXN-2027,Alok Wadhwa,Alok Khurana,1877.0,2026-09-10 08:00:00,UPI
NOISE-TXN-2028,Pranav Bansal,Mayank Wadhwa,2905.0,2026-09-08 04:00:00,UPI
NOISE-TXN-2029,Bhavya Tiwari,Ashish Bhasin,848.0,2026-09-07 19:00:00,IMPS
NOISE-TXN-2030,Deepankar Sethi,Yash Chhabra,4871.0,2026-09-08 16:00:00,UPI
NOISE-TXN-2031,Tushar Khurana,Ashish Gulati,5094.0,2026-09-10 06:00:00,IMPS
NOISE-TXN-2032,Ishaan Malhotra,Nikhil Kakkar,4533.0,2026-09-06 10:00:00,IMPS
NOISE-TXN-2033,Farhan Wadhwa,Alok Chhabra,3488.0,2026-09-08 10:00:00,UPI
NOISE-TXN-2034,Ishaan Malhotra,Ashish Bhasin,6432.0,2026-09-09 21:00:00,NEFT
NOISE-TXN-2035,Nikhil Aggarwal,Gaurav Grover,3815.0,2026-09-03 21:00:00,UPI
NOISE-TXN-2036,Nikhil Kakkar,Bhavya Bansal,533.0,2026-09-02 17:00:00,NEFT
NOISE-TXN-2037,Nikhil Bansal,Ishaan Aggarwal,9799.0,2026-09-03 23:00:00,IMPS
NOISE-TXN-2038,Siddharth Bansal,Alok Nangia,4988.0,2026-09-08 09:00:00,NEFT
NOISE-TXN-2039,Gaurav Bhasin,Siddharth Bansal,1547.0,2026-09-01 15:00:00,NEFT
NOISE-TXN-2040,Rohan Bansal,Vivek Nangia,11476.0,2026-09-02 08:00:00,IMPS
NOISE-TXN-2041,Gaurav Grover,Siddharth Chhabra,2202.0,2026-09-06 04:00:00,IMPS
NOISE-TXN-2042,Vivek Chhabra,Pranav Nangia,1740.0,2026-09-05 04:00:00,IMPS
NOISE-TXN-2043,Tushar Kakkar,Harsh Kakkar,2410.0,2026-09-10 07:00:00,NEFT
NOISE-TXN-2044,Harsh Kakkar,Bhavya Khurana,1387.0,2026-09-09 00:00:00,NEFT
NOISE-TXN-2045,Nikhil Khurana,Vivek Aggarwal,3612.0,2026-09-09 20:00:00,IMPS
NOISE-TXN-2046,Rohan Bansal,Vivek Bhasin,2961.0,2026-09-10 03:00:00,UPI
NOISE-TXN-2047,Nikhil Bansal,Vivek Aggarwal,9260.0,2026-09-05 09:00:00,UPI
NOISE-TXN-2048,Siddharth Bansal,Naveen Malhotra,6223.0,2026-09-03 08:00:00,NEFT
NOISE-TXN-2049,Mayank Chhabra,Rohan Aggarwal,19205.0,2026-09-05 05:00:00,UPI
NOISE-TXN-2050,Bhavya Nangia,Dev Gulati,6346.0,2026-09-10 22:00:00,UPI
NOISE-TXN-2051,Mayank Chhabra,Nikhil Aggarwal,4350.0,2026-09-08 20:00:00,IMPS
NOISE-TXN-2052,Deepankar Kapoor,Pankaj Chhabra,4580.0,2026-09-03 23:00:00,UPI
NOISE-TXN-2053,Alok Wadhwa,Deepankar Singhal,2065.0,2026-09-01 09:00:00,NEFT
NOISE-TXN-2054,Siddharth Malhotra,Ishaan Kakkar,492.0,2026-09-09 07:00:00,IMPS
NOISE-TXN-2055,Vivek Sethi,Vivek Bhasin,3738.0,2026-09-02 06:00:00,IMPS
NOISE-TXN-2056,Vivek Nangia,Ishaan Bhasin,2202.0,2026-09-09 22:00:00,UPI
NOISE-TXN-2057,Tushar Kakkar,Pranav Bhasin,1386.0,2026-09-05 09:00:00,UPI
NOISE-TXN-2058,Pranav Nangia,Pranav Aggarwal,10329.0,2026-09-10 18:00:00,UPI
NOISE-TXN-2059,Dev Bhasin,Pranav Bhasin,3773.0,2026-09-09 03:00:00,UPI
NOISE-TXN-2060,Farhan Grover,Tushar Bhasin,4214.0,2026-09-09 07:00:00,UPI
NOISE-TXN-2061,Pranav Batra,Dev Kapoor,7298.0,2026-09-10 12:00:00,UPI
NOISE-TXN-2062,Deepankar Bhasin,Gaurav Sethi,3986.0,2026-09-02 15:00:00,NEFT
NOISE-TXN-2063,Siddharth Aggarwal,Tushar Batra,9884.0,2026-09-09 08:00:00,IMPS
NOISE-TXN-2064,Pranav Chhabra,Yash Chhabra,3132.0,2026-09-10 16:00:00,UPI
NOISE-TXN-2065,Ishaan Khurana,Pranav Batra,13613.0,2026-09-05 03:00:00,NEFT
NOISE-TXN-2066,Nikhil Aggarwal,Kabir Kakkar,12762.0,2026-09-07 11:00:00,UPI
NOISE-TXN-2067,Kabir Chhabra,Bhavya Grover,226.0,2026-09-02 02:00:00,UPI
NOISE-TXN-2068,Kabir Gulati,Nikhil Bansal,6711.0,2026-09-05 08:00:00,UPI
NOISE-TXN-2069,Bhavya Bhasin,Farhan Tiwari,2783.0,2026-09-10 03:00:00,IMPS
NOISE-TXN-2070,Bhavya Gulati,Nikhil Khurana,560.0,2026-09-06 07:00:00,IMPS
NOISE-TXN-2071,Yash Kapoor,Pranav Sethi,10374.0,2026-09-04 16:00:00,UPI
NOISE-TXN-2072,Mayank Grover,Nikhil Sethi,17782.0,2026-09-08 09:00:00,NEFT
NOISE-TXN-2073,Rohan Bansal,Tushar Grover,2109.0,2026-09-07 15:00:00,NEFT
NOISE-TXN-2074,Vivek Sethi,Vivek Gulati,9929.0,2026-09-04 11:00:00,UPI
NOISE-TXN-2075,Farhan Wadhwa,Bhavya Bansal,8797.0,2026-09-05 18:00:00,IMPS
NOISE-TXN-2076,Farhan Batra,Vivek Bansal,17704.0,2026-09-04 10:00:00,IMPS
NOISE-TXN-2077,Mayank Grover,Tushar Batra,645.0,2026-09-03 04:00:00,UPI
NOISE-TXN-2078,Ishaan Bhasin,Pankaj Gulati,5701.0,2026-09-02 04:00:00,NEFT
NOISE-TXN-2079,Vivek Bansal,Gaurav Aggarwal,5406.0,2026-09-07 07:00:00,IMPS
NOISE-TXN-2080,Mayank Chhabra,Bhavya Chhabra,2801.0,2026-09-01 17:00:00,UPI
NOISE-TXN-2081,Ishaan Tiwari,Naveen Batra,3435.0,2026-09-07 07:00:00,IMPS
NOISE-TXN-2082,Gaurav Wadhwa,Farhan Gulati,3250.0,2026-09-02 02:00:00,UPI
NOISE-TXN-2083,Farhan Bhasin,Dev Gulati,4958.0,2026-09-02 00:00:00,UPI
NOISE-TXN-2084,Rohan Aggarwal,Tushar Grover,4379.0,2026-09-02 13:00:00,NEFT
NOISE-TXN-2085,Kabir Singhal,Bhavya Malhotra,3153.0,2026-09-05 01:00:00,NEFT
NOISE-TXN-2086,Pranav Kapoor,Rohan Bhasin,4960.0,2026-09-03 01:00:00,UPI
NOISE-TXN-2087,Ishaan Aggarwal,Farhan Wadhwa,295.0,2026-09-11 11:00:00,NEFT
NOISE-TXN-2088,Nikhil Bansal,Mayank Kapoor,7238.0,2026-09-05 22:00:00,NEFT
NOISE-TXN-2089,Harsh Sethi,Alok Chhabra,211.0,2026-09-07 20:00:00,IMPS
NOISE-TXN-2090,Dev Tiwari,Harsh Wadhwa,4052.0,2026-09-09 23:00:00,UPI
NOISE-TXN-2091,Vivek Batra,Farhan Gulati,302.0,2026-09-10 19:00:00,NEFT
NOISE-TXN-2092,Mayank Malhotra,Pranav Khurana,5771.0,2026-09-02 21:00:00,NEFT
NOISE-TXN-2093,Siddharth Nangia,Yash Khurana,4764.0,2026-09-02 04:00:00,UPI
NOISE-TXN-2094,Gaurav Khurana,Pranav Chhabra,6494.0,2026-09-03 10:00:00,IMPS
NOISE-TXN-2095,Tushar Kakkar,Siddharth Nangia,7448.0,2026-09-04 02:00:00,IMPS
NOISE-TXN-2096,Farhan Khurana,Farhan Bhasin,1898.0,2026-09-06 20:00:00,NEFT
NOISE-TXN-2097,Ishaan Malhotra,Ishaan Tiwari,597.0,2026-09-06 06:00:00,UPI
NOISE-TXN-2098,Naveen Sethi,Kabir Singhal,14820.0,2026-09-08 17:00:00,IMPS
NOISE-TXN-2099,Nikhil Tiwari,Ashish Nangia,1147.0,2026-09-02 13:00:00,NEFT
NOISE-TXN-2100,Nikhil Sethi,Farhan Grover,1451.0,2026-09-03 00:00:00,UPI
NOISE-TXN-2101,Vivek Malhotra,Naveen Sethi,151.0,2026-09-05 09:00:00,IMPS
NOISE-TXN-2102,Kabir Batra,Nikhil Grover,484.0,2026-09-01 15:00:00,NEFT
NOISE-TXN-2103,Farhan Wadhwa,Harsh Khurana,7836.0,2026-09-01 13:00:00,UPI
NOISE-TXN-2104,Pranav Khurana,Alok Tiwari,879.0,2026-09-11 23:00:00,UPI
NOISE-TXN-2105,Tushar Aggarwal,Alok Chhabra,7446.0,2026-09-07 01:00:00,UPI
NOISE-TXN-2106,Ashish Kakkar,Mayank Kapoor,3496.0,2026-09-04 04:00:00,UPI
NOISE-TXN-2107,Pranav Malhotra,Ashish Kakkar,131.0,2026-09-11 21:00:00,NEFT
NOISE-TXN-2108,Deepankar Bansal,Deepankar Singhal,23641.0,2026-09-06 23:00:00,IMPS
NOISE-TXN-2109,Siddharth Nangia,Tushar Bansal,1103.0,2026-09-09 21:00:00,NEFT
NOISE-TXN-2110,Mayank Malhotra,Pankaj Sethi,5971.0,2026-09-12 07:00:00,IMPS
NOISE-TXN-2111,Pranav Malhotra,Pranav Bhasin,10845.0,2026-09-10 21:00:00,IMPS
NOISE-TXN-2112,Alok Wadhwa,Pranav Chhabra,1645.0,2026-09-09 20:00:00,UPI
NOISE-TXN-2113,Tushar Bansal,Yash Sethi,9617.0,2026-09-04 21:00:00,UPI
NOISE-TXN-2114,Mayank Bansal,Pankaj Aggarwal,2146.0,2026-09-05 07:00:00,NEFT
NOISE-TXN-2115,Harsh Kapoor,Dev Batra,854.0,2026-09-10 09:00:00,UPI
NOISE-TXN-2116,Pankaj Malhotra,Pranav Bhasin,1313.0,2026-09-03 20:00:00,NEFT
NOISE-TXN-2117,Ishaan Khurana,Pankaj Singhal,6602.0,2026-09-05 10:00:00,UPI
NOISE-TXN-2118,Farhan Tiwari,Pankaj Wadhwa,5568.0,2026-09-11 11:00:00,NEFT
NOISE-TXN-2119,Pranav Nangia,Kabir Singhal,7291.0,2026-09-07 06:00:00,NEFT
NOISE-TXN-2120,Rohan Bansal,Bhavya Bhasin,112.0,2026-09-08 22:00:00,UPI
NOISE-TXN-2121,Pankaj Chhabra,Harsh Khurana,3417.0,2026-09-04 01:00:00,IMPS
NOISE-TXN-2122,Pranav Grover,Naveen Sethi,2408.0,2026-09-02 20:00:00,UPI
NOISE-TXN-2123,Siddharth Aggarwal,Nikhil Grover,2778.0,2026-09-12 05:00:00,NEFT
NOISE-TXN-2124,Rohan Kakkar,Pankaj Sethi,4866.0,2026-09-07 03:00:00,UPI
NOISE-TXN-2125,Siddharth Bansal,Nikhil Tiwari,18526.0,2026-09-03 11:00:00,NEFT
NOISE-TXN-2126,Pranav Tiwari,Ishaan Khurana,677.0,2026-09-02 07:00:00,NEFT
NOISE-TXN-2127,Bhavya Singhal,Ashish Nangia,263.0,2026-09-10 06:00:00,IMPS
NOISE-TXN-2128,Bhavya Aggarwal,Harsh Chhabra,2776.0,2026-09-07 17:00:00,UPI
NOISE-TXN-2129,Harsh Bhasin,Pranav Batra,645.0,2026-09-03 17:00:00,IMPS
NOISE-TXN-2130,Nikhil Kakkar,Mayank Bhasin,10161.0,2026-09-11 23:00:00,UPI
NOISE-TXN-2131,Deepankar Singhal,Deepankar Tiwari,21707.0,2026-09-03 16:00:00,NEFT
NOISE-TXN-2132,Pranav Wadhwa,Alok Wadhwa,4315.0,2026-09-02 09:00:00,IMPS
NOISE-TXN-2133,Gaurav Gulati,Vivek Aggarwal,385.0,2026-09-05 10:00:00,UPI
NOISE-TXN-2134,Vivek Bhasin,Vivek Khurana,5992.0,2026-09-02 09:00:00,IMPS
NOISE-TXN-2135,Rohan Bansal,Farhan Bhasin,2920.0,2026-09-11 07:00:00,NEFT
NOISE-TXN-2136,Pranav Malhotra,Ashish Nangia,6703.0,2026-09-09 05:00:00,UPI
NOISE-TXN-2137,Mayank Bansal,Harsh Kakkar,10857.0,2026-09-09 04:00:00,UPI
NOISE-TXN-2138,Farhan Khurana,Kabir Bansal,3765.0,2026-09-05 15:00:00,IMPS
NOISE-TXN-2139,Kabir Kapoor,Harsh Chhabra,3018.0,2026-09-08 08:00:00,NEFT
NOISE-TXN-2140,Bhavya Singhal,Naveen Batra,1985.0,2026-09-06 16:00:00,NEFT
NOISE-TXN-2141,Harsh Khurana,Ishaan Tiwari,834.0,2026-09-03 01:00:00,NEFT
NOISE-TXN-2142,Rohan Gulati,Dev Kapoor,2905.0,2026-09-07 01:00:00,IMPS
NOISE-TXN-2143,Alok Batra,Tushar Batra,6523.0,2026-09-04 07:00:00,NEFT
NOISE-TXN-2144,Dev Bhasin,Harsh Kapoor,6439.0,2026-09-11 18:00:00,NEFT
NOISE-TXN-2145,Tushar Khurana,Dev Wadhwa,3343.0,2026-09-08 16:00:00,UPI
NOISE-TXN-2146,Tushar Grover,Mayank Malhotra,8295.0,2026-09-08 04:00:00,IMPS
NOISE-TXN-2147,Harsh Wadhwa,Pankaj Singhal,1205.0,2026-09-01 23:00:00,UPI
NOISE-TXN-2148,Harsh Kapoor,Ashish Kakkar,616.0,2026-09-11 23:00:00,NEFT
NOISE-TXN-2149,Deepankar Tiwari,Bhavya Singhal,5348.0,2026-09-03 11:00:00,IMPS
NOISE-TXN-2150,Alok Wadhwa,Kabir Bansal,1144.0,2026-09-11 22:00:00,IMPS
NOISE-TXN-2151,Nikhil Khurana,Pranav Bansal,4809.0,2026-09-02 08:00:00,UPI
NOISE-TXN-2152,Kabir Gulati,Gaurav Kapoor,8472.0,2026-09-08 08:00:00,UPI
NOISE-TXN-2153,Rohan Gulati,Deepankar Kapoor,2685.0,2026-09-01 20:00:00,NEFT
NOISE-TXN-2154,Gaurav Kapoor,Tushar Aggarwal,6766.0,2026-09-12 02:00:00,IMPS
NOISE-TXN-2155,Siddharth Aggarwal,Nikhil Aggarwal,475.0,2026-09-10 06:00:00,IMPS
NOISE-TXN-2156,Alok Malhotra,Alok Wadhwa,6250.0,2026-09-01 14:00:00,NEFT
NOISE-TXN-2157,Naveen Batra,Siddharth Bansal,5481.0,2026-09-02 15:00:00,NEFT
NOISE-TXN-2158,Yash Chhabra,Pankaj Chhabra,1954.0,2026-09-02 15:00:00,NEFT
NOISE-TXN-2159,Bhavya Chhabra,Nikhil Kakkar,14377.0,2026-09-06 23:00:00,UPI
NOISE-TXN-2160,Pranav Malhotra,Deepankar Bansal,1342.0,2026-09-03 03:00:00,NEFT
NOISE-TXN-2161,Vivek Aggarwal,Vivek Gulati,4192.0,2026-09-06 07:00:00,NEFT
NOISE-TXN-2162,Mayank Chhabra,Ishaan Aggarwal,1288.0,2026-09-07 18:00:00,NEFT
NOISE-TXN-2163,Deepankar Bhasin,Yash Kakkar,2740.0,2026-09-06 11:00:00,NEFT
NOISE-TXN-2164,Tushar Kapoor,Nikhil Tiwari,15499.0,2026-09-11 19:00:00,UPI
NOISE-TXN-2165,Naveen Sethi,Pankaj Singhal,4234.0,2026-09-10 16:00:00,UPI
NOISE-TXN-2166,Siddharth Aggarwal,Naveen Khurana,3861.0,2026-09-11 15:00:00,IMPS
NOISE-TXN-2167,Farhan Aggarwal,Naveen Wadhwa,3338.0,2026-09-02 03:00:00,IMPS
NOISE-TXN-2168,Rohan Aggarwal,Mayank Bhasin,3403.0,2026-09-06 03:00:00,UPI
NOISE-TXN-2169,Bhavya Tiwari,Bhavya Malhotra,6090.0,2026-09-06 07:00:00,UPI
NOISE-TXN-2170,Bhavya Kapoor,Vivek Khurana,4585.0,2026-09-03 19:00:00,IMPS
NOISE-TXN-2171,Pranav Khurana,Nikhil Sethi,20089.0,2026-09-01 13:00:00,NEFT
NOISE-TXN-2172,Mayank Malhotra,Gaurav Wadhwa,415.0,2026-09-05 02:00:00,UPI
NOISE-TXN-2173,Bhavya Tiwari,Tushar Khurana,2677.0,2026-09-08 09:00:00,NEFT
NOISE-TXN-2174,Pankaj Bhasin,Vivek Malhotra,4938.0,2026-09-11 23:00:00,UPI
NOISE-TXN-2175,Ashish Malhotra,Farhan Bhasin,3092.0,2026-09-09 18:00:00,NEFT
NOISE-TXN-2176,Pankaj Singhal,Vivek Wadhwa,3145.0,2026-09-09 11:00:00,NEFT
NOISE-TXN-2177,Gaurav Aggarwal,Farhan Kapoor,2870.0,2026-09-05 21:00:00,IMPS
NOISE-TXN-2178,Alok Chhabra,Kabir Kapoor,1722.0,2026-09-09 05:00:00,IMPS
NOISE-TXN-2179,Ishaan Tiwari,Vivek Sethi,2738.0,2026-09-01 20:00:00,IMPS
NOISE-TXN-2180,Farhan Tiwari,Rohan Gulati,6613.0,2026-09-11 02:00:00,IMPS
NOISE-TXN-2181,Harsh Aggarwal,Bhavya Bansal,2605.0,2026-09-01 15:00:00,IMPS
NOISE-TXN-2182,Yash Tiwari,Naveen Batra,879.0,2026-09-07 21:00:00,UPI
NOISE-TXN-2183,Ashish Gulati,Mayank Kakkar,1929.0,2026-09-12 02:00:00,IMPS
NOISE-TXN-2184,Tushar Bhasin,Harsh Kapoor,4840.0,2026-09-08 08:00:00,NEFT
NOISE-TXN-2185,Vivek Bansal,Farhan Gulati,3613.0,2026-09-04 10:00:00,UPI
NOISE-TXN-2186,Mayank Nangia,Alok Malhotra,4472.0,2026-09-08 03:00:00,UPI
NOISE-TXN-2187,Ishaan Bhasin,Mayank Nangia,4770.0,2026-09-10 09:00:00,UPI
NOISE-TXN-2188,Rohan Batra,Mayank Wadhwa,920.0,2026-09-03 05:00:00,NEFT
NOISE-TXN-2189,Pankaj Sethi,Deepankar Singhal,1430.0,2026-09-08 07:00:00,UPI
NOISE-TXN-2190,Naveen Batra,Mayank Kapoor,1981.0,2026-09-03 11:00:00,NEFT
NOISE-TXN-2191,Pranav Khurana,Alok Wadhwa,2581.0,2026-09-11 02:00:00,IMPS
NOISE-TXN-2192,Bhavya Aggarwal,Alok Nangia,218.0,2026-09-05 08:00:00,IMPS
NOISE-TXN-2193,Pranav Nangia,Vivek Nangia,1542.0,2026-09-08 06:00:00,NEFT
NOISE-TXN-2194,Vivek Chhabra,Alok Bhasin,1922.0,2026-09-04 05:00:00,UPI
NOISE-TXN-2195,Ashish Malhotra,Mayank Wadhwa,5195.0,2026-09-09 16:00:00,UPI
NOISE-TXN-2196,Pranav Batra,Naveen Batra,1071.0,2026-09-04 20:00:00,NEFT
NOISE-TXN-2197,Vivek Gulati,Bhavya Gulati,1136.0,2026-09-03 22:00:00,UPI
NOISE-TXN-2198,Pranav Wadhwa,Gaurav Gulati,1605.0,2026-09-05 05:00:00,IMPS
NOISE-TXN-2199,Pranav Nangia,Dev Gulati,1682.0,2026-09-04 14:00:00,NEFT
NOISE-TXN-2200,Pranav Wadhwa,Siddharth Chhabra,4150.0,2026-09-01 23:00:00,UPI
NOISE-TXN-2201,Gaurav Wadhwa,Mayank Kakkar,1070.0,2026-09-11 10:00:00,UPI
NOISE-TXN-2202,Nikhil Wadhwa,Nikhil Grover,4123.0,2026-09-08 00:00:00,IMPS
NOISE-TXN-2203,Farhan Grover,Kabir Sethi,4584.0,2026-09-04 21:00:00,IMPS
NOISE-TXN-2204,Rohan Kakkar,Mayank Bansal,428.0,2026-09-02 00:00:00,NEFT
NOISE-TXN-2205,Vivek Gulati,Farhan Khurana,8835.0,2026-09-11 17:00:00,IMPS
NOISE-TXN-2206,Farhan Sethi,Pranav Khurana,290.0,2026-09-10 05:00:00,NEFT
NOISE-TXN-2207,Nikhil Wadhwa,Yash Nangia,4306.0,2026-09-10 00:00:00,NEFT
NOISE-TXN-2208,Pankaj Sethi,Farhan Gulati,288.0,2026-09-05 10:00:00,UPI
NOISE-TXN-2209,Bhavya Malhotra,Dev Bansal,6479.0,2026-09-09 05:00:00,NEFT
NOISE-TXN-2210,Siddharth Aggarwal,Deepankar Bhasin,3462.0,2026-09-08 12:00:00,IMPS
NOISE-TXN-2211,Vivek Wadhwa,Vivek Sethi,5730.0,2026-09-08 17:00:00,NEFT
NOISE-TXN-2212,Vivek Wadhwa,Gaurav Bhasin,22024.0,2026-09-09 15:00:00,UPI
NOISE-TXN-2213,Tushar Singhal,Farhan Gulati,825.0,2026-09-06 07:00:00,IMPS
NOISE-TXN-2214,Kabir Gulati,Dev Kapoor,1558.0,2026-09-07 07:00:00,NEFT
NOISE-TXN-2215,Harsh Kakkar,Alok Malhotra,1117.0,2026-09-03 00:00:00,IMPS
NOISE-TXN-2216,Naveen Sethi,Bhavya Bhasin,3164.0,2026-09-09 01:00:00,NEFT
NOISE-TXN-2217,Mayank Grover,Pankaj Singhal,908.0,2026-09-03 11:00:00,IMPS
NOISE-TXN-2218,Farhan Wadhwa,Tushar Tiwari,2120.0,2026-09-01 19:00:00,NEFT
NOISE-TXN-2219,Alok Malhotra,Rohan Bhasin,6637.0,2026-09-10 11:00:00,IMPS
NOISE-TXN-2220,Pankaj Chhabra,Vivek Sethi,8970.0,2026-09-10 01:00:00,NEFT
NOISE-TXN-2221,Pankaj Bhasin,Pankaj Sethi,2873.0,2026-09-05 14:00:00,IMPS
NOISE-TXN-2222,Ashish Bansal,Alok Malhotra,817.0,2026-09-12 06:00:00,IMPS
NOISE-TXN-2223,Gaurav Bhasin,Dev Bhasin,492.0,2026-09-09 22:00:00,NEFT
NOISE-TXN-2224,Ishaan Kakkar,Vivek Bhasin,253.0,2026-09-04 07:00:00,NEFT
NOISE-TXN-2225,Rohan Aggarwal,Deepankar Sethi,6566.0,2026-09-04 17:00:00,IMPS
NOISE-TXN-2226,Bhavya Kapoor,Ashish Nangia,1912.0,2026-09-04 03:00:00,NEFT
NOISE-TXN-2227,Farhan Kapoor,Ishaan Bhasin,14007.0,2026-09-10 16:00:00,UPI
NOISE-TXN-2228,Harsh Tiwari,Gaurav Sethi,1009.0,2026-09-07 07:00:00,IMPS
NOISE-TXN-2229,Bhavya Gulati,Ashish Bansal,429.0,2026-09-01 22:00:00,NEFT
NOISE-TXN-2230,Deepankar Sethi,Vivek Wadhwa,12828.0,2026-09-02 18:00:00,NEFT
NOISE-TXN-2231,Alok Tiwari,Dev Tiwari,1226.0,2026-09-05 19:00:00,NEFT
NOISE-TXN-2232,Deepankar Aggarwal,Farhan Grover,2669.0,2026-09-10 18:00:00,UPI
NOISE-TXN-2233,Alok Malhotra,Dev Kapoor,19582.0,2026-09-07 20:00:00,IMPS
NOISE-TXN-2234,Alok Wadhwa,Bhavya Bhasin,140.0,2026-09-02 20:00:00,IMPS
NOISE-TXN-2235,Harsh Kakkar,Pranav Batra,11766.0,2026-09-06 17:00:00,NEFT
NOISE-TXN-2236,Mayank Kakkar,Pranav Batra,882.0,2026-09-01 19:00:00,IMPS
NOISE-TXN-2237,Kabir Sethi,Mayank Chhabra,12925.0,2026-09-11 01:00:00,UPI
NOISE-TXN-2238,Dev Tiwari,Kabir Bansal,5089.0,2026-09-02 15:00:00,NEFT
NOISE-TXN-2239,Pankaj Wadhwa,Pranav Chhabra,11471.0,2026-09-10 03:00:00,IMPS
NOISE-TXN-2240,Rohan Bansal,Vivek Bhasin,3223.0,2026-09-04 16:00:00,IMPS
NOISE-TXN-2241,Nikhil Bhasin,Siddharth Singhal,791.0,2026-09-08 05:00:00,NEFT
NOISE-TXN-2242,Ishaan Aggarwal,Gaurav Sethi,9527.0,2026-09-03 13:00:00,IMPS
NOISE-TXN-2243,Bhavya Bhasin,Pankaj Malhotra,635.0,2026-09-05 22:00:00,NEFT
NOISE-TXN-2244,Vivek Malhotra,Kabir Kakkar,6181.0,2026-09-02 22:00:00,UPI
NOISE-TXN-2245,Rohan Kapoor,Nikhil Singhal,1707.0,2026-09-11 02:00:00,UPI
NOISE-TXN-2246,Pranav Aggarwal,Farhan Gulati,10561.0,2026-09-01 20:00:00,NEFT
NOISE-TXN-2247,Pranav Sethi,Rohan Gulati,12120.0,2026-09-09 10:00:00,NEFT
NOISE-TXN-2248,Siddharth Bansal,Nikhil Bhasin,200.0,2026-09-03 06:00:00,NEFT
NOISE-TXN-2249,Pranav Wadhwa,Farhan Wadhwa,24880.0,2026-09-06 04:00:00,IMPS
NOISE-TXN-2250,Alok Malhotra,Farhan Gulati,4468.0,2026-09-11 18:00:00,IMPS
NOISE-TXN-2251,Pranav Aggarwal,Rohan Gulati,5818.0,2026-09-02 11:00:00,UPI
NOISE-TXN-2252,Pranav Grover,Bhavya Malhotra,5504.0,2026-09-07 09:00:00,UPI
NOISE-TXN-2253,Gaurav Sethi,Farhan Wadhwa,3249.0,2026-09-05 01:00:00,NEFT
NOISE-TXN-2254,Pranav Singhal,Pranav Khurana,3650.0,2026-09-02 10:00:00,UPI
NOISE-TXN-2255,Vivek Aggarwal,Yash Khurana,2909.0,2026-09-12 00:00:00,NEFT
NOISE-TXN-2256,Yash Gulati,Bhavya Gulati,6013.0,2026-09-08 18:00:00,IMPS
NOISE-TXN-2257,Siddharth Bansal,Naveen Khurana,4753.0,2026-09-03 12:00:00,UPI
NOISE-TXN-2258,Vivek Nangia,Rohan Aggarwal,616.0,2026-09-07 13:00:00,IMPS
NOISE-TXN-2259,Vivek Bansal,Tushar Chhabra,2505.0,2026-09-01 21:00:00,IMPS
NOISE-TXN-2260,Alok Khurana,Naveen Malhotra,19996.0,2026-09-02 10:00:00,IMPS
NOISE-TXN-2261,Yash Gulati,Dev Bhasin,433.0,2026-09-03 01:00:00,IMPS
NOISE-TXN-2262,Pranav Nangia,Mayank Bansal,542.0,2026-09-05 14:00:00,UPI
NOISE-TXN-2263,Nikhil Bhasin,Vivek Chhabra,1001.0,2026-09-08 21:00:00,IMPS
NOISE-TXN-2264,Dev Bansal,Farhan Sethi,286.0,2026-09-07 17:00:00,NEFT
NOISE-TXN-2265,Tushar Aggarwal,Yash Sethi,976.0,2026-09-01 10:00:00,IMPS
NOISE-TXN-2266,Dev Wadhwa,Tushar Singhal,2355.0,2026-09-11 04:00:00,IMPS
NOISE-TXN-2267,Pranav Grover,Vivek Wadhwa,189.0,2026-09-09 11:00:00,NEFT
NOISE-TXN-2268,Yash Gulati,Naveen Khurana,8691.0,2026-09-10 17:00:00,UPI
NOISE-TXN-2269,Ashish Wadhwa,Kabir Gulati,2623.0,2026-09-09 17:00:00,IMPS
NOISE-TXN-2270,Pankaj Wadhwa,Farhan Wadhwa,591.0,2026-09-02 14:00:00,UPI
NOISE-TXN-2271,Ashish Gulati,Kabir Kapoor,6118.0,2026-09-11 01:00:00,IMPS
NOISE-TXN-2272,Nikhil Bansal,Deepankar Malhotra,4288.0,2026-09-06 02:00:00,NEFT
NOISE-TXN-2273,Rohan Bhasin,Yash Kakkar,489.0,2026-09-11 08:00:00,IMPS
NOISE-TXN-2274,Kabir Aggarwal,Vivek Aggarwal,7458.0,2026-09-10 08:00:00,UPI
NOISE-TXN-2275,Kabir Chhabra,Dev Bhasin,1261.0,2026-09-03 15:00:00,NEFT
NOISE-TXN-2276,Tushar Kapoor,Ashish Wadhwa,6812.0,2026-09-09 01:00:00,UPI
NOISE-TXN-2277,Ashish Malhotra,Pranav Khurana,2564.0,2026-09-07 03:00:00,UPI
NOISE-TXN-2278,Nikhil Khurana,Alok Khurana,10851.0,2026-09-01 10:00:00,NEFT
NOISE-TXN-2279,Pranav Singhal,Mayank Batra,679.0,2026-09-03 17:00:00,IMPS
NOISE-TXN-2280,Alok Wadhwa,Nikhil Tiwari,2396.0,2026-09-11 20:00:00,NEFT
NOISE-TXN-2281,Kabir Chhabra,Vivek Bhasin,3509.0,2026-09-03 22:00:00,IMPS
NOISE-TXN-2282,Harsh Wadhwa,Vivek Batra,10087.0,2026-09-09 09:00:00,IMPS
NOISE-TXN-2283,Farhan Sethi,Harsh Tiwari,5780.0,2026-09-05 20:00:00,NEFT
NOISE-TXN-2284,Bhavya Grover,Yash Khurana,2478.0,2026-09-04 12:00:00,IMPS
NOISE-TXN-2285,Pranav Singhal,Mayank Bansal,5772.0,2026-09-02 15:00:00,IMPS
NOISE-TXN-2286,Tushar Aggarwal,Mayank Bhasin,498.0,2026-09-09 23:00:00,UPI
NOISE-TXN-2287,Bhavya Aggarwal,Bhavya Singhal,4656.0,2026-09-05 12:00:00,NEFT
NOISE-TXN-2288,Mayank Nangia,Rohan Batra,7205.0,2026-09-04 12:00:00,UPI
NOISE-TXN-2289,Gaurav Khurana,Deepankar Malhotra,3604.0,2026-09-08 14:00:00,NEFT
NOISE-TXN-2290,Tushar Aggarwal,Farhan Khurana,5607.0,2026-09-06 17:00:00,NEFT
NOISE-TXN-2291,Pranav Khurana,Pranav Aggarwal,1822.0,2026-09-06 05:00:00,IMPS
NOISE-TXN-2292,Pranav Bhasin,Rohan Batra,2798.0,2026-09-08 13:00:00,IMPS
NOISE-TXN-2293,Farhan Sethi,Dev Kakkar,11014.0,2026-09-08 21:00:00,NEFT
NOISE-TXN-2294,Pranav Sethi,Ishaan Malhotra,1924.0,2026-09-11 11:00:00,IMPS
NOISE-TXN-2295,Rohan Aggarwal,Mayank Chhabra,3254.0,2026-09-07 22:00:00,NEFT
NOISE-TXN-2296,Vivek Khurana,Nikhil Wadhwa,459.0,2026-09-06 14:00:00,NEFT
NOISE-TXN-2297,Mayank Kakkar,Kabir Kapoor,2479.0,2026-09-11 04:00:00,UPI
NOISE-TXN-2298,Kabir Sethi,Ashish Malhotra,1648.0,2026-09-10 02:00:00,UPI
NOISE-TXN-2299,Nikhil Tiwari,Tushar Bansal,9495.0,2026-09-12 04:00:00,IMPS
NOISE-TXN-2300,Yash Kakkar,Harsh Kapoor,14027.0,2026-09-02 13:00:00,UPI
NOISE-TXN-2301,Naveen Sethi,Siddharth Chhabra,5409.0,2026-09-11 15:00:00,IMPS
NOISE-TXN-2302,Gaurav Sethi,Yash Kapoor,8853.0,2026-09-03 02:00:00,NEFT
NOISE-TXN-2303,Mayank Malhotra,Bhavya Kapoor,4434.0,2026-09-04 04:00:00,IMPS
NOISE-TXN-2304,Tushar Kapoor,Dev Malhotra,12740.0,2026-09-10 06:00:00,NEFT
NOISE-TXN-2305,Bhavya Chhabra,Tushar Aggarwal,3399.0,2026-09-10 23:00:00,IMPS
NOISE-TXN-2306,Nikhil Singhal,Mayank Kakkar,17479.0,2026-09-07 22:00:00,IMPS
NOISE-TXN-2307,Farhan Kapoor,Mayank Chhabra,2828.0,2026-09-05 05:00:00,UPI
NOISE-TXN-2308,Pankaj Singhal,Alok Wadhwa,4370.0,2026-09-05 07:00:00,NEFT
NOISE-TXN-2309,Ashish Bansal,Ashish Bhasin,6883.0,2026-09-03 21:00:00,NEFT
NOISE-TXN-2310,Vivek Chhabra,Pranav Sethi,1051.0,2026-09-02 03:00:00,IMPS
NOISE-TXN-2311,Nikhil Sethi,Yash Nangia,1126.0,2026-09-11 19:00:00,NEFT
NOISE-TXN-2312,Rohan Kapoor,Kabir Bansal,2278.0,2026-09-07 06:00:00,UPI
NOISE-TXN-2313,Pankaj Aggarwal,Nikhil Grover,21956.0,2026-09-07 11:00:00,NEFT
NOISE-TXN-2314,Alok Chhabra,Harsh Kakkar,6365.0,2026-09-03 01:00:00,UPI
NOISE-TXN-2315,Tushar Kakkar,Tushar Kapoor,431.0,2026-09-08 00:00:00,NEFT
NOISE-TXN-2316,Rohan Gulati,Tushar Tiwari,735.0,2026-09-05 07:00:00,IMPS
NOISE-TXN-2317,Rohan Aggarwal,Farhan Grover,8785.0,2026-09-02 09:00:00,UPI
NOISE-TXN-2318,Yash Khurana,Dev Bhasin,3826.0,2026-09-09 01:00:00,NEFT
NOISE-TXN-2319,Gaurav Gulati,Tushar Bansal,2904.0,2026-09-10 12:00:00,IMPS
NOISE-TXN-2320,Harsh Khurana,Nikhil Tiwari,526.0,2026-09-04 15:00:00,NEFT
NOISE-TXN-2321,Nikhil Wadhwa,Naveen Kakkar,1991.0,2026-09-08 17:00:00,NEFT
NOISE-TXN-2322,Mayank Grover,Dev Wadhwa,29342.0,2026-09-06 02:00:00,UPI
NOISE-TXN-2323,Kabir Aggarwal,Mayank Gulati,4116.0,2026-09-04 17:00:00,NEFT
NOISE-TXN-2324,Yash Tiwari,Naveen Kakkar,4820.0,2026-09-04 00:00:00,UPI
NOISE-TXN-2325,Rohan Bhasin,Pranav Aggarwal,2088.0,2026-09-06 10:00:00,IMPS
NOISE-TXN-2326,Pranav Khurana,Ashish Bhasin,3138.0,2026-09-08 05:00:00,UPI
NOISE-TXN-2327,Tushar Tiwari,Ishaan Sethi,1786.0,2026-09-11 07:00:00,IMPS
NOISE-TXN-2328,Pranav Nangia,Dev Bhasin,11656.0,2026-09-07 14:00:00,UPI
NOISE-TXN-2329,Farhan Sethi,Tushar Kapoor,20682.0,2026-09-10 02:00:00,IMPS
NOISE-TXN-2330,Ishaan Kakkar,Farhan Grover,1063.0,2026-09-09 12:00:00,NEFT
NOISE-TXN-2331,Pankaj Sethi,Pranav Bhasin,7168.0,2026-09-12 02:00:00,NEFT
NOISE-TXN-2332,Alok Wadhwa,Pranav Chhabra,2215.0,2026-09-07 02:00:00,UPI
NOISE-TXN-2333,Alok Bhasin,Pranav Bhasin,1436.0,2026-09-10 12:00:00,IMPS
NOISE-TXN-2334,Kabir Sethi,Pankaj Kakkar,1762.0,2026-09-09 06:00:00,IMPS
NOISE-TXN-2335,Vivek Chhabra,Vivek Sethi,4570.0,2026-09-03 23:00:00,IMPS
NOISE-TXN-2336,Harsh Chhabra,Yash Chhabra,1287.0,2026-09-04 21:00:00,IMPS
NOISE-TXN-2337,Farhan Wadhwa,Dev Gulati,1710.0,2026-09-09 14:00:00,IMPS
NOISE-TXN-2338,Mayank Chhabra,Nikhil Singhal,1030.0,2026-09-06 05:00:00,UPI
NOISE-TXN-2339,Ishaan Bhasin,Siddharth Malhotra,2130.0,2026-09-09 05:00:00,NEFT
NOISE-TXN-2340,Farhan Kapoor,Vivek Sethi,3879.0,2026-09-07 22:00:00,UPI
NOISE-TXN-2341,Rohan Bhasin,Gaurav Sethi,3642.0,2026-09-07 05:00:00,NEFT
NOISE-TXN-2342,Deepankar Singhal,Kabir Kakkar,6983.0,2026-09-02 13:00:00,UPI
NOISE-TXN-2343,Rohan Batra,Mayank Sethi,4351.0,2026-09-01 16:00:00,IMPS
NOISE-TXN-2344,Rohan Kapoor,Gaurav Wadhwa,5056.0,2026-09-05 03:00:00,NEFT
NOISE-TXN-2345,Bhavya Malhotra,Mayank Chhabra,529.0,2026-09-09 18:00:00,UPI
NOISE-TXN-2346,Mayank Bansal,Yash Kapoor,8646.0,2026-09-05 20:00:00,UPI
NOISE-TXN-2347,Alok Bhasin,Pranav Singhal,5882.0,2026-09-08 18:00:00,NEFT
NOISE-TXN-2348,Farhan Khurana,Ishaan Bhasin,513.0,2026-09-11 08:00:00,UPI
NOISE-TXN-2349,Yash Khurana,Tushar Kakkar,5541.0,2026-09-05 00:00:00,NEFT
NOISE-TXN-2350,Pranav Khurana,Dev Bansal,15657.0,2026-09-06 00:00:00,NEFT
NOISE-TXN-2351,Gaurav Bhasin,Ashish Gulati,7822.0,2026-09-09 10:00:00,NEFT
NOISE-TXN-2352,Mayank Malhotra,Naveen Wadhwa,1433.0,2026-09-08 01:00:00,UPI
NOISE-TXN-2353,Pankaj Malhotra,Nikhil Grover,3742.0,2026-09-09 00:00:00,UPI
NOISE-TXN-2354,Ishaan Tiwari,Farhan Grover,2924.0,2026-09-03 02:00:00,UPI
NOISE-TXN-2355,Dev Nangia,Pankaj Chhabra,1889.0,2026-09-05 22:00:00,IMPS
NOISE-TXN-2356,Pankaj Chhabra,Deepankar Sethi,5373.0,2026-09-08 16:00:00,NEFT
NOISE-TXN-2357,Tushar Grover,Pankaj Kakkar,5373.0,2026-09-09 01:00:00,IMPS
NOISE-TXN-2358,Siddharth Bansal,Kabir Bansal,3047.0,2026-09-04 08:00:00,IMPS
NOISE-TXN-2359,Rohan Gulati,Nikhil Aggarwal,4734.0,2026-09-09 10:00:00,IMPS
NOISE-TXN-2360,Dev Kakkar,Bhavya Gulati,1501.0,2026-09-06 17:00:00,UPI
NOISE-TXN-2361,Alok Wadhwa,Siddharth Aggarwal,16398.0,2026-09-06 19:00:00,NEFT
NOISE-TXN-2362,Nikhil Sethi,Gaurav Sethi,3148.0,2026-09-07 12:00:00,IMPS
NOISE-TXN-2363,Ashish Bansal,Mayank Bhasin,17418.0,2026-09-10 20:00:00,NEFT
NOISE-TXN-2364,Bhavya Chhabra,Harsh Sethi,8334.0,2026-09-12 03:00:00,IMPS
NOISE-TXN-2365,Ishaan Bhasin,Naveen Khurana,572.0,2026-09-02 00:00:00,UPI
NOISE-TXN-2366,Gaurav Grover,Tushar Kapoor,8309.0,2026-09-10 02:00:00,UPI
NOISE-TXN-2367,Dev Tiwari,Rohan Bansal,721.0,2026-09-10 12:00:00,IMPS
NOISE-TXN-2368,Ishaan Kakkar,Kabir Aggarwal,5980.0,2026-09-02 19:00:00,UPI
NOISE-TXN-2369,Harsh Bhasin,Pranav Wadhwa,9942.0,2026-09-02 08:00:00,IMPS
NOISE-TXN-2370,Mayank Sethi,Alok Chhabra,814.0,2026-09-09 13:00:00,NEFT
NOISE-TXN-2371,Rohan Kapoor,Deepankar Aggarwal,19946.0,2026-09-10 00:00:00,UPI
NOISE-TXN-2372,Dev Gulati,Siddharth Malhotra,2126.0,2026-09-11 17:00:00,UPI
NOISE-TXN-2373,Kabir Chhabra,Tushar Chhabra,4452.0,2026-09-08 15:00:00,IMPS
NOISE-TXN-2374,Pankaj Bhasin,Pranav Malhotra,10688.0,2026-09-03 20:00:00,NEFT
NOISE-TXN-2375,Bhavya Kapoor,Mayank Malhotra,2267.0,2026-09-08 18:00:00,NEFT
NOISE-TXN-2376,Tushar Grover,Mayank Nangia,3003.0,2026-09-11 23:00:00,UPI
NOISE-TXN-2377,Vivek Batra,Mayank Nangia,501.0,2026-09-06 12:00:00,NEFT
NOISE-TXN-2378,Naveen Kakkar,Kabir Sethi,163.0,2026-09-09 05:00:00,NEFT
NOISE-TXN-2379,Mayank Chhabra,Yash Tiwari,1867.0,2026-09-09 03:00:00,NEFT
NOISE-TXN-2380,Pankaj Sethi,Kabir Chhabra,13983.0,2026-09-03 19:00:00,UPI
NOISE-TXN-2381,Siddharth Singhal,Tushar Batra,3588.0,2026-09-06 09:00:00,UPI
NOISE-TXN-2382,Nikhil Bansal,Vivek Gulati,1819.0,2026-09-11 01:00:00,UPI
NOISE-TXN-2383,Siddharth Malhotra,Naveen Sethi,103.0,2026-09-11 22:00:00,IMPS
NOISE-TXN-2384,Bhavya Kapoor,Naveen Khurana,6942.0,2026-09-08 10:00:00,NEFT
NOISE-TXN-2385,Siddharth Singhal,Farhan Wadhwa,1606.0,2026-09-11 20:00:00,UPI
NOISE-TXN-2386,Yash Gulati,Siddharth Bansal,2766.0,2026-09-05 08:00:00,UPI
NOISE-TXN-2387,Pranav Batra,Harsh Aggarwal,2590.0,2026-09-04 15:00:00,NEFT
NOISE-TXN-2388,Tushar Khurana,Nikhil Sethi,2342.0,2026-09-04 19:00:00,NEFT
NOISE-TXN-2389,Nikhil Grover,Pranav Sethi,2344.0,2026-09-08 03:00:00,NEFT
NOISE-TXN-2390,Harsh Aggarwal,Gaurav Gulati,11887.0,2026-09-10 03:00:00,IMPS
NOISE-TXN-2391,Siddharth Sethi,Kabir Chhabra,8969.0,2026-09-08 23:00:00,IMPS
NOISE-TXN-2392,Gaurav Kapoor,Ishaan Malhotra,3194.0,2026-09-08 13:00:00,IMPS
NOISE-TXN-2393,Naveen Kakkar,Alok Bhasin,6334.0,2026-09-10 15:00:00,NEFT
NOISE-TXN-2394,Pankaj Singhal,Pankaj Malhotra,8384.0,2026-09-09 23:00:00,UPI
NOISE-TXN-2395,Vivek Malhotra,Nikhil Tiwari,10090.0,2026-09-01 12:00:00,UPI
NOISE-TXN-2396,Bhavya Bhasin,Gaurav Sethi,494.0,2026-09-01 23:00:00,IMPS
NOISE-TXN-2397,Rohan Kakkar,Pranav Sethi,527.0,2026-09-05 15:00:00,NEFT
NOISE-TXN-2398,Yash Tiwari,Pranav Nangia,3376.0,2026-09-08 17:00:00,IMPS
NOISE-TXN-2399,Rohan Gulati,Ishaan Kakkar,4738.0,2026-09-07 17:00:00,UPI
NOISE-TXN-2400,Siddharth Singhal,Ishaan Sethi,681.0,2026-09-11 05:00:00,IMPS
NOISE-TXN-2401,Harsh Khurana,Rohan Kapoor,7512.0,2026-09-07 02:00:00,IMPS
NOISE-TXN-2402,Dev Bhasin,Vivek Singhal,7800.0,2026-09-04 21:00:00,IMPS
NOISE-TXN-2403,Farhan Grover,Alok Tiwari,2275.0,2026-09-06 00:00:00,UPI
NOISE-TXN-2404,Naveen Khurana,Nikhil Aggarwal,9301.0,2026-09-02 18:00:00,UPI
NOISE-TXN-2405,Yash Tiwari,Dev Bansal,4229.0,2026-09-07 21:00:00,IMPS
NOISE-TXN-2406,Dev Bansal,Kabir Singhal,7884.0,2026-09-04 16:00:00,UPI
NOISE-TXN-2407,Ishaan Malhotra,Farhan Batra,888.0,2026-09-08 19:00:00,UPI
NOISE-TXN-2408,Naveen Kapoor,Ishaan Sethi,966.0,2026-09-06 22:00:00,NEFT
NOISE-TXN-2409,Pranav Malhotra,Naveen Khurana,1241.0,2026-09-03 20:00:00,UPI
NOISE-TXN-2410,Gaurav Grover,Mayank Kakkar,5102.0,2026-09-01 23:00:00,NEFT
NOISE-TXN-2411,Tushar Aggarwal,Naveen Wadhwa,15226.0,2026-09-03 08:00:00,NEFT
NOISE-TXN-2412,Bhavya Khurana,Farhan Batra,4981.0,2026-09-05 22:00:00,UPI
NOISE-TXN-2413,Pranav Tiwari,Tushar Batra,3264.0,2026-09-01 22:00:00,NEFT
NOISE-TXN-2414,Dev Nangia,Vivek Bhasin,2672.0,2026-09-08 13:00:00,UPI
NOISE-TXN-2415,Vivek Chhabra,Bhavya Khurana,2435.0,2026-09-10 11:00:00,UPI
NOISE-TXN-2416,Bhavya Chhabra,Farhan Gulati,11695.0,2026-09-05 15:00:00,IMPS
NOISE-TXN-2417,Dev Malhotra,Farhan Grover,6324.0,2026-09-07 10:00:00,UPI
NOISE-TXN-2418,Siddharth Singhal,Farhan Khurana,284.0,2026-09-08 22:00:00,NEFT
NOISE-TXN-2419,Alok Chhabra,Nikhil Bansal,1291.0,2026-09-03 10:00:00,UPI
NOISE-TXN-2420,Tushar Kapoor,Kabir Batra,3434.0,2026-09-09 22:00:00,NEFT
NOISE-TXN-2421,Vivek Sethi,Yash Chhabra,2380.0,2026-09-05 16:00:00,NEFT
NOISE-TXN-2422,Kabir Bansal,Yash Nangia,5019.0,2026-09-10 06:00:00,NEFT
NOISE-TXN-2423,Mayank Grover,Vivek Chhabra,3003.0,2026-09-01 12:00:00,NEFT
NOISE-TXN-2424,Kabir Kapoor,Vivek Wadhwa,7538.0,2026-09-10 01:00:00,NEFT
NOISE-TXN-2425,Bhavya Khurana,Yash Kakkar,5775.0,2026-09-06 11:00:00,UPI
NOISE-TXN-2426,Mayank Grover,Mayank Sethi,2850.0,2026-09-11 08:00:00,IMPS
NOISE-TXN-2427,Tushar Batra,Vivek Wadhwa,11945.0,2026-09-04 05:00:00,NEFT
NOISE-TXN-2428,Alok Kapoor,Pranav Grover,355.0,2026-09-10 11:00:00,IMPS
NOISE-TXN-2429,Vivek Aggarwal,Pranav Batra,1188.0,2026-09-04 14:00:00,UPI
NOISE-TXN-2430,Gaurav Gulati,Gaurav Grover,11150.0,2026-09-09 11:00:00,IMPS
NOISE-TXN-2431,Dev Bansal,Naveen Malhotra,884.0,2026-09-12 01:00:00,NEFT
NOISE-TXN-2432,Gaurav Aggarwal,Dev Batra,384.0,2026-09-11 00:00:00,IMPS
NOISE-TXN-2433,Yash Kapoor,Pankaj Chhabra,3193.0,2026-09-05 13:00:00,UPI
NOISE-TXN-2434,Pankaj Wadhwa,Ishaan Khurana,6542.0,2026-09-12 04:00:00,IMPS
NOISE-TXN-2435,Ashish Gulati,Mayank Wadhwa,3416.0,2026-09-06 10:00:00,IMPS
NOISE-TXN-2436,Bhavya Nangia,Ashish Bansal,3884.0,2026-09-05 04:00:00,NEFT
NOISE-TXN-2437,Mayank Kapoor,Siddharth Nangia,9350.0,2026-09-09 21:00:00,UPI
NOISE-TXN-2438,Bhavya Khurana,Pranav Kapoor,3612.0,2026-09-11 02:00:00,NEFT
NOISE-TXN-2439,Mayank Kapoor,Kabir Singhal,15289.0,2026-09-10 11:00:00,UPI
NOISE-TXN-2440,Ashish Kakkar,Pranav Wadhwa,2060.0,2026-09-04 07:00:00,UPI
NOISE-TXN-2441,Pranav Grover,Yash Khurana,8462.0,2026-09-12 02:00:00,IMPS
NOISE-TXN-2442,Deepankar Kapoor,Mayank Bansal,1089.0,2026-09-02 17:00:00,IMPS
NOISE-TXN-2443,Pranav Singhal,Dev Batra,3027.0,2026-09-12 04:00:00,IMPS
NOISE-TXN-2444,Tushar Grover,Kabir Batra,11104.0,2026-09-03 10:00:00,IMPS
NOISE-TXN-2445,Vivek Malhotra,Pranav Kapoor,10632.0,2026-09-02 02:00:00,IMPS
NOISE-TXN-2446,Pankaj Kakkar,Harsh Chhabra,1280.0,2026-09-04 12:00:00,UPI
NOISE-TXN-2447,Bhavya Tiwari,Mayank Wadhwa,10949.0,2026-09-08 08:00:00,NEFT
NOISE-TXN-2448,Siddharth Gulati,Deepankar Malhotra,3813.0,2026-09-06 16:00:00,NEFT
NOISE-TXN-2449,Pankaj Chhabra,Siddharth Chhabra,4200.0,2026-09-02 12:00:00,IMPS
NOISE-TXN-2450,Farhan Khurana,Vivek Malhotra,1621.0,2026-09-10 17:00:00,IMPS
NOISE-TXN-2451,Bhavya Singhal,Pankaj Bhasin,334.0,2026-09-04 19:00:00,IMPS
NOISE-TXN-2452,Tushar Aggarwal,Dev Kapoor,1517.0,2026-09-08 05:00:00,NEFT
NOISE-TXN-2453,Tushar Khurana,Yash Kakkar,8902.0,2026-09-05 13:00:00,IMPS
NOISE-TXN-2454,Gaurav Sethi,Ishaan Aggarwal,3162.0,2026-09-11 03:00:00,UPI
NOISE-TXN-2455,Ishaan Bhasin,Siddharth Chhabra,8397.0,2026-09-10 15:00:00,IMPS
NOISE-TXN-2456,Siddharth Aggarwal,Pranav Bansal,4707.0,2026-09-03 11:00:00,IMPS
NOISE-TXN-2457,Deepankar Malhotra,Ishaan Tiwari,5274.0,2026-09-12 00:00:00,UPI
NOISE-TXN-2458,Pranav Aggarwal,Rohan Aggarwal,840.0,2026-09-03 03:00:00,IMPS
NOISE-TXN-2459,Farhan Bhasin,Pranav Batra,22687.0,2026-09-04 00:00:00,UPI
NOISE-TXN-2460,Bhavya Grover,Tushar Grover,4120.0,2026-09-06 11:00:00,IMPS
NOISE-TXN-2461,Yash Sethi,Pranav Bansal,1997.0,2026-09-11 16:00:00,UPI
NOISE-TXN-2462,Pranav Khurana,Gaurav Wadhwa,13353.0,2026-09-11 05:00:00,IMPS
NOISE-TXN-2463,Bhavya Bansal,Mayank Kakkar,141.0,2026-09-11 11:00:00,IMPS
NOISE-TXN-2464,Rohan Bansal,Yash Chhabra,667.0,2026-09-08 09:00:00,IMPS
NOISE-TXN-2465,Farhan Aggarwal,Pankaj Malhotra,1591.0,2026-09-04 16:00:00,IMPS
NOISE-TXN-2466,Alok Malhotra,Bhavya Chhabra,15111.0,2026-09-01 11:00:00,UPI
NOISE-TXN-2467,Mayank Batra,Tushar Khurana,166.0,2026-09-10 13:00:00,IMPS
NOISE-TXN-2468,Rohan Bansal,Ishaan Tiwari,1359.0,2026-09-10 19:00:00,NEFT
NOISE-TXN-2469,Tushar Kapoor,Harsh Chhabra,2274.0,2026-09-09 15:00:00,NEFT
NOISE-TXN-2470,Ishaan Malhotra,Dev Tiwari,10912.0,2026-09-05 15:00:00,UPI
NOISE-TXN-2471,Dev Kapoor,Rohan Bhasin,2671.0,2026-09-05 00:00:00,NEFT
NOISE-TXN-2472,Nikhil Bhasin,Gaurav Gulati,2910.0,2026-09-08 23:00:00,UPI
NOISE-TXN-2473,Mayank Wadhwa,Naveen Sethi,7511.0,2026-09-07 23:00:00,NEFT
NOISE-TXN-2474,Tushar Kakkar,Siddharth Singhal,7677.0,2026-09-02 09:00:00,NEFT
NOISE-TXN-2475,Naveen Kakkar,Kabir Gulati,3462.0,2026-09-04 19:00:00,UPI
NOISE-TXN-2476,Kabir Bansal,Dev Nangia,6053.0,2026-09-02 21:00:00,IMPS
NOISE-TXN-2477,Mayank Sethi,Nikhil Bansal,15608.0,2026-09-11 21:00:00,UPI
NOISE-TXN-2478,Pankaj Chhabra,Naveen Batra,3501.0,2026-09-07 08:00:00,NEFT
NOISE-TXN-2479,Naveen Sethi,Kabir Gulati,9200.0,2026-09-04 18:00:00,NEFT
NOISE-TXN-2480,Pankaj Kakkar,Dev Malhotra,19729.0,2026-09-11 05:00:00,IMPS
NOISE-TXN-2481,Ashish Malhotra,Yash Nangia,7248.0,2026-09-06 11:00:00,UPI
NOISE-TXN-2482,Yash Kapoor,Farhan Kapoor,3614.0,2026-09-04 23:00:00,UPI
NOISE-TXN-2483,Siddharth Aggarwal,Gaurav Sethi,3101.0,2026-09-01 14:00:00,UPI
NOISE-TXN-2484,Vivek Singhal,Deepankar Malhotra,3973.0,2026-09-09 00:00:00,UPI
NOISE-TXN-2485,Dev Wadhwa,Nikhil Tiwari,2176.0,2026-09-04 10:00:00,NEFT
NOISE-TXN-2486,Tushar Batra,Tushar Singhal,10515.0,2026-09-05 15:00:00,NEFT
NOISE-TXN-2487,Alok Bhasin,Deepankar Singhal,4371.0,2026-09-10 20:00:00,UPI
NOISE-TXN-2488,Pankaj Sethi,Deepankar Sethi,2456.0,2026-09-05 07:00:00,UPI
NOISE-TXN-2489,Alok Kapoor,Vivek Gulati,1774.0,2026-09-09 03:00:00,UPI
NOISE-TXN-2490,Tushar Kapoor,Deepankar Singhal,227.0,2026-09-10 08:00:00,UPI
NOISE-TXN-2491,Alok Tiwari,Mayank Bansal,6120.0,2026-09-05 08:00:00,UPI
NOISE-TXN-2492,Mayank Chhabra,Alok Kapoor,1598.0,2026-09-10 08:00:00,NEFT
NOISE-TXN-2493,Pranav Nangia,Pankaj Bhasin,3878.0,2026-09-01 12:00:00,IMPS
NOISE-TXN-2494,Ishaan Tiwari,Naveen Batra,3944.0,2026-09-01 19:00:00,IMPS
NOISE-TXN-2495,Gaurav Grover,Farhan Tiwari,2045.0,2026-09-07 04:00:00,UPI
NOISE-TXN-2496,Bhavya Bhasin,Yash Kakkar,384.0,2026-09-04 18:00:00,IMPS
NOISE-TXN-2497,Gaurav Bhasin,Pranav Malhotra,6787.0,2026-09-07 09:00:00,NEFT
NOISE-TXN-2498,Vivek Chhabra,Dev Kapoor,3209.0,2026-09-11 22:00:00,IMPS
NOISE-TXN-2499,Dev Kakkar,Bhavya Chhabra,1612.0,2026-09-01 15:00:00,IMPS
NOISE-TXN-2500,Pankaj Wadhwa,Alok Malhotra,677.0,2026-09-10 20:00:00,IMPS
NOISE-TXN-2501,Dev Malhotra,Gaurav Bhasin,341.0,2026-09-11 03:00:00,UPI
NOISE-TXN-2502,Deepankar Tiwari,Farhan Tiwari,11850.0,2026-09-02 15:00:00,NEFT
NOISE-TXN-2503,Ashish Gulati,Mayank Wadhwa,140.0,2026-09-08 10:00:00,NEFT
NOISE-TXN-2504,Harsh Tiwari,Bhavya Chhabra,2220.0,2026-09-08 10:00:00,IMPS
NOISE-TXN-2505,Bhavya Bhasin,Kabir Sethi,3909.0,2026-09-07 17:00:00,UPI
NOISE-TXN-2506,Siddharth Nangia,Ishaan Malhotra,686.0,2026-09-08 07:00:00,IMPS
NOISE-TXN-2507,Pranav Wadhwa,Mayank Bhasin,3082.0,2026-09-10 11:00:00,NEFT
NOISE-TXN-2508,Tushar Tiwari,Pankaj Wadhwa,2887.0,2026-09-03 00:00:00,UPI
NOISE-TXN-2509,Farhan Sethi,Nikhil Aggarwal,3302.0,2026-09-09 16:00:00,NEFT
NOISE-TXN-2510,Farhan Grover,Ishaan Khurana,29437.0,2026-09-06 11:00:00,NEFT
NOISE-TXN-2511,Nikhil Grover,Dev Tiwari,260.0,2026-09-11 07:00:00,NEFT
NOISE-TXN-2512,Rohan Kapoor,Ashish Nangia,603.0,2026-09-07 02:00:00,NEFT
NOISE-TXN-2513,Ashish Nangia,Bhavya Kapoor,3225.0,2026-09-02 18:00:00,UPI
NOISE-TXN-2514,Deepankar Tiwari,Siddharth Sethi,2784.0,2026-09-04 10:00:00,UPI
NOISE-TXN-2515,Naveen Wadhwa,Tushar Batra,7690.0,2026-09-01 10:00:00,NEFT
NOISE-TXN-2516,Pranav Khurana,Siddharth Bansal,4464.0,2026-09-02 22:00:00,UPI
NOISE-TXN-2517,Alok Malhotra,Pankaj Kakkar,513.0,2026-09-04 21:00:00,NEFT
NOISE-TXN-2518,Deepankar Bhasin,Gaurav Aggarwal,7115.0,2026-09-02 12:00:00,UPI
NOISE-TXN-2519,Pranav Nangia,Deepankar Bhasin,863.0,2026-09-12 00:00:00,IMPS
NOISE-TXN-2520,Naveen Gulati,Pankaj Sethi,1903.0,2026-09-08 00:00:00,UPI
NOISE-TXN-2521,Vivek Aggarwal,Vivek Bansal,2136.0,2026-09-08 18:00:00,NEFT
NOISE-TXN-2522,Dev Bansal,Ashish Bhasin,347.0,2026-09-09 18:00:00,UPI
NOISE-TXN-2523,Ashish Kakkar,Gaurav Kapoor,5388.0,2026-09-03 12:00:00,NEFT
NOISE-TXN-2524,Siddharth Gulati,Alok Kapoor,3319.0,2026-09-05 04:00:00,NEFT
NOISE-TXN-2525,Harsh Wadhwa,Dev Bansal,3972.0,2026-09-08 09:00:00,NEFT
NOISE-TXN-2526,Gaurav Aggarwal,Deepankar Malhotra,3238.0,2026-09-02 01:00:00,IMPS
NOISE-TXN-2527,Deepankar Malhotra,Deepankar Bhasin,483.0,2026-09-09 15:00:00,IMPS
NOISE-TXN-2528,Rohan Bansal,Kabir Bansal,5555.0,2026-09-11 14:00:00,UPI
NOISE-TXN-2529,Kabir Sethi,Ashish Bansal,7753.0,2026-09-09 01:00:00,NEFT
NOISE-TXN-2530,Harsh Aggarwal,Rohan Bhasin,1080.0,2026-09-03 02:00:00,UPI
NOISE-TXN-2531,Yash Tiwari,Ashish Nangia,989.0,2026-09-05 19:00:00,IMPS
NOISE-TXN-2532,Kabir Gulati,Farhan Kapoor,3431.0,2026-09-08 12:00:00,IMPS
NOISE-TXN-2533,Mayank Bansal,Bhavya Aggarwal,2738.0,2026-09-05 02:00:00,UPI
NOISE-TXN-2534,Rohan Aggarwal,Dev Tiwari,4939.0,2026-09-04 11:00:00,UPI
NOISE-TXN-2535,Mayank Wadhwa,Vivek Bansal,4022.0,2026-09-11 01:00:00,UPI
NOISE-TXN-2536,Deepankar Kapoor,Ashish Malhotra,2709.0,2026-09-02 22:00:00,NEFT
NOISE-TXN-2537,Kabir Batra,Harsh Aggarwal,2031.0,2026-09-02 16:00:00,NEFT
NOISE-TXN-2538,Pranav Sethi,Rohan Kakkar,6769.0,2026-09-10 09:00:00,UPI
NOISE-TXN-2539,Kabir Chhabra,Alok Kapoor,3079.0,2026-09-02 16:00:00,NEFT
NOISE-TXN-2540,Pranav Khurana,Kabir Chhabra,2173.0,2026-09-05 16:00:00,UPI
NOISE-TXN-2541,Vivek Bhasin,Vivek Aggarwal,3584.0,2026-09-08 14:00:00,IMPS
NOISE-TXN-2542,Ishaan Khurana,Ashish Nangia,9545.0,2026-09-11 08:00:00,IMPS
NOISE-TXN-2543,Pranav Khurana,Pranav Aggarwal,2888.0,2026-09-02 11:00:00,UPI
NOISE-TXN-2544,Alok Khurana,Farhan Batra,2330.0,2026-09-08 11:00:00,IMPS
NOISE-TXN-2545,Yash Kakkar,Tushar Aggarwal,865.0,2026-09-08 18:00:00,NEFT
NOISE-TXN-2546,Tushar Kapoor,Mayank Bansal,5931.0,2026-09-07 03:00:00,IMPS
NOISE-TXN-2547,Nikhil Singhal,Bhavya Grover,6177.0,2026-09-09 16:00:00,UPI
NOISE-TXN-2548,Gaurav Aggarwal,Naveen Gulati,10336.0,2026-09-10 00:00:00,IMPS
NOISE-TXN-2549,Ishaan Tiwari,Alok Bhasin,3133.0,2026-09-04 20:00:00,IMPS
NOISE-TXN-2550,Alok Malhotra,Dev Bansal,2514.0,2026-09-02 10:00:00,UPI
NOISE-TXN-2551,Yash Gulati,Vivek Chhabra,3148.0,2026-09-07 01:00:00,NEFT
NOISE-TXN-2552,Tushar Grover,Deepankar Aggarwal,2146.0,2026-09-06 17:00:00,IMPS
NOISE-TXN-2553,Yash Gulati,Deepankar Malhotra,1279.0,2026-09-06 14:00:00,UPI
NOISE-TXN-2554,Bhavya Malhotra,Gaurav Gulati,14883.0,2026-09-05 19:00:00,UPI
NOISE-TXN-2555,Siddharth Malhotra,Ashish Bansal,15017.0,2026-09-10 10:00:00,UPI
NOISE-TXN-2556,Pranav Bansal,Farhan Wadhwa,19622.0,2026-09-12 02:00:00,NEFT
NOISE-TXN-2557,Vivek Gulati,Bhavya Bansal,3650.0,2026-09-07 08:00:00,IMPS
NOISE-TXN-2558,Bhavya Kapoor,Pankaj Sethi,2769.0,2026-09-10 14:00:00,NEFT
NOISE-TXN-2559,Rohan Bansal,Pankaj Gulati,1180.0,2026-09-10 15:00:00,NEFT
NOISE-TXN-2560,Ashish Gulati,Siddharth Sethi,6634.0,2026-09-07 15:00:00,NEFT
NOISE-TXN-2561,Harsh Kapoor,Alok Nangia,12305.0,2026-09-12 03:00:00,NEFT
NOISE-TXN-2562,Pranav Wadhwa,Mayank Kakkar,362.0,2026-09-04 17:00:00,UPI
NOISE-TXN-2563,Kabir Gulati,Deepankar Bhasin,7252.0,2026-09-04 19:00:00,NEFT
NOISE-TXN-2564,Kabir Bansal,Bhavya Grover,2072.0,2026-09-07 00:00:00,UPI
NOISE-TXN-2565,Tushar Tiwari,Deepankar Bansal,10089.0,2026-09-05 06:00:00,UPI
NOISE-TXN-2566,Ishaan Khurana,Dev Batra,10386.0,2026-09-01 22:00:00,NEFT
NOISE-TXN-2567,Dev Nangia,Deepankar Aggarwal,5180.0,2026-09-08 11:00:00,NEFT
NOISE-TXN-2568,Dev Kapoor,Alok Chhabra,5116.0,2026-09-02 17:00:00,IMPS
NOISE-TXN-2569,Rohan Batra,Harsh Sethi,2728.0,2026-09-07 12:00:00,UPI
NOISE-TXN-2570,Pranav Batra,Dev Bansal,2230.0,2026-09-04 09:00:00,UPI
NOISE-TXN-2571,Deepankar Singhal,Vivek Nangia,11797.0,2026-09-11 11:00:00,IMPS
NOISE-TXN-2572,Vivek Gulati,Rohan Bhasin,9073.0,2026-09-09 20:00:00,UPI
NOISE-TXN-2573,Ishaan Malhotra,Siddharth Malhotra,18049.0,2026-09-08 20:00:00,NEFT
NOISE-TXN-2574,Naveen Malhotra,Ishaan Aggarwal,3567.0,2026-09-11 02:00:00,UPI
NOISE-TXN-2575,Nikhil Kakkar,Naveen Gulati,1979.0,2026-09-08 01:00:00,NEFT
NOISE-TXN-2576,Pranav Grover,Tushar Bansal,105.0,2026-09-11 17:00:00,UPI
NOISE-TXN-2577,Alok Batra,Ishaan Bhasin,2427.0,2026-09-05 19:00:00,UPI
NOISE-TXN-2578,Siddharth Malhotra,Mayank Wadhwa,6363.0,2026-09-01 09:00:00,NEFT
NOISE-TXN-2579,Deepankar Singhal,Tushar Singhal,1636.0,2026-09-11 11:00:00,UPI
NOISE-TXN-2580,Siddharth Malhotra,Rohan Bhasin,12034.0,2026-09-09 20:00:00,NEFT
NOISE-TXN-2581,Ashish Gulati,Vivek Batra,3764.0,2026-09-04 10:00:00,UPI
NOISE-TXN-2582,Mayank Wadhwa,Farhan Gulati,7260.0,2026-09-12 05:00:00,IMPS
NOISE-TXN-2583,Dev Kapoor,Pranav Batra,966.0,2026-09-05 13:00:00,IMPS
NOISE-TXN-2584,Rohan Bansal,Pranav Tiwari,1708.0,2026-09-07 20:00:00,UPI
NOISE-TXN-2585,Kabir Chhabra,Kabir Bansal,2298.0,2026-09-02 20:00:00,NEFT
NOISE-TXN-2586,Naveen Malhotra,Rohan Bhasin,2238.0,2026-09-07 04:00:00,IMPS
NOISE-TXN-2587,Vivek Bansal,Alok Bhasin,1697.0,2026-09-05 19:00:00,NEFT
NOISE-TXN-2588,Deepankar Sethi,Farhan Gulati,298.0,2026-09-11 00:00:00,UPI
NOISE-TXN-2589,Ishaan Malhotra,Kabir Kakkar,172.0,2026-09-10 16:00:00,IMPS
NOISE-TXN-2590,Bhavya Gulati,Deepankar Kapoor,2821.0,2026-09-02 05:00:00,IMPS
NOISE-TXN-2591,Ishaan Aggarwal,Mayank Nangia,2801.0,2026-09-07 10:00:00,IMPS
NOISE-TXN-2592,Deepankar Singhal,Bhavya Tiwari,5481.0,2026-09-07 15:00:00,NEFT
NOISE-TXN-2593,Rohan Bansal,Kabir Chhabra,828.0,2026-09-07 01:00:00,IMPS
NOISE-TXN-2594,Naveen Wadhwa,Mayank Sethi,440.0,2026-09-08 05:00:00,UPI
NOISE-TXN-2595,Pranav Bhasin,Yash Kakkar,38971.0,2026-09-08 13:00:00,UPI
NOISE-TXN-2596,Farhan Aggarwal,Pankaj Aggarwal,701.0,2026-09-09 06:00:00,UPI
NOISE-TXN-2597,Yash Gulati,Dev Bansal,1575.0,2026-09-02 01:00:00,NEFT
NOISE-TXN-2598,Ishaan Bhasin,Kabir Kapoor,4532.0,2026-09-05 01:00:00,NEFT
NOISE-TXN-2599,Mayank Nangia,Vivek Bansal,1517.0,2026-09-11 21:00:00,NEFT
NOISE-TXN-2600,Mayank Batra,Rohan Batra,7508.0,2026-09-02 21:00:00,IMPS
NOISE-TXN-2601,Pranav Chhabra,Kabir Singhal,5272.0,2026-09-04 01:00:00,UPI
NOISE-TXN-2602,Ashish Bhasin,Pranav Grover,764.0,2026-09-10 02:00:00,NEFT
NOISE-TXN-2603,Kabir Singhal,Kabir Bansal,806.0,2026-09-05 04:00:00,NEFT
NOISE-TXN-2604,Bhavya Tiwari,Tushar Kakkar,2789.0,2026-09-07 09:00:00,IMPS
NOISE-TXN-2605,Bhavya Grover,Tushar Aggarwal,4043.0,2026-09-02 07:00:00,IMPS
NOISE-TXN-2606,Ishaan Malhotra,Yash Gulati,7773.0,2026-09-04 12:00:00,IMPS
NOISE-TXN-2607,Ishaan Tiwari,Gaurav Aggarwal,10260.0,2026-09-02 12:00:00,IMPS
NOISE-TXN-2608,Farhan Bhasin,Deepankar Bhasin,2223.0,2026-09-11 13:00:00,IMPS
NOISE-TXN-2609,Yash Kapoor,Pranav Khurana,9494.0,2026-09-10 16:00:00,IMPS
NOISE-TXN-2610,Yash Gulati,Rohan Kapoor,3372.0,2026-09-02 18:00:00,IMPS
NOISE-TXN-2611,Dev Tiwari,Mayank Sethi,1269.0,2026-09-02 03:00:00,IMPS
NOISE-TXN-2612,Kabir Kapoor,Ashish Wadhwa,13286.0,2026-09-10 18:00:00,IMPS
NOISE-TXN-2613,Ishaan Kakkar,Alok Chhabra,1381.0,2026-09-09 14:00:00,IMPS
NOISE-TXN-2614,Gaurav Bhasin,Pranav Bhasin,5057.0,2026-09-05 11:00:00,UPI
NOISE-TXN-2615,Deepankar Singhal,Rohan Bhasin,3472.0,2026-09-01 17:00:00,UPI
NOISE-TXN-2616,Farhan Aggarwal,Vivek Bhasin,7431.0,2026-09-08 17:00:00,UPI
NOISE-TXN-2617,Siddharth Nangia,Siddharth Singhal,8603.0,2026-09-11 11:00:00,IMPS
NOISE-TXN-2618,Deepankar Bansal,Vivek Khurana,259.0,2026-09-09 04:00:00,IMPS
NOISE-TXN-2619,Farhan Khurana,Naveen Khurana,111.0,2026-09-04 13:00:00,IMPS
NOISE-TXN-2620,Mayank Grover,Naveen Wadhwa,4982.0,2026-09-09 20:00:00,UPI
NOISE-TXN-2621,Gaurav Grover,Tushar Tiwari,3739.0,2026-09-02 13:00:00,UPI
NOISE-TXN-2622,Gaurav Bhasin,Nikhil Aggarwal,7298.0,2026-09-07 01:00:00,NEFT
NOISE-TXN-2623,Tushar Kapoor,Naveen Khurana,2379.0,2026-09-11 14:00:00,IMPS
NOISE-TXN-2624,Yash Chhabra,Harsh Aggarwal,6079.0,2026-09-04 20:00:00,NEFT
NOISE-TXN-2625,Mayank Kapoor,Alok Kapoor,7968.0,2026-09-03 01:00:00,NEFT
NOISE-TXN-2626,Yash Nangia,Mayank Sethi,2837.0,2026-09-08 15:00:00,UPI
NOISE-TXN-2627,Alok Nangia,Tushar Khurana,7950.0,2026-09-10 14:00:00,NEFT
NOISE-TXN-2628,Deepankar Bansal,Dev Bansal,2283.0,2026-09-07 18:00:00,NEFT
NOISE-TXN-2629,Tushar Bansal,Gaurav Khurana,17851.0,2026-09-05 17:00:00,IMPS
NOISE-TXN-2630,Pranav Bansal,Mayank Nangia,4431.0,2026-09-08 00:00:00,NEFT
NOISE-TXN-2631,Dev Kakkar,Vivek Singhal,2802.0,2026-09-02 03:00:00,IMPS
NOISE-TXN-2632,Pranav Khurana,Tushar Bhasin,14279.0,2026-09-08 20:00:00,NEFT
NOISE-TXN-2633,Bhavya Malhotra,Ashish Nangia,865.0,2026-09-03 19:00:00,IMPS
NOISE-TXN-2634,Mayank Sethi,Vivek Bhasin,1026.0,2026-09-12 04:00:00,IMPS
NOISE-TXN-2635,Ashish Nangia,Yash Khurana,18699.0,2026-09-11 20:00:00,IMPS
NOISE-TXN-2636,Mayank Batra,Ashish Wadhwa,210.0,2026-09-11 12:00:00,UPI
NOISE-TXN-2637,Dev Nangia,Siddharth Sethi,6940.0,2026-09-07 12:00:00,IMPS
NOISE-TXN-2638,Deepankar Aggarwal,Vivek Chhabra,2478.0,2026-09-05 10:00:00,NEFT
NOISE-TXN-2639,Gaurav Bhasin,Harsh Sethi,1727.0,2026-09-03 15:00:00,NEFT
NOISE-TXN-2640,Ashish Wadhwa,Ashish Nangia,8359.0,2026-09-08 15:00:00,NEFT
NOISE-TXN-2641,Kabir Singhal,Pranav Bansal,287.0,2026-09-04 05:00:00,NEFT
NOISE-TXN-2642,Mayank Grover,Bhavya Kapoor,1237.0,2026-09-04 08:00:00,IMPS
NOISE-TXN-2643,Vivek Aggarwal,Ishaan Khurana,667.0,2026-09-11 12:00:00,UPI
NOISE-TXN-2644,Alok Nangia,Alok Khurana,1551.0,2026-09-09 14:00:00,UPI
NOISE-TXN-2645,Harsh Sethi,Mayank Wadhwa,7277.0,2026-09-07 00:00:00,UPI
NOISE-TXN-2646,Harsh Sethi,Kabir Sethi,9387.0,2026-09-11 18:00:00,UPI
NOISE-TXN-2647,Mayank Batra,Farhan Aggarwal,379.0,2026-09-01 22:00:00,UPI
NOISE-TXN-2648,Dev Nangia,Pankaj Aggarwal,4525.0,2026-09-07 03:00:00,UPI
NOISE-TXN-2649,Nikhil Aggarwal,Vivek Bhasin,9159.0,2026-09-09 02:00:00,NEFT
NOISE-TXN-2650,Deepankar Bansal,Yash Chhabra,15372.0,2026-09-07 16:00:00,IMPS
NOISE-TXN-2651,Harsh Bhasin,Dev Gulati,15813.0,2026-09-06 23:00:00,UPI
NOISE-TXN-2652,Mayank Batra,Tushar Batra,2316.0,2026-09-06 11:00:00,UPI
NOISE-TXN-2653,Pranav Khurana,Vivek Nangia,5522.0,2026-09-04 18:00:00,NEFT
NOISE-TXN-2654,Gaurav Sethi,Farhan Bhasin,459.0,2026-09-10 12:00:00,UPI
NOISE-TXN-2655,Gaurav Kapoor,Mayank Chhabra,4740.0,2026-09-05 21:00:00,IMPS
NOISE-TXN-2656,Mayank Grover,Nikhil Aggarwal,1671.0,2026-09-05 08:00:00,NEFT
NOISE-TXN-2657,Siddharth Nangia,Bhavya Kapoor,7048.0,2026-09-01 19:00:00,IMPS
NOISE-TXN-2658,Rohan Kapoor,Ishaan Aggarwal,10059.0,2026-09-01 21:00:00,IMPS
NOISE-TXN-2659,Gaurav Gulati,Deepankar Aggarwal,3622.0,2026-09-01 15:00:00,UPI
NOISE-TXN-2660,Bhavya Khurana,Pranav Batra,7279.0,2026-09-07 17:00:00,IMPS
NOISE-TXN-2661,Mayank Wadhwa,Harsh Wadhwa,2121.0,2026-09-05 16:00:00,IMPS
NOISE-TXN-2662,Kabir Singhal,Tushar Bansal,4013.0,2026-09-01 09:00:00,UPI
NOISE-TXN-2663,Ashish Wadhwa,Nikhil Aggarwal,1893.0,2026-09-02 17:00:00,NEFT
NOISE-TXN-2664,Bhavya Khurana,Vivek Singhal,844.0,2026-09-11 04:00:00,UPI
NOISE-TXN-2665,Farhan Khurana,Mayank Chhabra,6904.0,2026-09-06 02:00:00,IMPS
NOISE-TXN-2666,Ashish Gulati,Ishaan Kakkar,2519.0,2026-09-05 19:00:00,UPI
NOISE-TXN-2667,Bhavya Nangia,Pranav Grover,6815.0,2026-09-03 16:00:00,NEFT
NOISE-TXN-2668,Harsh Chhabra,Siddharth Chhabra,484.0,2026-09-02 15:00:00,UPI
NOISE-TXN-2669,Ishaan Tiwari,Gaurav Gulati,5674.0,2026-09-04 02:00:00,IMPS
NOISE-TXN-2670,Ashish Bhasin,Dev Kapoor,3589.0,2026-09-02 02:00:00,NEFT
NOISE-TXN-2671,Naveen Kapoor,Alok Malhotra,2943.0,2026-09-01 11:00:00,IMPS
NOISE-TXN-2672,Vivek Bhasin,Pranav Khurana,3258.0,2026-09-05 00:00:00,NEFT
NOISE-TXN-2673,Pankaj Wadhwa,Harsh Aggarwal,1310.0,2026-09-02 17:00:00,IMPS
NOISE-TXN-2674,Deepankar Aggarwal,Dev Wadhwa,2906.0,2026-09-03 19:00:00,IMPS
NOISE-TXN-2675,Tushar Chhabra,Pankaj Chhabra,7312.0,2026-09-11 21:00:00,NEFT
NOISE-TXN-2676,Harsh Sethi,Bhavya Chhabra,737.0,2026-09-08 10:00:00,IMPS
NOISE-TXN-2677,Gaurav Aggarwal,Kabir Chhabra,1354.0,2026-09-10 08:00:00,IMPS
NOISE-TXN-2678,Farhan Sethi,Harsh Wadhwa,3364.0,2026-09-07 15:00:00,IMPS
NOISE-TXN-2679,Deepankar Aggarwal,Pranav Bhasin,1316.0,2026-09-08 06:00:00,IMPS
NOISE-TXN-2680,Ishaan Bhasin,Naveen Sethi,6258.0,2026-09-03 11:00:00,NEFT
NOISE-TXN-2681,Harsh Aggarwal,Kabir Aggarwal,2673.0,2026-09-02 05:00:00,UPI
NOISE-TXN-2682,Gaurav Aggarwal,Gaurav Gulati,1007.0,2026-09-10 16:00:00,IMPS
NOISE-TXN-2683,Ashish Nangia,Pranav Nangia,1617.0,2026-09-03 12:00:00,IMPS
NOISE-TXN-2684,Yash Gulati,Ishaan Tiwari,3132.0,2026-09-04 19:00:00,IMPS
NOISE-TXN-2685,Farhan Aggarwal,Yash Kapoor,19031.0,2026-09-08 10:00:00,UPI
NOISE-TXN-2686,Farhan Batra,Naveen Khurana,3435.0,2026-09-08 02:00:00,UPI
NOISE-TXN-2687,Kabir Batra,Ashish Bhasin,1789.0,2026-09-11 07:00:00,NEFT
NOISE-TXN-2688,Harsh Bhasin,Tushar Grover,8377.0,2026-09-11 07:00:00,IMPS
NOISE-TXN-2689,Dev Kakkar,Siddharth Bansal,12504.0,2026-09-01 19:00:00,IMPS
NOISE-TXN-2690,Ishaan Bhasin,Deepankar Tiwari,1544.0,2026-09-06 03:00:00,IMPS
NOISE-TXN-2691,Pranav Sethi,Yash Gulati,2799.0,2026-09-06 09:00:00,IMPS
NOISE-TXN-2692,Harsh Aggarwal,Farhan Grover,12230.0,2026-09-07 23:00:00,NEFT
NOISE-TXN-2693,Pranav Khurana,Pranav Malhotra,12250.0,2026-09-03 22:00:00,IMPS
NOISE-TXN-2694,Nikhil Sethi,Farhan Sethi,18304.0,2026-09-10 02:00:00,NEFT
NOISE-TXN-2695,Vivek Aggarwal,Pranav Malhotra,1698.0,2026-09-05 03:00:00,UPI
NOISE-TXN-2696,Nikhil Aggarwal,Deepankar Malhotra,1789.0,2026-09-02 11:00:00,IMPS
NOISE-TXN-2697,Pranav Wadhwa,Pankaj Wadhwa,5163.0,2026-09-02 19:00:00,IMPS
NOISE-TXN-2698,Deepankar Malhotra,Gaurav Gulati,2144.0,2026-09-02 05:00:00,IMPS
NOISE-TXN-2699,Alok Kapoor,Nikhil Grover,9014.0,2026-09-05 01:00:00,IMPS
NOISE-TXN-2700,Pranav Aggarwal,Ashish Bhasin,1931.0,2026-09-10 17:00:00,NEFT
NOISE-TXN-2701,Mayank Grover,Ashish Kakkar,4820.0,2026-09-03 07:00:00,NEFT
NOISE-TXN-2702,Tushar Tiwari,Vivek Bhasin,6862.0,2026-09-03 14:00:00,UPI
NOISE-TXN-2703,Deepankar Singhal,Naveen Khurana,3433.0,2026-09-09 17:00:00,NEFT
NOISE-TXN-2704,Alok Wadhwa,Siddharth Aggarwal,4051.0,2026-09-10 06:00:00,IMPS
NOISE-TXN-2705,Vivek Bhasin,Alok Kapoor,399.0,2026-09-08 19:00:00,IMPS
NOISE-TXN-2706,Nikhil Khurana,Mayank Kapoor,2441.0,2026-09-02 12:00:00,NEFT
NOISE-TXN-2707,Ishaan Malhotra,Pranav Grover,1773.0,2026-09-11 15:00:00,UPI
NOISE-TXN-2708,Farhan Aggarwal,Gaurav Grover,3951.0,2026-09-05 20:00:00,IMPS
NOISE-TXN-2709,Pranav Sethi,Mayank Malhotra,4052.0,2026-09-02 01:00:00,NEFT
NOISE-TXN-2710,Ashish Bhasin,Ashish Kakkar,1444.0,2026-09-09 04:00:00,NEFT
NOISE-TXN-2711,Mayank Gulati,Siddharth Chhabra,920.0,2026-09-05 17:00:00,UPI
NOISE-TXN-2712,Deepankar Singhal,Pankaj Kakkar,9032.0,2026-09-05 03:00:00,UPI
NOISE-TXN-2713,Farhan Aggarwal,Gaurav Kapoor,5778.0,2026-09-04 14:00:00,UPI
NOISE-TXN-2714,Tushar Grover,Bhavya Gulati,3311.0,2026-09-04 17:00:00,NEFT
NOISE-TXN-2715,Harsh Aggarwal,Pranav Batra,14823.0,2026-09-07 23:00:00,NEFT
NOISE-TXN-2716,Pranav Tiwari,Alok Wadhwa,13160.0,2026-09-09 08:00:00,IMPS
NOISE-TXN-2717,Bhavya Singhal,Pranav Singhal,3256.0,2026-09-11 01:00:00,NEFT
NOISE-TXN-2718,Pranav Wadhwa,Ishaan Tiwari,12292.0,2026-09-09 03:00:00,IMPS
NOISE-TXN-2719,Rohan Kakkar,Yash Tiwari,19416.0,2026-09-11 04:00:00,NEFT
NOISE-TXN-2720,Rohan Kapoor,Bhavya Singhal,9803.0,2026-09-10 17:00:00,UPI
NOISE-TXN-2721,Dev Malhotra,Farhan Aggarwal,2795.0,2026-09-05 10:00:00,UPI
NOISE-TXN-2722,Dev Kapoor,Pankaj Gulati,445.0,2026-09-11 12:00:00,IMPS
NOISE-TXN-2723,Farhan Sethi,Harsh Sethi,7338.0,2026-09-07 23:00:00,NEFT
NOISE-TXN-2724,Vivek Singhal,Vivek Nangia,674.0,2026-09-03 06:00:00,IMPS
NOISE-TXN-2725,Ishaan Kakkar,Vivek Gulati,5419.0,2026-09-02 20:00:00,NEFT
NOISE-TXN-2726,Harsh Sethi,Bhavya Khurana,25468.0,2026-09-11 06:00:00,IMPS
NOISE-TXN-2727,Ishaan Bhasin,Kabir Sethi,870.0,2026-09-03 15:00:00,UPI
NOISE-TXN-2728,Gaurav Aggarwal,Bhavya Nangia,6376.0,2026-09-07 03:00:00,UPI
NOISE-TXN-2729,Farhan Bhasin,Gaurav Bhasin,8340.0,2026-09-10 05:00:00,UPI
NOISE-TXN-2730,Pankaj Gulati,Vivek Singhal,1194.0,2026-09-06 21:00:00,NEFT
NOISE-TXN-2731,Pranav Tiwari,Vivek Malhotra,950.0,2026-09-04 03:00:00,UPI
NOISE-TXN-2732,Farhan Aggarwal,Vivek Wadhwa,7930.0,2026-09-04 07:00:00,UPI
NOISE-TXN-2733,Ashish Kakkar,Bhavya Singhal,4197.0,2026-09-05 22:00:00,NEFT
NOISE-TXN-2734,Siddharth Aggarwal,Pankaj Bhasin,13419.0,2026-09-04 11:00:00,NEFT
NOISE-TXN-2735,Yash Nangia,Gaurav Kapoor,976.0,2026-09-10 04:00:00,UPI
NOISE-TXN-2736,Dev Bhasin,Siddharth Aggarwal,3991.0,2026-09-10 01:00:00,UPI
NOISE-TXN-2737,Dev Kapoor,Pranav Kapoor,18493.0,2026-09-06 20:00:00,UPI
NOISE-TXN-2738,Bhavya Tiwari,Naveen Batra,707.0,2026-09-08 20:00:00,UPI
NOISE-TXN-2739,Harsh Tiwari,Farhan Batra,1604.0,2026-09-04 22:00:00,UPI
NOISE-TXN-2740,Alok Tiwari,Kabir Singhal,6230.0,2026-09-08 04:00:00,UPI
NOISE-TXN-2741,Pranav Kapoor,Tushar Chhabra,718.0,2026-09-01 09:00:00,UPI
NOISE-TXN-2742,Mayank Wadhwa,Dev Malhotra,374.0,2026-09-05 22:00:00,IMPS
NOISE-TXN-2743,Farhan Kapoor,Pankaj Chhabra,659.0,2026-09-03 06:00:00,UPI
NOISE-TXN-2744,Mayank Bhasin,Naveen Kapoor,2587.0,2026-09-03 06:00:00,NEFT
NOISE-TXN-2745,Gaurav Wadhwa,Tushar Aggarwal,3461.0,2026-09-03 22:00:00,UPI
NOISE-TXN-2746,Vivek Chhabra,Tushar Grover,546.0,2026-09-06 12:00:00,NEFT
NOISE-TXN-2747,Bhavya Bansal,Ishaan Tiwari,4648.0,2026-09-10 08:00:00,NEFT
NOISE-TXN-2748,Ashish Bhasin,Bhavya Tiwari,495.0,2026-09-03 08:00:00,UPI
NOISE-TXN-2749,Nikhil Singhal,Ashish Gulati,5114.0,2026-09-11 13:00:00,NEFT
NOISE-TXN-2750,Naveen Wadhwa,Vivek Aggarwal,8842.0,2026-09-10 13:00:00,IMPS
NOISE-TXN-2751,Tushar Bansal,Harsh Chhabra,3525.0,2026-09-08 05:00:00,IMPS
NOISE-TXN-2752,Farhan Aggarwal,Dev Wadhwa,2158.0,2026-09-04 20:00:00,NEFT
NOISE-TXN-2753,Naveen Khurana,Mayank Chhabra,3763.0,2026-09-08 16:00:00,NEFT
NOISE-TXN-2754,Mayank Bansal,Siddharth Bansal,4715.0,2026-09-09 16:00:00,IMPS
NOISE-TXN-2755,Deepankar Aggarwal,Tushar Grover,8197.0,2026-09-07 12:00:00,NEFT
NOISE-TXN-2756,Naveen Batra,Siddharth Aggarwal,7210.0,2026-09-04 11:00:00,UPI
NOISE-TXN-2757,Ishaan Malhotra,Deepankar Bansal,3351.0,2026-09-04 12:00:00,UPI
NOISE-TXN-2758,Ashish Gulati,Bhavya Gulati,814.0,2026-09-11 04:00:00,NEFT
NOISE-TXN-2759,Siddharth Gulati,Gaurav Sethi,2630.0,2026-09-11 01:00:00,IMPS
NOISE-TXN-2760,Mayank Kakkar,Harsh Bhasin,5503.0,2026-09-03 06:00:00,NEFT
NOISE-TXN-2761,Harsh Aggarwal,Harsh Wadhwa,2233.0,2026-09-03 22:00:00,NEFT
NOISE-TXN-2762,Mayank Bhasin,Alok Nangia,10698.0,2026-09-02 00:00:00,UPI
NOISE-TXN-2763,Pankaj Gulati,Farhan Sethi,390.0,2026-09-07 03:00:00,IMPS
NOISE-TXN-2764,Vivek Chhabra,Harsh Bhasin,806.0,2026-09-02 06:00:00,NEFT
NOISE-TXN-2765,Farhan Bhasin,Kabir Batra,1297.0,2026-09-08 04:00:00,UPI
NOISE-TXN-2766,Pranav Tiwari,Mayank Chhabra,668.0,2026-09-08 01:00:00,NEFT
NOISE-TXN-2767,Naveen Sethi,Ishaan Kakkar,3775.0,2026-09-08 03:00:00,UPI
NOISE-TXN-2768,Ashish Malhotra,Ashish Bansal,2526.0,2026-09-06 10:00:00,IMPS
NOISE-TXN-2769,Ashish Bansal,Vivek Chhabra,2689.0,2026-09-06 17:00:00,IMPS
NOISE-TXN-2770,Pankaj Bhasin,Harsh Chhabra,17455.0,2026-09-04 07:00:00,IMPS
NOISE-TXN-2771,Siddharth Gulati,Pranav Aggarwal,6101.0,2026-09-08 21:00:00,UPI
NOISE-TXN-2772,Pranav Batra,Naveen Kakkar,2534.0,2026-09-05 17:00:00,UPI
NOISE-TXN-2773,Vivek Khurana,Gaurav Bhasin,5620.0,2026-09-03 18:00:00,NEFT
NOISE-TXN-2774,Pranav Grover,Naveen Gulati,4827.0,2026-09-04 20:00:00,NEFT
NOISE-TXN-2775,Alok Chhabra,Ishaan Khurana,1424.0,2026-09-10 04:00:00,IMPS
NOISE-TXN-2776,Farhan Aggarwal,Bhavya Bhasin,2614.0,2026-09-07 14:00:00,UPI
NOISE-TXN-2777,Alok Malhotra,Vivek Gulati,1171.0,2026-09-11 08:00:00,IMPS
NOISE-TXN-2778,Dev Bhasin,Siddharth Bansal,1008.0,2026-09-04 12:00:00,UPI
NOISE-TXN-2779,Nikhil Wadhwa,Bhavya Bhasin,4848.0,2026-09-07 12:00:00,IMPS
NOISE-TXN-2780,Naveen Kakkar,Ishaan Bhasin,378.0,2026-09-02 10:00:00,UPI
NOISE-TXN-2781,Bhavya Gulati,Kabir Chhabra,1841.0,2026-09-11 05:00:00,UPI
NOISE-TXN-2782,Kabir Kakkar,Nikhil Khurana,2320.0,2026-09-08 19:00:00,UPI
NOISE-TXN-2783,Deepankar Bansal,Harsh Sethi,6985.0,2026-09-01 14:00:00,IMPS
NOISE-TXN-2784,Tushar Grover,Alok Batra,11012.0,2026-09-06 18:00:00,NEFT
NOISE-TXN-2785,Nikhil Singhal,Tushar Khurana,7042.0,2026-09-07 20:00:00,IMPS
NOISE-TXN-2786,Pankaj Chhabra,Ashish Bhasin,17744.0,2026-09-07 03:00:00,UPI
NOISE-TXN-2787,Siddharth Aggarwal,Pranav Nangia,311.0,2026-09-06 16:00:00,IMPS
NOISE-TXN-2788,Ashish Bansal,Rohan Batra,4389.0,2026-09-05 17:00:00,UPI
NOISE-TXN-2789,Vivek Nangia,Harsh Khurana,7973.0,2026-09-07 05:00:00,IMPS
NOISE-TXN-2790,Bhavya Malhotra,Ashish Bhasin,3851.0,2026-09-02 17:00:00,UPI
NOISE-TXN-2791,Pranav Aggarwal,Farhan Kapoor,921.0,2026-09-11 08:00:00,NEFT
NOISE-TXN-2792,Farhan Bhasin,Gaurav Grover,6045.0,2026-09-05 11:00:00,NEFT
NOISE-TXN-2793,Mayank Bhasin,Deepankar Tiwari,200.0,2026-09-11 08:00:00,UPI
NOISE-TXN-2794,Naveen Batra,Mayank Chhabra,1326.0,2026-09-11 03:00:00,NEFT
NOISE-TXN-2795,Siddharth Aggarwal,Siddharth Sethi,2072.0,2026-09-01 19:00:00,NEFT
NOISE-TXN-2796,Pranav Malhotra,Kabir Gulati,6400.0,2026-09-08 10:00:00,IMPS
NOISE-TXN-2797,Mayank Kapoor,Bhavya Khurana,14916.0,2026-09-01 16:00:00,IMPS
NOISE-TXN-2798,Naveen Kapoor,Dev Malhotra,761.0,2026-09-10 10:00:00,NEFT
NOISE-TXN-2799,Ishaan Kakkar,Ashish Kakkar,2570.0,2026-09-03 05:00:00,UPI
NOISE-TXN-2800,Bhavya Bhasin,Mayank Bansal,1631.0,2026-09-02 09:00:00,NEFT
NOISE-TXN-2801,Ishaan Sethi,Pranav Bansal,324.0,2026-09-07 04:00:00,IMPS
NOISE-TXN-2802,Tushar Bansal,Pranav Nangia,17505.0,2026-09-04 04:00:00,UPI
NOISE-TXN-2803,Deepankar Aggarwal,Bhavya Malhotra,394.0,2026-09-05 10:00:00,IMPS
NOISE-TXN-2804,Bhavya Tiwari,Pranav Malhotra,893.0,2026-09-10 15:00:00,NEFT
NOISE-TXN-2805,Ashish Wadhwa,Naveen Batra,6196.0,2026-09-07 20:00:00,IMPS
NOISE-TXN-2806,Rohan Bhasin,Kabir Aggarwal,6640.0,2026-09-07 09:00:00,UPI
NOISE-TXN-2807,Pranav Bansal,Rohan Batra,774.0,2026-09-05 04:00:00,UPI
NOISE-TXN-2808,Pranav Bansal,Naveen Kakkar,8304.0,2026-09-01 15:00:00,IMPS
NOISE-TXN-2809,Naveen Khurana,Naveen Gulati,8025.0,2026-09-05 23:00:00,UPI
NOISE-TXN-2810,Bhavya Kapoor,Harsh Wadhwa,7301.0,2026-09-11 14:00:00,NEFT
NOISE-TXN-2811,Alok Nangia,Kabir Singhal,4594.0,2026-09-11 21:00:00,UPI
NOISE-TXN-2812,Alok Bhasin,Tushar Tiwari,772.0,2026-09-02 03:00:00,IMPS
NOISE-TXN-2813,Kabir Batra,Bhavya Nangia,545.0,2026-09-02 16:00:00,NEFT
NOISE-TXN-2814,Mayank Kakkar,Dev Tiwari,1949.0,2026-09-09 07:00:00,NEFT
NOISE-TXN-2815,Farhan Bhasin,Bhavya Singhal,1591.0,2026-09-11 16:00:00,IMPS
NOISE-TXN-2816,Harsh Wadhwa,Pranav Chhabra,1687.0,2026-09-02 19:00:00,IMPS
NOISE-TXN-2817,Pranav Malhotra,Pranav Bansal,6653.0,2026-09-05 15:00:00,UPI
NOISE-TXN-2818,Gaurav Bhasin,Nikhil Aggarwal,165.0,2026-09-08 17:00:00,NEFT
NOISE-TXN-2819,Mayank Malhotra,Pankaj Sethi,6151.0,2026-09-07 18:00:00,UPI
NOISE-TXN-2820,Mayank Kakkar,Farhan Gulati,1538.0,2026-09-04 19:00:00,UPI
NOISE-TXN-2821,Farhan Grover,Farhan Khurana,4097.0,2026-09-11 07:00:00,UPI
NOISE-TXN-2822,Tushar Tiwari,Vivek Nangia,6776.0,2026-09-09 06:00:00,IMPS
NOISE-TXN-2823,Naveen Wadhwa,Mayank Batra,8532.0,2026-09-08 20:00:00,NEFT
NOISE-TXN-2824,Harsh Kapoor,Deepankar Sethi,1500.0,2026-09-08 16:00:00,IMPS
NOISE-TXN-2825,Farhan Batra,Rohan Batra,4701.0,2026-09-01 14:00:00,UPI
NOISE-TXN-2826,Nikhil Sethi,Vivek Khurana,10014.0,2026-09-02 20:00:00,IMPS
NOISE-TXN-2827,Bhavya Tiwari,Ishaan Kakkar,2519.0,2026-09-03 10:00:00,UPI
NOISE-TXN-2828,Nikhil Kakkar,Harsh Kapoor,2493.0,2026-09-11 13:00:00,IMPS
NOISE-TXN-2829,Farhan Kapoor,Dev Gulati,16325.0,2026-09-06 21:00:00,UPI
NOISE-TXN-2830,Pranav Kapoor,Bhavya Bhasin,7562.0,2026-09-06 01:00:00,IMPS
NOISE-TXN-2831,Tushar Tiwari,Naveen Sethi,433.0,2026-09-02 08:00:00,IMPS
NOISE-TXN-2832,Gaurav Gulati,Bhavya Grover,1016.0,2026-09-09 23:00:00,IMPS
NOISE-TXN-2833,Farhan Gulati,Tushar Batra,10589.0,2026-09-04 12:00:00,IMPS
NOISE-TXN-2834,Mayank Kakkar,Mayank Grover,3295.0,2026-09-07 06:00:00,UPI
NOISE-TXN-2835,Mayank Wadhwa,Tushar Aggarwal,11802.0,2026-09-03 09:00:00,UPI
NOISE-TXN-2836,Pranav Kapoor,Yash Tiwari,2067.0,2026-09-07 02:00:00,UPI
NOISE-TXN-2837,Dev Kapoor,Siddharth Sethi,6744.0,2026-09-07 21:00:00,UPI
NOISE-TXN-2838,Mayank Sethi,Pankaj Wadhwa,3210.0,2026-09-05 07:00:00,UPI
NOISE-TXN-2839,Nikhil Singhal,Alok Batra,12626.0,2026-09-01 10:00:00,IMPS
NOISE-TXN-2840,Ishaan Sethi,Yash Chhabra,3708.0,2026-09-10 09:00:00,NEFT
NOISE-TXN-2841,Nikhil Grover,Yash Kakkar,3038.0,2026-09-02 00:00:00,IMPS
NOISE-TXN-2842,Tushar Bhasin,Nikhil Kakkar,399.0,2026-09-05 08:00:00,NEFT
NOISE-TXN-2843,Pankaj Aggarwal,Pankaj Bhasin,1068.0,2026-09-06 20:00:00,NEFT
NOISE-TXN-2844,Ashish Wadhwa,Pankaj Kakkar,5148.0,2026-09-05 16:00:00,IMPS
NOISE-TXN-2845,Ishaan Sethi,Harsh Khurana,3313.0,2026-09-11 17:00:00,UPI
NOISE-TXN-2846,Pranav Khurana,Dev Wadhwa,936.0,2026-09-05 15:00:00,UPI
NOISE-TXN-2847,Tushar Khurana,Pranav Chhabra,4094.0,2026-09-03 11:00:00,UPI
NOISE-TXN-2848,Ishaan Malhotra,Gaurav Gulati,5736.0,2026-09-10 23:00:00,NEFT
NOISE-TXN-2849,Pranav Chhabra,Vivek Gulati,14568.0,2026-09-09 05:00:00,NEFT
NOISE-TXN-2850,Naveen Malhotra,Pranav Grover,2888.0,2026-09-01 14:00:00,NEFT
NOISE-TXN-2851,Deepankar Bansal,Alok Nangia,7365.0,2026-09-02 09:00:00,UPI
NOISE-TXN-2852,Ishaan Aggarwal,Tushar Tiwari,9957.0,2026-09-07 14:00:00,IMPS
NOISE-TXN-2853,Kabir Kapoor,Nikhil Bhasin,3943.0,2026-09-02 13:00:00,UPI
NOISE-TXN-2854,Vivek Singhal,Bhavya Aggarwal,306.0,2026-09-05 11:00:00,UPI
NOISE-TXN-2855,Ishaan Aggarwal,Pranav Malhotra,3023.0,2026-09-06 06:00:00,UPI
NOISE-TXN-2856,Alok Nangia,Dev Tiwari,4221.0,2026-09-01 11:00:00,UPI
NOISE-TXN-2857,Ashish Bansal,Yash Tiwari,15244.0,2026-09-10 20:00:00,NEFT
NOISE-TXN-2858,Rohan Bhasin,Gaurav Kapoor,1894.0,2026-09-06 02:00:00,NEFT
NOISE-TXN-2859,Rohan Aggarwal,Mayank Wadhwa,319.0,2026-09-08 18:00:00,NEFT
NOISE-TXN-2860,Ishaan Bhasin,Pranav Grover,1873.0,2026-09-10 08:00:00,NEFT
NOISE-TXN-2861,Bhavya Chhabra,Bhavya Singhal,13584.0,2026-09-07 12:00:00,NEFT
NOISE-TXN-2862,Kabir Gulati,Deepankar Tiwari,127.0,2026-09-10 02:00:00,IMPS
NOISE-TXN-2863,Kabir Batra,Mayank Malhotra,112.0,2026-09-07 10:00:00,IMPS
NOISE-TXN-2864,Ishaan Sethi,Pankaj Gulati,10652.0,2026-09-06 10:00:00,IMPS
NOISE-TXN-2865,Gaurav Sethi,Pankaj Bhasin,1829.0,2026-09-07 11:00:00,IMPS
NOISE-TXN-2866,Naveen Kapoor,Kabir Singhal,4620.0,2026-09-01 20:00:00,UPI
NOISE-TXN-2867,Ashish Bhasin,Naveen Wadhwa,1913.0,2026-09-02 17:00:00,NEFT
NOISE-TXN-2868,Nikhil Bhasin,Vivek Singhal,4442.0,2026-09-03 21:00:00,IMPS
NOISE-TXN-2869,Pranav Tiwari,Vivek Bhasin,7549.0,2026-09-01 23:00:00,IMPS
NOISE-TXN-2870,Alok Malhotra,Siddharth Bansal,2065.0,2026-09-11 02:00:00,NEFT
NOISE-TXN-2871,Gaurav Gulati,Harsh Chhabra,3141.0,2026-09-09 06:00:00,UPI
NOISE-TXN-2872,Siddharth Nangia,Tushar Tiwari,5458.0,2026-09-06 10:00:00,IMPS
NOISE-TXN-2873,Nikhil Bansal,Gaurav Khurana,14497.0,2026-09-07 23:00:00,NEFT
NOISE-TXN-2874,Tushar Singhal,Ishaan Aggarwal,6546.0,2026-09-09 04:00:00,UPI
NOISE-TXN-2875,Harsh Sethi,Ishaan Bhasin,3495.0,2026-09-08 19:00:00,IMPS
NOISE-TXN-2876,Mayank Kapoor,Gaurav Grover,17849.0,2026-09-07 07:00:00,NEFT
NOISE-TXN-2877,Bhavya Malhotra,Harsh Kapoor,14430.0,2026-09-06 23:00:00,IMPS
NOISE-TXN-2878,Harsh Tiwari,Yash Kakkar,1358.0,2026-09-06 13:00:00,NEFT
NOISE-TXN-2879,Bhavya Malhotra,Bhavya Tiwari,273.0,2026-09-05 02:00:00,NEFT
NOISE-TXN-2880,Bhavya Khurana,Bhavya Malhotra,4203.0,2026-09-06 09:00:00,IMPS
NOISE-TXN-2881,Kabir Gulati,Pranav Singhal,1757.0,2026-09-04 12:00:00,NEFT
NOISE-TXN-2882,Bhavya Bhasin,Tushar Batra,1444.0,2026-09-07 22:00:00,IMPS
NOISE-TXN-2883,Pranav Bansal,Pranav Khurana,2773.0,2026-09-02 06:00:00,IMPS
NOISE-TXN-2884,Vivek Chhabra,Pankaj Sethi,1081.0,2026-09-07 04:00:00,NEFT
NOISE-TXN-2885,Ishaan Malhotra,Vivek Gulati,8117.0,2026-09-08 21:00:00,IMPS
NOISE-TXN-2886,Mayank Kakkar,Pranav Kapoor,610.0,2026-09-07 16:00:00,IMPS
NOISE-TXN-2887,Bhavya Grover,Kabir Kakkar,27862.0,2026-09-02 17:00:00,NEFT
NOISE-TXN-2888,Mayank Kapoor,Mayank Grover,1559.0,2026-09-05 14:00:00,IMPS
NOISE-TXN-2889,Tushar Kakkar,Nikhil Singhal,872.0,2026-09-09 15:00:00,UPI
NOISE-TXN-2890,Pranav Khurana,Tushar Kakkar,1005.0,2026-09-10 21:00:00,UPI
NOISE-TXN-2891,Tushar Kakkar,Kabir Chhabra,9108.0,2026-09-08 14:00:00,NEFT
NOISE-TXN-2892,Gaurav Khurana,Pranav Khurana,1243.0,2026-09-07 03:00:00,NEFT
NOISE-TXN-2893,Pankaj Aggarwal,Rohan Gulati,11134.0,2026-09-02 20:00:00,UPI
NOISE-TXN-2894,Harsh Wadhwa,Gaurav Khurana,199.0,2026-09-09 00:00:00,UPI
NOISE-TXN-2895,Harsh Aggarwal,Mayank Gulati,4832.0,2026-09-03 08:00:00,IMPS
NOISE-TXN-2896,Gaurav Grover,Nikhil Grover,8521.0,2026-09-09 07:00:00,UPI
NOISE-TXN-2897,Pranav Khurana,Dev Malhotra,17168.0,2026-09-09 16:00:00,UPI
NOISE-TXN-2898,Dev Malhotra,Siddharth Singhal,1020.0,2026-09-09 16:00:00,NEFT
NOISE-TXN-2899,Gaurav Sethi,Kabir Aggarwal,2315.0,2026-09-06 08:00:00,IMPS
NOISE-TXN-2900,Alok Tiwari,Farhan Batra,7599.0,2026-09-03 23:00:00,NEFT
NOISE-TXN-2901,Gaurav Kapoor,Bhavya Tiwari,1720.0,2026-09-03 05:00:00,IMPS
NOISE-TXN-2902,Dev Wadhwa,Dev Tiwari,524.0,2026-09-03 11:00:00,NEFT
NOISE-TXN-2903,Vivek Chhabra,Pankaj Chhabra,300.0,2026-09-11 01:00:00,NEFT
NOISE-TXN-2904,Tushar Aggarwal,Naveen Batra,11071.0,2026-09-05 00:00:00,IMPS
NOISE-TXN-2905,Pranav Nangia,Siddharth Nangia,2932.0,2026-09-08 23:00:00,NEFT
NOISE-TXN-2906,Ishaan Bhasin,Pankaj Singhal,6878.0,2026-09-04 18:00:00,UPI
NOISE-TXN-2907,Bhavya Aggarwal,Yash Kapoor,2582.0,2026-09-02 19:00:00,UPI
NOISE-TXN-2908,Siddharth Bansal,Mayank Gulati,3221.0,2026-09-10 23:00:00,NEFT
NOISE-TXN-2909,Mayank Kakkar,Deepankar Singhal,11675.0,2026-09-06 15:00:00,UPI
NOISE-TXN-2910,Farhan Kapoor,Ashish Wadhwa,1219.0,2026-09-04 23:00:00,IMPS
NOISE-TXN-2911,Alok Tiwari,Mayank Batra,7956.0,2026-09-08 06:00:00,NEFT
NOISE-TXN-2912,Bhavya Chhabra,Rohan Bhasin,9321.0,2026-09-08 09:00:00,IMPS
NOISE-TXN-2913,Tushar Bhasin,Vivek Khurana,6927.0,2026-09-01 11:00:00,NEFT
NOISE-TXN-2914,Bhavya Kapoor,Gaurav Khurana,2887.0,2026-09-08 22:00:00,NEFT
NOISE-TXN-2915,Vivek Malhotra,Bhavya Malhotra,1806.0,2026-09-02 20:00:00,UPI
NOISE-TXN-2916,Gaurav Bhasin,Ashish Malhotra,3512.0,2026-09-03 06:00:00,NEFT
NOISE-TXN-2917,Ishaan Sethi,Harsh Kakkar,4650.0,2026-09-11 12:00:00,NEFT
NOISE-TXN-2918,Tushar Singhal,Dev Tiwari,900.0,2026-09-09 13:00:00,NEFT
NOISE-TXN-2919,Kabir Kakkar,Deepankar Aggarwal,1274.0,2026-09-09 06:00:00,UPI
NOISE-TXN-2920,Farhan Tiwari,Mayank Gulati,2349.0,2026-09-03 17:00:00,IMPS
NOISE-TXN-2921,Siddharth Gulati,Pranav Malhotra,16124.0,2026-09-09 10:00:00,NEFT
NOISE-TXN-2922,Nikhil Sethi,Vivek Gulati,6182.0,2026-09-10 11:00:00,UPI
NOISE-TXN-2923,Harsh Kapoor,Pankaj Malhotra,3378.0,2026-09-05 14:00:00,IMPS
NOISE-TXN-2924,Pranav Aggarwal,Mayank Kakkar,5614.0,2026-09-08 04:00:00,NEFT
NOISE-TXN-2925,Mayank Gulati,Alok Tiwari,6309.0,2026-09-07 13:00:00,NEFT
NOISE-TXN-2926,Vivek Bansal,Pankaj Bhasin,2811.0,2026-09-02 17:00:00,IMPS
NOISE-TXN-2927,Alok Wadhwa,Kabir Kakkar,8643.0,2026-09-07 11:00:00,NEFT
NOISE-TXN-2928,Tushar Kapoor,Bhavya Tiwari,18088.0,2026-09-05 01:00:00,IMPS
NOISE-TXN-2929,Dev Kapoor,Nikhil Sethi,1217.0,2026-09-10 21:00:00,UPI
NOISE-TXN-2930,Ashish Wadhwa,Pranav Singhal,3135.0,2026-09-05 19:00:00,NEFT
NOISE-TXN-2931,Dev Bansal,Gaurav Khurana,3971.0,2026-09-09 17:00:00,UPI
NOISE-TXN-2932,Pankaj Aggarwal,Mayank Bhasin,872.0,2026-09-10 08:00:00,IMPS
NOISE-TXN-2933,Mayank Kakkar,Farhan Aggarwal,347.0,2026-09-04 04:00:00,UPI
NOISE-TXN-2934,Gaurav Sethi,Mayank Wadhwa,6776.0,2026-09-03 16:00:00,IMPS
NOISE-TXN-2935,Nikhil Bansal,Pranav Tiwari,7191.0,2026-09-01 18:00:00,IMPS
NOISE-TXN-2936,Naveen Sethi,Pankaj Kakkar,8893.0,2026-09-06 15:00:00,NEFT
NOISE-TXN-2937,Tushar Bhasin,Nikhil Singhal,974.0,2026-09-10 17:00:00,IMPS
NOISE-TXN-2938,Vivek Bansal,Mayank Bhasin,9842.0,2026-09-12 03:00:00,NEFT
NOISE-TXN-2939,Pankaj Aggarwal,Pankaj Bhasin,1716.0,2026-09-07 06:00:00,IMPS
NOISE-TXN-2940,Alok Chhabra,Yash Tiwari,1914.0,2026-09-05 01:00:00,UPI
NOISE-TXN-2941,Nikhil Bansal,Mayank Batra,1691.0,2026-09-07 00:00:00,NEFT
NOISE-TXN-2942,Vivek Batra,Ashish Wadhwa,13480.0,2026-09-10 01:00:00,NEFT
NOISE-TXN-2943,Alok Kapoor,Mayank Kakkar,5572.0,2026-09-06 12:00:00,IMPS
NOISE-TXN-2944,Farhan Sethi,Mayank Kakkar,4933.0,2026-09-10 12:00:00,NEFT
NOISE-TXN-2945,Nikhil Grover,Pranav Sethi,830.0,2026-09-07 13:00:00,IMPS
NOISE-TXN-2946,Ashish Kakkar,Gaurav Bhasin,2954.0,2026-09-06 22:00:00,UPI
NOISE-TXN-2947,Ishaan Bhasin,Rohan Kakkar,2067.0,2026-09-07 10:00:00,UPI
NOISE-TXN-2948,Ashish Bhasin,Alok Nangia,437.0,2026-09-02 21:00:00,NEFT
NOISE-TXN-2949,Mayank Bhasin,Pankaj Gulati,120.0,2026-09-11 11:00:00,UPI
NOISE-TXN-2950,Farhan Sethi,Harsh Tiwari,246.0,2026-09-02 14:00:00,IMPS
NOISE-TXN-2951,Tushar Grover,Bhavya Grover,6518.0,2026-09-10 15:00:00,UPI
NOISE-TXN-2952,Pankaj Malhotra,Farhan Wadhwa,4316.0,2026-09-03 19:00:00,IMPS
NOISE-TXN-2953,Ishaan Khurana,Mayank Kakkar,8389.0,2026-09-01 15:00:00,UPI
NOISE-TXN-2954,Mayank Chhabra,Gaurav Aggarwal,848.0,2026-09-07 14:00:00,UPI
NOISE-TXN-2955,Ashish Bansal,Harsh Aggarwal,13981.0,2026-09-10 10:00:00,UPI
NOISE-TXN-2956,Kabir Kakkar,Tushar Kakkar,1046.0,2026-09-03 01:00:00,UPI
NOISE-TXN-2957,Bhavya Malhotra,Tushar Grover,1928.0,2026-09-05 12:00:00,NEFT
NOISE-TXN-2958,Mayank Chhabra,Yash Sethi,2334.0,2026-09-03 13:00:00,NEFT
NOISE-TXN-2959,Yash Khurana,Naveen Kapoor,11689.0,2026-09-04 04:00:00,UPI
NOISE-TXN-2960,Nikhil Bhasin,Mayank Bhasin,13073.0,2026-09-03 18:00:00,UPI
NOISE-TXN-2961,Vivek Bhasin,Harsh Aggarwal,373.0,2026-09-05 20:00:00,NEFT
NOISE-TXN-2962,Gaurav Aggarwal,Kabir Gulati,2461.0,2026-09-04 00:00:00,UPI
NOISE-TXN-2963,Nikhil Bansal,Alok Khurana,1236.0,2026-09-04 14:00:00,UPI
NOISE-TXN-2964,Pranav Kapoor,Pankaj Malhotra,12646.0,2026-09-07 04:00:00,IMPS
NOISE-TXN-2965,Gaurav Khurana,Farhan Gulati,4594.0,2026-09-05 12:00:00,UPI
NOISE-TXN-2966,Pranav Nangia,Deepankar Bansal,8765.0,2026-09-07 23:00:00,UPI
NOISE-TXN-2967,Bhavya Chhabra,Tushar Kapoor,1341.0,2026-09-11 13:00:00,NEFT
NOISE-TXN-2968,Yash Kakkar,Mayank Chhabra,772.0,2026-09-03 07:00:00,UPI
NOISE-TXN-2969,Farhan Grover,Tushar Batra,122.0,2026-09-01 18:00:00,UPI
NOISE-TXN-2970,Vivek Chhabra,Pankaj Gulati,10442.0,2026-09-04 02:00:00,IMPS
NOISE-TXN-2971,Farhan Sethi,Harsh Khurana,2711.0,2026-09-03 19:00:00,IMPS
NOISE-TXN-2972,Tushar Kakkar,Alok Bhasin,5858.0,2026-09-11 07:00:00,NEFT
NOISE-TXN-2973,Siddharth Aggarwal,Siddharth Sethi,6008.0,2026-09-11 16:00:00,IMPS
NOISE-TXN-2974,Yash Sethi,Alok Kapoor,5312.0,2026-09-03 06:00:00,UPI
NOISE-TXN-2975,Nikhil Sethi,Deepankar Bhasin,2808.0,2026-09-07 15:00:00,NEFT
NOISE-TXN-2976,Pankaj Aggarwal,Pranav Khurana,783.0,2026-09-11 14:00:00,IMPS
NOISE-TXN-2977,Dev Batra,Pankaj Singhal,920.0,2026-09-07 15:00:00,UPI
NOISE-TXN-2978,Farhan Batra,Pankaj Sethi,332.0,2026-09-06 02:00:00,IMPS
NOISE-TXN-2979,Ishaan Malhotra,Rohan Bansal,7157.0,2026-09-12 05:00:00,IMPS
NOISE-TXN-2980,Dev Batra,Tushar Singhal,5507.0,2026-09-03 06:00:00,NEFT
NOISE-TXN-2981,Farhan Kapoor,Alok Wadhwa,2025.0,2026-09-11 22:00:00,UPI
NOISE-TXN-2982,Yash Kapoor,Pranav Bansal,6567.0,2026-09-04 17:00:00,NEFT
NOISE-TXN-2983,Harsh Aggarwal,Vivek Batra,10690.0,2026-09-06 11:00:00,UPI
NOISE-TXN-2984,Naveen Sethi,Gaurav Grover,16522.0,2026-09-09 13:00:00,NEFT
NOISE-TXN-2985,Bhavya Khurana,Harsh Kapoor,808.0,2026-09-05 00:00:00,IMPS
NOISE-TXN-2986,Rohan Gulati,Tushar Tiwari,11416.0,2026-09-09 21:00:00,UPI
NOISE-TXN-2987,Dev Batra,Pranav Wadhwa,5264.0,2026-09-10 18:00:00,UPI
NOISE-TXN-2988,Mayank Bhasin,Kabir Sethi,1022.0,2026-09-01 13:00:00,NEFT
NOISE-TXN-2989,Ishaan Kakkar,Pankaj Aggarwal,4106.0,2026-09-08 02:00:00,UPI
NOISE-TXN-2990,Naveen Malhotra,Deepankar Bhasin,1030.0,2026-09-04 04:00:00,UPI
NOISE-TXN-2991,Alok Bhasin,Vivek Wadhwa,3997.0,2026-09-11 06:00:00,NEFT
NOISE-TXN-2992,Farhan Wadhwa,Siddharth Chhabra,7161.0,2026-09-08 20:00:00,NEFT
NOISE-TXN-2993,Pranav Sethi,Kabir Batra,1901.0,2026-09-03 09:00:00,IMPS
NOISE-TXN-2994,Pranav Bansal,Pranav Chhabra,3782.0,2026-09-05 14:00:00,UPI
NOISE-TXN-2995,Bhavya Tiwari,Pranav Kapoor,8029.0,2026-09-08 04:00:00,UPI
NOISE-TXN-2996,Naveen Gulati,Alok Malhotra,8723.0,2026-09-07 05:00:00,NEFT
NOISE-TXN-2997,Vivek Malhotra,Deepankar Tiwari,3164.0,2026-09-06 00:00:00,IMPS
NOISE-TXN-2998,Ashish Kakkar,Harsh Tiwari,5472.0,2026-09-05 23:00:00,UPI
NOISE-TXN-2999,Tushar Khurana,Tushar Tiwari,9016.0,2026-09-09 00:00:00,IMPS
NOISE-TXN-3000,Harsh Sethi,Alok Wadhwa,7049.0,2026-09-06 22:00:00,UPI
NOISE-TXN-3001,Bhavya Malhotra,Mayank Nangia,1720.0,2026-09-08 01:00:00,UPI
NOISE-TXN-3002,Vivek Singhal,Tushar Aggarwal,898.0,2026-09-03 08:00:00,UPI
NOISE-TXN-3003,Nikhil Kakkar,Deepankar Aggarwal,12791.0,2026-09-10 08:00:00,UPI
NOISE-TXN-3004,Tushar Aggarwal,Dev Bhasin,4247.0,2026-09-10 09:00:00,NEFT
NOISE-TXN-3005,Dev Tiwari,Tushar Grover,15665.0,2026-09-10 04:00:00,UPI
NOISE-TXN-3006,Tushar Grover,Pankaj Bhasin,662.0,2026-09-06 14:00:00,IMPS
NOISE-TXN-3007,Kabir Kapoor,Siddharth Singhal,8328.0,2026-09-01 14:00:00,NEFT
NOISE-TXN-3008,Yash Tiwari,Nikhil Grover,2109.0,2026-09-10 12:00:00,UPI
NOISE-TXN-3009,Alok Chhabra,Ashish Bhasin,4581.0,2026-09-07 05:00:00,NEFT
NOISE-TXN-3010,Siddharth Bansal,Harsh Kakkar,5231.0,2026-09-02 18:00:00,UPI
NOISE-TXN-3011,Mayank Gulati,Mayank Kapoor,2945.0,2026-09-10 04:00:00,UPI
NOISE-TXN-3012,Mayank Chhabra,Bhavya Kapoor,8631.0,2026-09-03 07:00:00,NEFT
NOISE-TXN-3013,Gaurav Kapoor,Gaurav Wadhwa,554.0,2026-09-06 17:00:00,IMPS
NOISE-TXN-3014,Alok Nangia,Vivek Malhotra,3133.0,2026-09-08 09:00:00,NEFT
NOISE-TXN-3015,Kabir Chhabra,Deepankar Singhal,9105.0,2026-09-04 09:00:00,IMPS
NOISE-TXN-3016,Tushar Aggarwal,Vivek Chhabra,18582.0,2026-09-05 18:00:00,NEFT
NOISE-TXN-3017,Dev Wadhwa,Rohan Bhasin,3031.0,2026-09-01 10:00:00,UPI
NOISE-TXN-3018,Farhan Grover,Tushar Chhabra,1472.0,2026-09-06 01:00:00,NEFT
NOISE-TXN-3019,Bhavya Grover,Rohan Aggarwal,461.0,2026-09-11 07:00:00,NEFT
NOISE-TXN-3020,Rohan Bansal,Bhavya Kapoor,959.0,2026-09-09 04:00:00,UPI
NOISE-TXN-3021,Ashish Kakkar,Alok Bhasin,6209.0,2026-09-03 17:00:00,UPI
NOISE-TXN-3022,Pranav Bhasin,Dev Wadhwa,4681.0,2026-09-02 13:00:00,IMPS
NOISE-TXN-3023,Naveen Gulati,Naveen Batra,1393.0,2026-09-07 11:00:00,UPI
NOISE-TXN-3024,Vivek Gulati,Yash Chhabra,4440.0,2026-09-09 13:00:00,NEFT
NOISE-TXN-3025,Farhan Bhasin,Kabir Singhal,3544.0,2026-09-06 11:00:00,NEFT
NOISE-TXN-3026,Siddharth Bansal,Pankaj Kakkar,1093.0,2026-09-09 13:00:00,UPI
NOISE-TXN-3027,Harsh Aggarwal,Naveen Gulati,1654.0,2026-09-10 17:00:00,UPI
NOISE-TXN-3028,Vivek Wadhwa,Mayank Batra,130.0,2026-09-09 17:00:00,UPI
NOISE-TXN-3029,Ashish Nangia,Harsh Khurana,6198.0,2026-09-10 23:00:00,IMPS
NOISE-TXN-3030,Yash Kakkar,Vivek Singhal,9154.0,2026-09-09 00:00:00,UPI
NOISE-TXN-3031,Alok Khurana,Pankaj Singhal,1167.0,2026-09-08 19:00:00,NEFT
NOISE-TXN-3032,Vivek Singhal,Yash Sethi,5562.0,2026-09-06 14:00:00,UPI
NOISE-TXN-3033,Bhavya Tiwari,Farhan Tiwari,9306.0,2026-09-08 23:00:00,UPI
NOISE-TXN-3034,Ishaan Malhotra,Dev Batra,933.0,2026-09-12 04:00:00,IMPS
NOISE-TXN-3035,Vivek Chhabra,Pankaj Kakkar,3876.0,2026-09-04 14:00:00,NEFT
NOISE-TXN-3036,Yash Kapoor,Ishaan Malhotra,7863.0,2026-09-02 14:00:00,IMPS
NOISE-TXN-3037,Rohan Bansal,Bhavya Chhabra,4989.0,2026-09-06 07:00:00,IMPS
NOISE-TXN-3038,Gaurav Grover,Dev Wadhwa,8664.0,2026-09-11 13:00:00,IMPS
NOISE-TXN-3039,Gaurav Gulati,Pranav Nangia,1371.0,2026-09-05 14:00:00,IMPS
NOISE-TXN-3040,Pankaj Aggarwal,Dev Tiwari,1308.0,2026-09-09 18:00:00,UPI
NOISE-TXN-3041,Nikhil Sethi,Naveen Wadhwa,9793.0,2026-09-10 12:00:00,IMPS
NOISE-TXN-3042,Siddharth Aggarwal,Pankaj Sethi,8692.0,2026-09-02 19:00:00,IMPS
NOISE-TXN-3043,Pranav Khurana,Ishaan Kakkar,9320.0,2026-09-10 23:00:00,UPI
NOISE-TXN-3044,Ishaan Aggarwal,Gaurav Grover,169.0,2026-09-06 09:00:00,IMPS
NOISE-TXN-3045,Pankaj Singhal,Kabir Sethi,8881.0,2026-09-01 14:00:00,IMPS
NOISE-TXN-3046,Dev Nangia,Siddharth Nangia,4657.0,2026-09-10 07:00:00,IMPS
NOISE-TXN-3047,Gaurav Gulati,Dev Gulati,7324.0,2026-09-06 16:00:00,UPI
NOISE-TXN-3048,Nikhil Aggarwal,Pranav Nangia,1339.0,2026-09-09 05:00:00,UPI
NOISE-TXN-3049,Dev Malhotra,Mayank Nangia,2185.0,2026-09-02 20:00:00,NEFT
NOISE-TXN-3050,Pankaj Malhotra,Harsh Bhasin,2658.0,2026-09-02 14:00:00,IMPS
NOISE-TXN-3051,Mayank Gulati,Tushar Chhabra,1918.0,2026-09-12 06:00:00,IMPS
NOISE-TXN-3052,Yash Gulati,Yash Tiwari,6117.0,2026-09-02 14:00:00,UPI
NOISE-TXN-3053,Gaurav Bhasin,Gaurav Gulati,3092.0,2026-09-09 18:00:00,IMPS
NOISE-TXN-3054,Bhavya Singhal,Ashish Bhasin,3473.0,2026-09-05 19:00:00,IMPS
NOISE-TXN-3055,Ashish Kakkar,Pranav Singhal,4626.0,2026-09-09 21:00:00,NEFT
NOISE-TXN-3056,Alok Nangia,Ishaan Malhotra,1026.0,2026-09-08 22:00:00,UPI
NOISE-TXN-3057,Ashish Kakkar,Bhavya Chhabra,2239.0,2026-09-03 09:00:00,UPI
NOISE-TXN-3058,Bhavya Gulati,Nikhil Kakkar,18293.0,2026-09-11 09:00:00,IMPS
NOISE-TXN-3059,Dev Tiwari,Siddharth Chhabra,1664.0,2026-09-12 02:00:00,UPI
NOISE-TXN-3060,Nikhil Tiwari,Ishaan Kakkar,2392.0,2026-09-04 19:00:00,IMPS
NOISE-TXN-3061,Bhavya Tiwari,Kabir Batra,1506.0,2026-09-09 21:00:00,UPI
NOISE-TXN-3062,Pranav Sethi,Pranav Khurana,12782.0,2026-09-06 12:00:00,IMPS
NOISE-TXN-3063,Gaurav Kapoor,Dev Kapoor,6743.0,2026-09-08 00:00:00,NEFT
NOISE-TXN-3064,Mayank Nangia,Dev Batra,648.0,2026-09-06 15:00:00,IMPS
NOISE-TXN-3065,Gaurav Sethi,Ashish Kakkar,311.0,2026-09-03 21:00:00,UPI
NOISE-TXN-3066,Alok Tiwari,Vivek Aggarwal,2097.0,2026-09-03 03:00:00,IMPS
NOISE-TXN-3067,Deepankar Singhal,Mayank Gulati,2949.0,2026-09-02 07:00:00,NEFT
NOISE-TXN-3068,Bhavya Khurana,Mayank Malhotra,4075.0,2026-09-09 04:00:00,IMPS
NOISE-TXN-3069,Yash Tiwari,Siddharth Bansal,1421.0,2026-09-09 04:00:00,IMPS
NOISE-TXN-3070,Ishaan Bhasin,Siddharth Aggarwal,15000.0,2026-09-10 16:00:00,UPI
NOISE-TXN-3071,Gaurav Sethi,Pranav Bansal,11523.0,2026-09-07 00:00:00,IMPS
NOISE-TXN-3072,Tushar Chhabra,Tushar Kakkar,11083.0,2026-09-08 16:00:00,UPI
NOISE-TXN-3073,Yash Nangia,Nikhil Tiwari,14804.0,2026-09-07 11:00:00,IMPS
NOISE-TXN-3074,Ashish Kakkar,Bhavya Chhabra,4208.0,2026-09-08 06:00:00,IMPS
NOISE-TXN-3075,Pranav Chhabra,Farhan Aggarwal,5594.0,2026-09-07 18:00:00,IMPS
NOISE-TXN-3076,Ishaan Kakkar,Nikhil Grover,3748.0,2026-09-07 10:00:00,NEFT
NOISE-TXN-3077,Pranav Batra,Pranav Nangia,1003.0,2026-09-04 08:00:00,UPI
NOISE-TXN-3078,Alok Malhotra,Tushar Chhabra,6930.0,2026-09-06 05:00:00,UPI
NOISE-TXN-3079,Mayank Kapoor,Nikhil Singhal,1581.0,2026-09-03 17:00:00,IMPS
NOISE-TXN-3080,Dev Gulati,Ashish Wadhwa,5716.0,2026-09-07 18:00:00,IMPS
NOISE-TXN-3081,Gaurav Sethi,Mayank Bansal,2019.0,2026-09-11 23:00:00,IMPS
NOISE-TXN-3082,Yash Kakkar,Alok Kapoor,5218.0,2026-09-01 21:00:00,UPI
NOISE-TXN-3083,Pankaj Wadhwa,Dev Gulati,589.0,2026-09-11 15:00:00,IMPS
NOISE-TXN-3084,Ishaan Bhasin,Nikhil Wadhwa,5576.0,2026-09-06 17:00:00,NEFT
NOISE-TXN-3085,Pankaj Kakkar,Pranav Chhabra,5153.0,2026-09-09 03:00:00,IMPS
NOISE-TXN-3086,Naveen Malhotra,Alok Kapoor,5335.0,2026-09-06 02:00:00,IMPS
NOISE-TXN-3087,Dev Kakkar,Vivek Bhasin,8549.0,2026-09-09 14:00:00,IMPS
NOISE-TXN-3088,Harsh Bhasin,Tushar Grover,8618.0,2026-09-10 16:00:00,IMPS
NOISE-TXN-3089,Tushar Kakkar,Ishaan Kakkar,6014.0,2026-09-04 07:00:00,NEFT
NOISE-TXN-3090,Pankaj Kakkar,Gaurav Kapoor,347.0,2026-09-09 17:00:00,IMPS
NOISE-TXN-3091,Pranav Khurana,Pankaj Wadhwa,2372.0,2026-09-07 18:00:00,NEFT
NOISE-TXN-3092,Tushar Khurana,Farhan Wadhwa,2403.0,2026-09-09 05:00:00,NEFT
NOISE-TXN-3093,Pranav Tiwari,Farhan Tiwari,5255.0,2026-09-02 12:00:00,NEFT
NOISE-TXN-3094,Kabir Aggarwal,Pankaj Wadhwa,1150.0,2026-09-11 21:00:00,NEFT
NOISE-TXN-3095,Harsh Aggarwal,Ashish Gulati,14637.0,2026-09-03 00:00:00,UPI
NOISE-TXN-3096,Bhavya Kapoor,Nikhil Tiwari,1947.0,2026-09-01 11:00:00,UPI
NOISE-TXN-3097,Vivek Malhotra,Tushar Khurana,10655.0,2026-09-06 20:00:00,IMPS
NOISE-TXN-3098,Naveen Malhotra,Mayank Malhotra,376.0,2026-09-09 17:00:00,IMPS
NOISE-TXN-3099,Alok Wadhwa,Deepankar Sethi,2929.0,2026-09-10 01:00:00,UPI
NOISE-TXN-3100,Yash Kakkar,Nikhil Bansal,3312.0,2026-09-02 19:00:00,UPI
NOISE-TXN-3101,Gaurav Sethi,Harsh Kakkar,3844.0,2026-09-11 21:00:00,UPI
NOISE-TXN-3102,Harsh Kapoor,Alok Tiwari,403.0,2026-09-11 16:00:00,IMPS
NOISE-TXN-3103,Tushar Tiwari,Vivek Sethi,3416.0,2026-09-10 14:00:00,UPI
NOISE-TXN-3104,Yash Khurana,Kabir Batra,19742.0,2026-09-07 11:00:00,IMPS
NOISE-TXN-3105,Tushar Grover,Dev Tiwari,2936.0,2026-09-11 10:00:00,IMPS
NOISE-TXN-3106,Vivek Gulati,Tushar Grover,1445.0,2026-09-09 00:00:00,IMPS
NOISE-TXN-3107,Tushar Bhasin,Yash Kapoor,4503.0,2026-09-09 10:00:00,IMPS
NOISE-TXN-3108,Rohan Bansal,Vivek Nangia,541.0,2026-09-01 20:00:00,UPI
NOISE-TXN-3109,Pranav Bhasin,Pankaj Malhotra,3578.0,2026-09-10 03:00:00,IMPS
NOISE-TXN-3110,Ashish Bansal,Nikhil Sethi,3830.0,2026-09-06 11:00:00,IMPS
NOISE-TXN-3111,Naveen Kapoor,Pranav Bhasin,7811.0,2026-09-12 01:00:00,IMPS
NOISE-TXN-3112,Kabir Chhabra,Bhavya Gulati,3893.0,2026-09-08 23:00:00,IMPS
NOISE-TXN-3113,Bhavya Singhal,Rohan Batra,830.0,2026-09-11 14:00:00,IMPS
NOISE-TXN-3114,Rohan Kakkar,Pranav Tiwari,14162.0,2026-09-12 03:00:00,UPI
NOISE-TXN-3115,Harsh Khurana,Farhan Gulati,3312.0,2026-09-03 09:00:00,UPI
NOISE-TXN-3116,Mayank Malhotra,Dev Bhasin,8715.0,2026-09-03 05:00:00,UPI
NOISE-TXN-3117,Dev Gulati,Deepankar Bansal,3130.0,2026-09-03 16:00:00,NEFT
NOISE-TXN-3118,Gaurav Grover,Vivek Sethi,2533.0,2026-09-06 02:00:00,NEFT
NOISE-TXN-3119,Mayank Kakkar,Rohan Gulati,1823.0,2026-09-07 16:00:00,IMPS
NOISE-TXN-3120,Mayank Malhotra,Ashish Kakkar,1153.0,2026-09-11 08:00:00,IMPS
NOISE-TXN-3121,Alok Nangia,Vivek Sethi,4889.0,2026-09-03 12:00:00,NEFT
NOISE-TXN-3122,Ishaan Sethi,Pranav Batra,5556.0,2026-09-01 20:00:00,UPI
NOISE-TXN-3123,Deepankar Tiwari,Ishaan Malhotra,7076.0,2026-09-11 07:00:00,NEFT
NOISE-TXN-3124,Nikhil Grover,Vivek Nangia,8085.0,2026-09-07 06:00:00,UPI
NOISE-TXN-3125,Tushar Singhal,Farhan Gulati,2704.0,2026-09-10 18:00:00,NEFT
NOISE-TXN-3126,Vivek Chhabra,Tushar Chhabra,3134.0,2026-09-07 16:00:00,IMPS
NOISE-TXN-3127,Tushar Kapoor,Tushar Kakkar,14143.0,2026-09-08 05:00:00,UPI
NOISE-TXN-3128,Ashish Wadhwa,Gaurav Wadhwa,9737.0,2026-09-01 16:00:00,IMPS
NOISE-TXN-3129,Nikhil Bhasin,Nikhil Sethi,894.0,2026-09-12 02:00:00,UPI
NOISE-TXN-3130,Ashish Nangia,Dev Bansal,5033.0,2026-09-08 17:00:00,UPI
NOISE-TXN-3131,Nikhil Kakkar,Vivek Aggarwal,581.0,2026-09-10 19:00:00,IMPS
NOISE-TXN-3132,Farhan Sethi,Tushar Bansal,2252.0,2026-09-10 02:00:00,IMPS
NOISE-TXN-3133,Dev Batra,Naveen Kakkar,184.0,2026-09-10 11:00:00,UPI
NOISE-TXN-3134,Harsh Kapoor,Harsh Bhasin,9075.0,2026-09-07 13:00:00,IMPS
NOISE-TXN-3135,Yash Chhabra,Yash Khurana,3540.0,2026-09-10 06:00:00,UPI
NOISE-TXN-3136,Bhavya Malhotra,Bhavya Bhasin,2596.0,2026-09-09 16:00:00,IMPS
NOISE-TXN-3137,Mayank Nangia,Naveen Malhotra,3171.0,2026-09-06 22:00:00,IMPS
NOISE-TXN-3138,Ashish Malhotra,Vivek Khurana,9734.0,2026-09-02 08:00:00,IMPS
NOISE-TXN-3139,Vivek Bansal,Mayank Grover,1549.0,2026-09-12 01:00:00,NEFT
NOISE-TXN-3140,Nikhil Bhasin,Yash Khurana,101.0,2026-09-09 00:00:00,IMPS
NOISE-TXN-3141,Mayank Gulati,Ashish Nangia,1567.0,2026-09-04 13:00:00,IMPS
NOISE-TXN-3142,Siddharth Sethi,Ishaan Khurana,4843.0,2026-09-09 21:00:00,NEFT
NOISE-TXN-3143,Pranav Wadhwa,Bhavya Malhotra,6881.0,2026-09-11 00:00:00,UPI
NOISE-TXN-3144,Tushar Kakkar,Tushar Bhasin,3359.0,2026-09-11 05:00:00,IMPS
NOISE-TXN-3145,Pranav Batra,Pankaj Singhal,1276.0,2026-09-10 09:00:00,NEFT
NOISE-TXN-3146,Nikhil Khurana,Harsh Kakkar,2580.0,2026-09-10 15:00:00,IMPS
NOISE-TXN-3147,Ishaan Kakkar,Alok Malhotra,5300.0,2026-09-03 17:00:00,IMPS
NOISE-TXN-3148,Mayank Kakkar,Gaurav Sethi,4678.0,2026-09-08 04:00:00,UPI
NOISE-TXN-3149,Pranav Nangia,Deepankar Singhal,803.0,2026-09-05 21:00:00,UPI
NOISE-TXN-3150,Harsh Sethi,Bhavya Aggarwal,563.0,2026-09-07 18:00:00,NEFT
NOISE-TXN-3151,Harsh Aggarwal,Pranav Khurana,10932.0,2026-09-05 18:00:00,UPI
NOISE-TXN-3152,Bhavya Tiwari,Ishaan Aggarwal,3132.0,2026-09-04 13:00:00,IMPS
NOISE-TXN-3153,Rohan Kapoor,Ishaan Sethi,1819.0,2026-09-06 17:00:00,NEFT
NOISE-TXN-3154,Alok Chhabra,Deepankar Tiwari,2543.0,2026-09-03 14:00:00,IMPS
NOISE-TXN-3155,Farhan Tiwari,Harsh Chhabra,7403.0,2026-09-04 20:00:00,NEFT
NOISE-TXN-3156,Dev Tiwari,Harsh Kakkar,5578.0,2026-09-04 00:00:00,NEFT
NOISE-TXN-3157,Gaurav Sethi,Pankaj Singhal,1131.0,2026-09-05 09:00:00,NEFT
NOISE-TXN-3158,Pankaj Aggarwal,Alok Wadhwa,1281.0,2026-09-05 06:00:00,UPI
NOISE-TXN-3159,Tushar Khurana,Nikhil Grover,435.0,2026-09-04 17:00:00,UPI
NOISE-TXN-3160,Naveen Wadhwa,Farhan Tiwari,5461.0,2026-09-10 03:00:00,NEFT
NOISE-TXN-3161,Pranav Sethi,Siddharth Gulati,5136.0,2026-09-04 21:00:00,UPI
NOISE-TXN-3162,Pranav Bhasin,Pranav Sethi,3229.0,2026-09-01 19:00:00,NEFT
NOISE-TXN-3163,Kabir Kakkar,Naveen Kakkar,2006.0,2026-09-09 18:00:00,NEFT
NOISE-TXN-3164,Yash Tiwari,Dev Batra,4090.0,2026-09-11 16:00:00,NEFT
NOISE-TXN-3165,Naveen Kakkar,Dev Kapoor,2161.0,2026-09-03 12:00:00,NEFT
NOISE-TXN-3166,Mayank Nangia,Pranav Tiwari,1036.0,2026-09-05 08:00:00,IMPS
NOISE-TXN-3167,Kabir Bansal,Ashish Wadhwa,8596.0,2026-09-06 11:00:00,UPI
NOISE-TXN-3168,Siddharth Aggarwal,Yash Chhabra,2861.0,2026-09-06 15:00:00,IMPS
NOISE-TXN-3169,Pranav Batra,Mayank Sethi,2643.0,2026-09-05 12:00:00,UPI
NOISE-TXN-3170,Rohan Bhasin,Gaurav Bhasin,5382.0,2026-09-03 05:00:00,NEFT
NOISE-TXN-3171,Yash Sethi,Deepankar Bansal,10388.0,2026-09-08 00:00:00,IMPS
NOISE-TXN-3172,Naveen Kakkar,Farhan Batra,5993.0,2026-09-01 22:00:00,UPI
NOISE-TXN-3173,Bhavya Bhasin,Farhan Bhasin,5877.0,2026-09-04 03:00:00,IMPS
NOISE-TXN-3174,Dev Bansal,Deepankar Tiwari,2088.0,2026-09-08 10:00:00,NEFT
NOISE-TXN-3175,Nikhil Sethi,Vivek Bhasin,5823.0,2026-09-08 20:00:00,IMPS
NOISE-TXN-3176,Pranav Nangia,Mayank Bhasin,17765.0,2026-09-09 04:00:00,NEFT
NOISE-TXN-3177,Bhavya Malhotra,Pranav Wadhwa,2476.0,2026-09-02 16:00:00,UPI
NOISE-TXN-3178,Yash Kakkar,Ishaan Malhotra,4732.0,2026-09-09 07:00:00,UPI
NOISE-TXN-3179,Kabir Aggarwal,Tushar Batra,3736.0,2026-09-10 09:00:00,NEFT
NOISE-TXN-3180,Yash Khurana,Yash Kakkar,12387.0,2026-09-07 18:00:00,UPI
NOISE-TXN-3181,Kabir Bansal,Alok Malhotra,13915.0,2026-09-09 17:00:00,NEFT
NOISE-TXN-3182,Gaurav Grover,Mayank Sethi,5182.0,2026-09-01 21:00:00,NEFT
NOISE-TXN-3183,Siddharth Nangia,Dev Gulati,1971.0,2026-09-06 17:00:00,NEFT
NOISE-TXN-3184,Ishaan Khurana,Dev Nangia,5715.0,2026-09-03 02:00:00,NEFT
NOISE-TXN-3185,Alok Chhabra,Mayank Kakkar,4884.0,2026-09-06 11:00:00,NEFT
NOISE-TXN-3186,Dev Wadhwa,Vivek Bhasin,1313.0,2026-09-09 12:00:00,IMPS
NOISE-TXN-3187,Ashish Wadhwa,Ishaan Malhotra,10199.0,2026-09-08 03:00:00,IMPS
NOISE-TXN-3188,Dev Bhasin,Alok Chhabra,2800.0,2026-09-03 23:00:00,IMPS
NOISE-TXN-3189,Farhan Khurana,Gaurav Bhasin,2440.0,2026-09-02 11:00:00,NEFT
NOISE-TXN-3190,Pranav Bhasin,Bhavya Malhotra,2297.0,2026-09-06 16:00:00,IMPS
NOISE-TXN-3191,Farhan Batra,Tushar Grover,1520.0,2026-09-06 16:00:00,UPI
NOISE-TXN-3192,Kabir Batra,Yash Nangia,345.0,2026-09-02 21:00:00,IMPS
NOISE-TXN-3193,Bhavya Bhasin,Pranav Chhabra,3948.0,2026-09-11 16:00:00,NEFT
NOISE-TXN-3194,Farhan Bhasin,Bhavya Chhabra,637.0,2026-09-11 19:00:00,UPI
NOISE-TXN-3195,Alok Malhotra,Tushar Bhasin,5269.0,2026-09-11 08:00:00,NEFT
NOISE-TXN-3196,Pankaj Singhal,Bhavya Malhotra,2135.0,2026-09-08 01:00:00,IMPS
NOISE-TXN-3197,Ashish Nangia,Bhavya Aggarwal,1249.0,2026-09-07 16:00:00,UPI
NOISE-TXN-3198,Rohan Gulati,Dev Kapoor,3895.0,2026-09-01 16:00:00,UPI
NOISE-TXN-3199,Gaurav Aggarwal,Pranav Bansal,9716.0,2026-09-10 09:00:00,UPI
TXN-HYD-STRUC-001,Rajesh Khurana,Ananya Reddy,9058.02,2026-09-03 21:13:00,UPI
TXN-HYD-STRUC-002,Rajesh Khurana,Ananya Reddy,9117.95,2026-08-31 11:00:00,UPI
TXN-HYD-STRUC-003,Rajesh Khurana,Ananya Reddy,9357.38,2026-09-02 12:45:00,UPI
TXN-HYD-STRUC-004,Rajesh Khurana,Ananya Reddy,9130.62,2026-08-31 20:26:00,UPI
TXN-HYD-STRUC-005,Rajesh Khurana,Ananya Reddy,9283.59,2026-08-30 19:16:00,UPI
TXN-HYD-STRUC-006,Rajesh Khurana,Ananya Reddy,8260.62,2026-09-05 18:24:00,UPI
TXN-HYD-STRUC-007,Rajesh Khurana,Ananya Reddy,8794.12,2026-09-05 02:19:00,UPI
TXN-HYD-STRUC-008,Rajesh Khurana,Ananya Reddy,9221.46,2026-09-03 15:10:00,UPI
TXN-HYD-STRUC-009,Rajesh Khurana,Ananya Reddy,9297.52,2026-09-04 07:47:00,UPI
TXN-HYD-STRUC-010,Rajesh Khurana,Ananya Reddy,8935.83,2026-09-01 04:06:00,UPI
TXN-HYD-STRUC-011,Rajesh Khurana,Ananya Reddy,8780.86,2026-09-01 16:21:00,UPI
TXN-HYD-STRUC-012,Rajesh Khurana,Ananya Reddy,9394.77,2026-08-29 22:28:00,UPI
TXN-HYD-STRUC-013,Rajesh Khurana,Ananya Reddy,8496.87,2026-09-06 18:03:00,UPI
TXN-HYD-STRUC-014,Rajesh Khurana,Ananya Reddy,9318.29,2026-08-31 19:08:00,UPI
TXN-HYD-STRUC-015,Rajesh Khurana,Ananya Reddy,8448.53,2026-09-01 01:12:00,UPI
TXN-HYD-STRUC-016,Rajesh Khurana,Ananya Reddy,8316.95,2026-09-08 04:48:00,UPI
TXN-HYD-STRUC-017,Rajesh Khurana,Ananya Reddy,9710.92,2026-08-29 21:13:00,UPI
TXN-HYD-STRUC-018,Rajesh Khurana,Ananya Reddy,8780.27,2026-09-03 14:35:00,UPI
TXN-HYD-STRUC-019,Rajesh Khurana,Ananya Reddy,9053.81,2026-09-04 02:58:00,UPI
TXN-HYD-STRUC-020,Rajesh Khurana,Ananya Reddy,8479.25,2026-09-04 05:48:00,UPI
TXN-HYD-STRUC-021,Rajesh Khurana,Ananya Reddy,8477.83,2026-09-02 12:24:00,UPI
TXN-HYD-STRUC-022,Rajesh Khurana,Ananya Reddy,9066.69,2026-08-30 06:08:00,UPI
TXN-HYD-STRUC-023,Rajesh Khurana,Ananya Reddy,8433.04,2026-09-05 10:56:00,UPI
TXN-HYD-STRUC-024,Rajesh Khurana,Ananya Reddy,8741.92,2026-09-05 21:26:00,UPI
TXN-HYD-STRUC-025,Rajesh Khurana,Ananya Reddy,9553.04,2026-09-01 09:48:00,UPI
TXN-HYD-MAIN-001,Ananya Reddy,Devendra Varma,131696.69,2026-09-08 05:10:00,RTGS
TXN-HYD-MAIN-002,Ananya Reddy,Devendra Varma,151651.55,2026-09-06 13:33:00,NEFT
TXN-HYD-MAIN-003,Ananya Reddy,Devendra Varma,140807.82,2026-09-07 00:04:00,RTGS
TXN-HYD-MAIN-004,Ananya Reddy,Devendra Varma,88429.97,2026-09-10 06:10:00,IMPS
TXN-HYD-MAIN-005,Ananya Reddy,Devendra Varma,262533.96,2026-09-01 20:01:00,NEFT
TXN-HYD-MAIN-006,Ananya Reddy,Devendra Varma,222932.99,2026-09-05 19:57:00,RTGS
TXN-HYD-MAIN-007,Ananya Reddy,Devendra Varma,216666.46,2026-09-02 11:49:00,RTGS
TXN-HYD-MAIN-008,Ananya Reddy,Devendra Varma,145449.46,2026-09-07 04:20:00,IMPS
TXN-HYD-MAIN-009,Ananya Reddy,Devendra Varma,224031.32,2026-09-08 23:06:00,NEFT
TXN-HYD-MAIN-010,Ananya Reddy,Devendra Varma,126894.75,2026-09-09 11:32:00,IMPS
TXN-HYD-MAIN-011,Ananya Reddy,Devendra Varma,184992.24,2026-09-09 07:57:00,RTGS
TXN-HYD-MAIN-012,Ananya Reddy,Devendra Varma,100598.26,2026-09-10 05:51:00,IMPS
TXN-HYD-MAIN-013,Ananya Reddy,Devendra Varma,156584.93,2026-09-08 20:38:00,NEFT
TXN-HYD-MAIN-014,Ananya Reddy,Devendra Varma,126526.9,2026-09-07 03:48:00,NEFT
TXN-HYD-MAIN-015,Ananya Reddy,Devendra Varma,146157.69,2026-08-30 20:37:00,RTGS
TXN-HYD-MAIN-016,Ananya Reddy,Devendra Varma,132979.09,2026-09-03 12:01:00,IMPS
TXN-HYD-MAIN-017,Ananya Reddy,Devendra Varma,120990.96,2026-09-05 14:23:00,NEFT
TXN-HYD-MAIN-018,Ananya Reddy,Devendra Varma,244172.53,2026-08-31 19:13:00,NEFT
TXN-HYD-MAIN-019,Ananya Reddy,Devendra Varma,212136.4,2026-09-04 18:27:00,IMPS
TXN-HYD-MAIN-020,Ananya Reddy,Devendra Varma,127232.7,2026-09-09 13:24:00,IMPS
TXN-HYD-COUR-001,Vikram Malhotra,Devendra Varma,13687.89,2026-09-02 13:41:00,UPI
TXN-HYD-COUR-002,Vikram Malhotra,Devendra Varma,38312.98,2026-09-04 13:05:00,UPI
TXN-HYD-COUR-003,Vikram Malhotra,Devendra Varma,29341.13,2026-08-30 20:39:00,UPI
TXN-HYD-COUR-004,Vikram Malhotra,Devendra Varma,64723.46,2026-09-01 22:33:00,UPI
TXN-HYD-COUR-005,Vikram Malhotra,Devendra Varma,74868.83,2026-08-31 00:48:00,UPI
TXN-HYD-COUR-006,Vikram Malhotra,Devendra Varma,66497.56,2026-08-29 22:51:00,UPI
TXN-HYD-COUR-007,Vikram Malhotra,Devendra Varma,15227.83,2026-09-04 18:13:00,UPI
TXN-HYD-COUR-008,Vikram Malhotra,Devendra Varma,17987.97,2026-09-04 19:36:00,UPI
TXN-HYD-COUR-009,Vikram Malhotra,Devendra Varma,29239.81,2026-09-02 03:04:00,UPI
TXN-HYD-COUR-010,Vikram Malhotra,Devendra Varma,55624.16,2026-09-04 13:53:00,UPI
TXN-HYD-COUR-011,Vikram Malhotra,Devendra Varma,23227.25,2026-09-05 10:48:00,UPI
TXN-HYD-COUR-012,Vikram Malhotra,Devendra Varma,61386.7,2026-09-02 21:55:00,UPI
TXN-HYD-COUR-013,Vikram Malhotra,Devendra Varma,71643.03,2026-09-06 19:42:00,UPI
TXN-HYD-COUR-014,Vikram Malhotra,Devendra Varma,34448.42,2026-09-09 15:29:00,UPI
TXN-HYD-COUR-015,Vikram Malhotra,Devendra Varma,23095.44,2026-09-05 09:55:00,UPI
TXN-BLR-INTER-001,Kavya Nair,Ananya Reddy,176705.14,2026-09-03 10:43:00,RTGS
TXN-BLR-INTER-002,Kavya Nair,Ananya Reddy,263775.13,2026-09-15 14:35:00,RTGS
TXN-BLR-INTER-003,Kavya Nair,Ananya Reddy,182357.89,2026-09-06 15:31:00,RTGS
TXN-BLR-INTER-004,Kavya Nair,Ananya Reddy,367274.77,2026-09-09 17:26:00,RTGS
TXN-BLR-INTER-005,Kavya Nair,Ananya Reddy,238592.06,2026-09-05 13:48:00,RTGS
TXN-BLR-INTER-006,Kavya Nair,Ananya Reddy,446601.15,2026-09-04 09:47:00,RTGS
TXN-BLR-INTER-007,Kavya Nair,Ananya Reddy,436395.45,2026-09-07 04:27:00,RTGS
TXN-BLR-INTER-008,Kavya Nair,Ananya Reddy,131062.99,2026-09-03 06:43:00,RTGS
TXN-BLR-INTER-009,Kavya Nair,Ananya Reddy,264781.95,2026-09-11 02:19:00,RTGS
TXN-BLR-INTER-010,Kavya Nair,Ananya Reddy,236881.03,2026-09-05 19:40:00,RTGS
TXN-BLR-INTER-011,Kavya Nair,Ananya Reddy,197297.93,2026-09-08 02:38:00,RTGS
TXN-BLR-INTER-012,Kavya Nair,Ananya Reddy,375073.87,2026-09-14 11:14:00,RTGS
TXN-BLR-INTER-013,Kavya Nair,Ananya Reddy,436763.35,2026-09-02 22:51:00,RTGS
TXN-BLR-INTER-014,Kavya Nair,Ananya Reddy,190445.54,2026-09-11 19:32:00,RTGS
TXN-BLR-INTER-015,Kavya Nair,Ananya Reddy,388327.76,2026-09-14 02:27:00,RTGS
TXN-BLR-INTER-016,Kavya Nair,Ananya Reddy,106041.0,2026-09-13 22:21:00,RTGS
TXN-BLR-INTER-017,Kavya Nair,Ananya Reddy,351946.63,2026-09-02 23:15:00,RTGS
TXN-BLR-INTER-018,Kavya Nair,Ananya Reddy,151586.6,2026-09-11 00:44:00,RTGS
TXN-BLR-INTER-019,Kavya Nair,Ananya Reddy,138070.17,2026-09-08 06:50:00,RTGS
TXN-BLR-INTER-020,Kavya Nair,Ananya Reddy,185028.65,2026-09-13 11:49:00,RTGS
TXN-BLR-HAW-001,Siddharth Rao,Devendra Varma,408739.81,2026-09-15 09:23:00,NEFT
TXN-BLR-HAW-002,Siddharth Rao,Devendra Varma,216570.57,2026-09-13 00:41:00,NEFT
TXN-BLR-HAW-003,Siddharth Rao,Devendra Varma,166133.04,2026-09-12 07:24:00,NEFT
TXN-BLR-HAW-004,Siddharth Rao,Devendra Varma,551720.54,2026-09-10 02:43:00,NEFT
TXN-BLR-HAW-005,Siddharth Rao,Devendra Varma,178127.33,2026-09-11 14:11:00,NEFT
TXN-BLR-HAW-006,Siddharth Rao,Devendra Varma,464502.43,2026-09-13 02:14:00,NEFT
TXN-BLR-HAW-007,Siddharth Rao,Devendra Varma,259538.89,2026-09-08 19:28:00,NEFT
TXN-BLR-HAW-008,Siddharth Rao,Devendra Varma,578596.57,2026-09-07 05:55:00,NEFT
TXN-BLR-HAW-009,Siddharth Rao,Devendra Varma,528033.5,2026-09-12 07:45:00,NEFT
TXN-BLR-HAW-010,Siddharth Rao,Devendra Varma,578886.88,2026-09-04 19:48:00,NEFT
TXN-BLR-HAW-011,Siddharth Rao,Devendra Varma,262714.36,2026-09-03 03:47:00,NEFT
TXN-BLR-HAW-012,Siddharth Rao,Devendra Varma,186532.59,2026-09-06 11:33:00,NEFT
TXN-BLR-HAW-013,Siddharth Rao,Devendra Varma,325735.9,2026-09-13 01:50:00,NEFT
TXN-BLR-HAW-014,Siddharth Rao,Devendra Varma,460213.04,2026-09-15 13:18:00,NEFT
TXN-BLR-HAW-015,Siddharth Rao,Devendra Varma,503180.32,2026-09-02 12:05:00,NEFT
TXN-BLR-STRUC-001,Siddharth Rao,Kavya Nair,8958.02,2026-09-09 09:04:00,UPI
TXN-BLR-STRUC-002,Siddharth Rao,Kavya Nair,8745.61,2026-09-05 01:09:00,UPI
TXN-BLR-STRUC-003,Siddharth Rao,Kavya Nair,8889.06,2026-09-12 07:06:00,UPI
TXN-BLR-STRUC-004,Siddharth Rao,Kavya Nair,9364.03,2026-09-11 17:58:00,UPI
TXN-BLR-STRUC-005,Siddharth Rao,Kavya Nair,9276.08,2026-09-12 04:33:00,UPI
TXN-BLR-STRUC-006,Siddharth Rao,Kavya Nair,9727.79,2026-09-12 03:08:00,UPI
TXN-BLR-STRUC-007,Siddharth Rao,Kavya Nair,9040.04,2026-09-15 19:59:00,UPI
TXN-BLR-STRUC-008,Siddharth Rao,Kavya Nair,9529.28,2026-09-06 22:24:00,UPI
TXN-BLR-STRUC-009,Siddharth Rao,Kavya Nair,9751.26,2026-09-15 08:06:00,UPI
TXN-BLR-STRUC-010,Siddharth Rao,Kavya Nair,8701.95,2026-09-09 08:35:00,UPI
TXN-BLR-STRUC-011,Siddharth Rao,Kavya Nair,8887.7,2026-09-06 00:10:00,UPI
TXN-BLR-STRUC-012,Siddharth Rao,Kavya Nair,9548.67,2026-09-09 04:37:00,UPI
TXN-BLR-STRUC-013,Siddharth Rao,Kavya Nair,9083.87,2026-09-09 15:10:00,UPI
TXN-BLR-STRUC-014,Siddharth Rao,Kavya Nair,9632.6,2026-09-04 00:00:00,UPI
TXN-BLR-STRUC-015,Siddharth Rao,Kavya Nair,9639.98,2026-09-14 11:52:00,UPI
TXN-BLR-STRUC-016,Siddharth Rao,Kavya Nair,9521.02,2026-09-05 13:59:00,UPI
TXN-BLR-STRUC-017,Siddharth Rao,Kavya Nair,8932.83,2026-09-12 10:27:00,UPI
TXN-BLR-STRUC-018,Siddharth Rao,Kavya Nair,9087.6,2026-09-04 16:30:00,UPI
TXN-BLR-STRUC-019,Siddharth Rao,Kavya Nair,9024.06,2026-09-08 10:52:00,UPI
TXN-BLR-STRUC-020,Siddharth Rao,Kavya Nair,9393.11,2026-09-09 06:45:00,UPI
TXN-BLR-STRUC-021,Siddharth Rao,Kavya Nair,9048.06,2026-09-13 12:16:00,UPI
TXN-BLR-STRUC-022,Siddharth Rao,Kavya Nair,8608.0,2026-09-02 18:03:00,UPI
TXN-BLR-STRUC-023,Siddharth Rao,Kavya Nair,8682.02,2026-09-15 01:25:00,UPI
TXN-BLR-STRUC-024,Siddharth Rao,Kavya Nair,9439.13,2026-09-14 10:04:00,UPI
TXN-BLR-STRUC-025,Siddharth Rao,Kavya Nair,9285.24,2026-09-10 06:48:00,UPI
TXN-DEL-POOL-HYD-001,Ananya Reddy,Rhea Kapoor,704709.01,2026-09-15 23:44:00,RTGS
TXN-DEL-POOL-HYD-002,Ananya Reddy,Rhea Kapoor,262172.14,2026-09-15 15:40:00,RTGS
TXN-DEL-POOL-HYD-003,Ananya Reddy,Rhea Kapoor,523646.98,2026-09-19 19:34:00,RTGS
TXN-DEL-POOL-HYD-004,Ananya Reddy,Rhea Kapoor,523743.23,2026-09-17 01:11:00,RTGS
TXN-DEL-POOL-HYD-005,Ananya Reddy,Rhea Kapoor,587869.16,2026-09-19 06:30:00,RTGS
TXN-DEL-POOL-HYD-006,Ananya Reddy,Rhea Kapoor,720822.53,2026-09-14 04:09:00,RTGS
TXN-DEL-POOL-HYD-007,Ananya Reddy,Rhea Kapoor,392240.94,2026-09-09 10:22:00,RTGS
TXN-DEL-POOL-HYD-008,Ananya Reddy,Rhea Kapoor,215865.88,2026-09-09 22:41:00,RTGS
TXN-DEL-POOL-HYD-009,Ananya Reddy,Rhea Kapoor,238385.46,2026-09-15 03:06:00,RTGS
TXN-DEL-POOL-HYD-010,Ananya Reddy,Rhea Kapoor,495401.57,2026-09-12 23:23:00,RTGS
TXN-DEL-POOL-HYD-011,Ananya Reddy,Rhea Kapoor,417323.17,2026-09-15 03:28:00,RTGS
TXN-DEL-POOL-HYD-012,Ananya Reddy,Rhea Kapoor,264645.73,2026-09-08 23:52:00,RTGS
TXN-DEL-POOL-HYD-013,Ananya Reddy,Rhea Kapoor,457746.77,2026-09-17 01:26:00,RTGS
TXN-DEL-POOL-HYD-014,Ananya Reddy,Rhea Kapoor,640476.97,2026-09-07 01:33:00,RTGS
TXN-DEL-POOL-HYD-015,Ananya Reddy,Rhea Kapoor,354542.24,2026-09-15 01:02:00,RTGS
TXN-DEL-POOL-HYD-016,Ananya Reddy,Rhea Kapoor,467725.69,2026-09-13 04:50:00,RTGS
TXN-DEL-POOL-HYD-017,Ananya Reddy,Rhea Kapoor,492640.52,2026-09-19 13:17:00,RTGS
TXN-DEL-POOL-HYD-018,Ananya Reddy,Rhea Kapoor,732551.3,2026-09-09 06:13:00,RTGS
TXN-DEL-POOL-HYD-019,Ananya Reddy,Rhea Kapoor,232357.06,2026-09-15 12:18:00,RTGS
TXN-DEL-POOL-HYD-020,Ananya Reddy,Rhea Kapoor,629516.21,2026-09-07 05:24:00,RTGS
TXN-DEL-POOL-BLR-001,Kavya Nair,Rhea Kapoor,436885.13,2026-09-07 03:59:00,RTGS
TXN-DEL-POOL-BLR-002,Kavya Nair,Rhea Kapoor,701016.31,2026-09-16 20:21:00,RTGS
TXN-DEL-POOL-BLR-003,Kavya Nair,Rhea Kapoor,493595.11,2026-09-13 00:30:00,RTGS
TXN-DEL-POOL-BLR-004,Kavya Nair,Rhea Kapoor,439001.1,2026-09-10 20:26:00,RTGS
TXN-DEL-POOL-BLR-005,Kavya Nair,Rhea Kapoor,478989.38,2026-09-17 06:06:00,RTGS
TXN-DEL-POOL-BLR-006,Kavya Nair,Rhea Kapoor,327788.01,2026-09-11 01:22:00,RTGS
TXN-DEL-POOL-BLR-007,Kavya Nair,Rhea Kapoor,804921.54,2026-09-09 13:09:00,RTGS
TXN-DEL-POOL-BLR-008,Kavya Nair,Rhea Kapoor,552635.29,2026-09-08 14:19:00,RTGS
TXN-DEL-POOL-BLR-009,Kavya Nair,Rhea Kapoor,421439.5,2026-09-08 23:09:00,RTGS
TXN-DEL-POOL-BLR-010,Kavya Nair,Rhea Kapoor,730614.21,2026-09-16 15:37:00,RTGS
TXN-DEL-POOL-BLR-011,Kavya Nair,Rhea Kapoor,419397.63,2026-09-20 08:17:00,RTGS
TXN-DEL-POOL-BLR-012,Kavya Nair,Rhea Kapoor,445155.67,2026-09-20 06:03:00,RTGS
TXN-DEL-POOL-BLR-013,Kavya Nair,Rhea Kapoor,282228.97,2026-09-19 09:40:00,RTGS
TXN-DEL-POOL-BLR-014,Kavya Nair,Rhea Kapoor,334470.49,2026-09-12 07:57:00,RTGS
TXN-DEL-POOL-BLR-015,Kavya Nair,Rhea Kapoor,605000.81,2026-09-13 11:04:00,RTGS
TXN-DEL-POOL-BLR-016,Kavya Nair,Rhea Kapoor,646017.47,2026-09-07 08:35:00,RTGS
TXN-DEL-POOL-BLR-017,Kavya Nair,Rhea Kapoor,522083.93,2026-09-17 18:31:00,RTGS
TXN-DEL-POOL-BLR-018,Kavya Nair,Rhea Kapoor,541553.16,2026-09-11 08:46:00,RTGS
TXN-DEL-POOL-BLR-019,Kavya Nair,Rhea Kapoor,412275.68,2026-09-08 19:07:00,RTGS
TXN-DEL-POOL-BLR-020,Kavya Nair,Rhea Kapoor,470691.88,2026-09-12 09:05:00,RTGS
TXN-DEL-BOSS-001,Rhea Kapoor,Manish Singhania,991044.38,2026-09-06 12:05:00,NEFT
TXN-DEL-BOSS-002,Rhea Kapoor,Manish Singhania,672735.01,2026-09-16 23:27:00,NEFT
TXN-DEL-BOSS-003,Rhea Kapoor,Manish Singhania,750183.24,2026-09-13 23:49:00,NEFT
TXN-DEL-BOSS-004,Rhea Kapoor,Manish Singhania,1245421.66,2026-09-19 01:35:00,NEFT
TXN-DEL-BOSS-005,Rhea Kapoor,Manish Singhania,1380143.21,2026-09-12 04:24:00,NEFT
TXN-DEL-BOSS-006,Rhea Kapoor,Manish Singhania,1444327.97,2026-09-13 06:11:00,NEFT
TXN-DEL-BOSS-007,Rhea Kapoor,Manish Singhania,554193.31,2026-09-09 06:08:00,NEFT
TXN-DEL-BOSS-008,Rhea Kapoor,Manish Singhania,1011523.43,2026-09-07 00:26:00,NEFT
TXN-DEL-BOSS-009,Rhea Kapoor,Manish Singhania,870138.81,2026-09-10 19:19:00,NEFT
TXN-DEL-BOSS-010,Rhea Kapoor,Manish Singhania,902255.91,2026-09-17 13:19:00,NEFT
TXN-DEL-BOSS-011,Rhea Kapoor,Manish Singhania,767566.78,2026-09-20 01:49:00,NEFT
TXN-DEL-BOSS-012,Rhea Kapoor,Manish Singhania,823924.71,2026-09-09 12:27:00,NEFT
TXN-DEL-BOSS-013,Rhea Kapoor,Manish Singhania,881805.06,2026-09-17 03:28:00,NEFT
TXN-DEL-BOSS-014,Rhea Kapoor,Manish Singhania,962516.76,2026-09-16 18:42:00,NEFT
TXN-DEL-BOSS-015,Rhea Kapoor,Manish Singhania,1210932.54,2026-09-07 06:34:00,NEFT
TXN-DEL-STRUC-001,Vikram Malhotra,Rhea Kapoor,9278.66,2026-09-16 19:18:00,UPI
TXN-DEL-STRUC-002,Vikram Malhotra,Rhea Kapoor,9890.72,2026-09-09 21:29:00,UPI
TXN-DEL-STRUC-003,Vikram Malhotra,Rhea Kapoor,9289.42,2026-09-14 00:16:00,UPI
TXN-DEL-STRUC-004,Vikram Malhotra,Rhea Kapoor,9641.02,2026-09-17 21:51:00,UPI
TXN-DEL-STRUC-005,Vikram Malhotra,Rhea Kapoor,9052.31,2026-09-19 02:16:00,UPI
TXN-DEL-STRUC-006,Vikram Malhotra,Rhea Kapoor,8802.97,2026-09-06 23:43:00,UPI
TXN-DEL-STRUC-007,Vikram Malhotra,Rhea Kapoor,9635.06,2026-09-13 09:08:00,UPI
TXN-DEL-STRUC-008,Vikram Malhotra,Rhea Kapoor,9026.41,2026-09-20 06:34:00,UPI
TXN-DEL-STRUC-009,Vikram Malhotra,Rhea Kapoor,8991.13,2026-09-10 20:22:00,UPI
TXN-DEL-STRUC-010,Vikram Malhotra,Rhea Kapoor,9479.98,2026-09-13 12:58:00,UPI
TXN-DEL-STRUC-011,Vikram Malhotra,Rhea Kapoor,9899.67,2026-09-19 08:36:00,UPI
TXN-DEL-STRUC-012,Vikram Malhotra,Rhea Kapoor,9225.49,2026-09-17 17:11:00,UPI
TXN-DEL-STRUC-013,Vikram Malhotra,Rhea Kapoor,9405.44,2026-09-10 15:20:00,UPI
TXN-DEL-STRUC-014,Vikram Malhotra,Rhea Kapoor,9681.46,2026-09-09 22:00:00,UPI
TXN-DEL-STRUC-015,Vikram Malhotra,Rhea Kapoor,9559.89,2026-09-16 18:24:00,UPI
TXN-DEL-STRUC-016,Vikram Malhotra,Rhea Kapoor,8815.66,2026-09-14 06:50:00,UPI
TXN-DEL-STRUC-017,Vikram Malhotra,Rhea Kapoor,9031.66,2026-09-08 07:12:00,UPI
TXN-DEL-STRUC-018,Vikram Malhotra,Rhea Kapoor,9139.69,2026-09-13 19:43:00,UPI
TXN-DEL-STRUC-019,Vikram Malhotra,Rhea Kapoor,9596.65,2026-09-20 09:19:00,UPI
TXN-DEL-STRUC-020,Vikram Malhotra,Rhea Kapoor,8838.78,2026-09-17 07:54:00,UPI
