caller_number,receiver_number,timestamp,duration_seconds,source_file
+919850785405,+919848508907,2026-08-03T15:00:00Z,198,calls.csv
+919850785405,+919848508907,2026-08-05T14:00:00Z,115,calls.csv
+919850785405,+919848508907,2026-08-02T09:00:00Z,165,calls.csv
+919850785405,+919848508907,2026-08-10T03:00:00Z,77,calls.csv
+919850785405,+919848508907,2026-08-09T21:00:00Z,334,calls.csv
+919850785405,+919848508907,2026-08-06T06:00:00Z,236,calls.csv
+919850785405,+919848508907,2026-08-09T20:00:00Z,164,calls.csv
+919850785405,+919848508907,2026-08-05T04:00:00Z,42,calls.csv
+919850785405,+919848508907,2026-08-03T21:00:00Z,152,calls.csv
+919850785405,+919848508907,2026-08-05T06:00:00Z,305,calls.csv
+919850785405,+919848508907,2026-08-09T09:00:00Z,325,calls.csv
+919850785405,+919848508907,2026-08-05T11:00:00Z,273,calls.csv
+919850785405,+919848508907,2026-08-04T22:00:00Z,311,calls.csv
+919850785405,+919848508907,2026-08-11T03:00:00Z,202,calls.csv
+919850785405,+919848508907,2026-08-09T01:00:00Z,268,calls.csv
+919850785405,+919848508907,2026-08-05T07:00:00Z,283,calls.csv
+919850785405,+919848508907,2026-08-09T16:00:00Z,166,calls.csv
+919850785405,+919848508907,2026-08-07T00:00:00Z,288,calls.csv
+919850785405,+919848508907,2026-08-05T16:00:00Z,265,calls.csv
+919855076693,+919852910691,2026-08-08T21:00:00Z,315,calls.csv
+919855076693,+919852910691,2026-08-11T03:00:00Z,152,calls.csv
+919855076693,+919852910691,2026-08-09T15:00:00Z,179,calls.csv
+919855076693,+919852910691,2026-08-08T23:00:00Z,54,calls.csv
+919855076693,+919852910691,2026-08-08T18:00:00Z,247,calls.csv
+919855076693,+919852910691,2026-08-04T22:00:00Z,105,calls.csv
+919855076693,+919852910691,2026-08-12T01:00:00Z,53,calls.csv
+919855076693,+919852910691,2026-08-09T02:00:00Z,328,calls.csv
+919855076693,+919852910691,2026-08-02T10:00:00Z,259,calls.csv
+919855076693,+919852910691,2026-08-02T16:00:00Z,234,calls.csv
+919855076693,+919852910691,2026-08-07T14:00:00Z,272,calls.csv
+919855076693,+919852910691,2026-08-07T18:00:00Z,234,calls.csv
+919855076693,+919852910691,2026-08-06T21:00:00Z,169,calls.csv
+919855076693,+919852910691,2026-08-03T23:00:00Z,49,calls.csv
+919855076693,+919852910691,2026-08-10T09:00:00Z,219,calls.csv
+919855076693,+919852910691,2026-08-06T04:00:00Z,75,calls.csv
+919855076693,+919852910691,2026-08-02T08:00:00Z,166,calls.csv
+919855076693,+919852910691,2026-08-05T08:00:00Z,118,calls.csv
+919885694715,+919839254705,2026-08-08T01:00:00Z,259,calls.csv
+919885694715,+919839254705,2026-08-07T10:00:00Z,299,calls.csv
+919885694715,+919839254705,2026-08-07T08:00:00Z,255,calls.csv
+919885694715,+919839254705,2026-08-09T11:00:00Z,261,calls.csv
+919885694715,+919839254705,2026-08-08T04:00:00Z,275,calls.csv
+919885694715,+919839254705,2026-08-04T21:00:00Z,130,calls.csv
+919885694715,+919839254705,2026-08-11T04:00:00Z,178,calls.csv
+919885694715,+919839254705,2026-08-12T01:00:00Z,287,calls.csv
+919885694715,+919839254705,2026-08-09T21:00:00Z,343,calls.csv
+919885694715,+919839254705,2026-08-06T18:00:00Z,165,calls.csv
+919885694715,+919839254705,2026-08-03T16:00:00Z,270,calls.csv
+919899682738,+919860867083,2026-08-10T04:00:00Z,291,calls.csv
+919899682738,+919860867083,2026-08-09T08:00:00Z,87,calls.csv
+919899682738,+919860867083,2026-08-06T15:00:00Z,247,calls.csv
+919899682738,+919860867083,2026-08-05T17:00:00Z,337,calls.csv
+919899682738,+919860867083,2026-08-07T23:00:00Z,323,calls.csv
+919899682738,+919860867083,2026-08-10T19:00:00Z,257,calls.csv
+919899682738,+919860867083,2026-08-10T18:00:00Z,220,calls.csv
+919899682738,+919860867083,2026-08-09T16:00:00Z,196,calls.csv
+919899682738,+919860867083,2026-08-05T18:00:00Z,101,calls.csv
+919899682738,+919860867083,2026-08-11T06:00:00Z,134,calls.csv
+919899682738,+919860867083,2026-08-05T14:00:00Z,287,calls.csv
+919899682738,+919860867083,2026-08-07T07:00:00Z,341,calls.csv
+919899682738,+919860867083,2026-08-11T03:00:00Z,184,calls.csv
+919899682738,+919860867083,2026-08-03T14:00:00Z,191,calls.csv
+919899682738,+919860867083,2026-08-05T19:00:00Z,131,calls.csv
+919899682738,+919860867083,2026-08-06T08:00:00Z,313,calls.csv
+919884270583,+919849209916,2026-08-04T02:00:00Z,67,calls.csv
+919884270583,+919849209916,2026-08-04T12:00:00Z,328,calls.csv
+919884270583,+919849209916,2026-08-06T10:00:00Z,167,calls.csv
+919884270583,+919849209916,2026-08-04T01:00:00Z,253,calls.csv
+919884270583,+919849209916,2026-08-12T03:00:00Z,155,calls.csv
+919884270583,+919849209916,2026-08-10T20:00:00Z,270,calls.csv
+919884270583,+919849209916,2026-08-09T17:00:00Z,341,calls.csv
+919884270583,+919849209916,2026-08-08T17:00:00Z,331,calls.csv
+919884270583,+919849209916,2026-08-11T09:00:00Z,90,calls.csv
+919884270583,+919849209916,2026-08-06T04:00:00Z,148,calls.csv
+919884270583,+919849209916,2026-08-07T05:00:00Z,81,calls.csv
+919884270583,+919849209916,2026-08-04T15:00:00Z,128,calls.csv
+919884270583,+919849209916,2026-08-10T10:00:00Z,120,calls.csv
+919884270583,+919849209916,2026-08-02T21:00:00Z,270,calls.csv
+919884270583,+919849209916,2026-08-11T23:00:00Z,189,calls.csv
+919884270583,+919849209916,2026-08-02T15:00:00Z,187,calls.csv
+919884270583,+919849209916,2026-08-07T06:00:00Z,272,calls.csv
+919884270583,+919849209916,2026-08-04T05:00:00Z,159,calls.csv
+919884270583,+919849209916,2026-08-07T04:00:00Z,341,calls.csv
+919884270583,+919849209916,2026-08-05T21:00:00Z,98,calls.csv
+919884270583,+919849209916,2026-08-10T15:00:00Z,116,calls.csv
+919884270583,+919849209916,2026-08-06T12:00:00Z,76,calls.csv
+919884270583,+919849209916,2026-08-02T13:00:00Z,197,calls.csv
+919884270583,+919849209916,2026-08-12T07:00:00Z,331,calls.csv
+919884270583,+919849209916,2026-08-06T22:00:00Z,103,calls.csv
+919877172238,+919882475098,2026-08-09T10:00:00Z,280,calls.csv
+919877172238,+919882475098,2026-08-07T21:00:00Z,210,calls.csv
+919877172238,+919882475098,2026-08-08T05:00:00Z,93,calls.csv
+919877172238,+919882475098,2026-08-04T18:00:00Z,250,calls.csv
+919877172238,+919882475098,2026-08-09T17:00:00Z,245,calls.csv
+919877172238,+919882475098,2026-08-10T09:00:00Z,272,calls.csv
+919877172238,+919882475098,2026-08-03T18:00:00Z,169,calls.csv
+919877172238,+919882475098,2026-08-07T11:00:00Z,246,calls.csv
+919877172238,+919882475098,2026-08-10T08:00:00Z,317,calls.csv
+919877172238,+919882475098,2026-08-09T21:00:00Z,67,calls.csv
+919877172238,+919882475098,2026-08-06T00:00:00Z,225,calls.csv
+919877172238,+919882475098,2026-08-11T23:00:00Z,266,calls.csv
+919877172238,+919882475098,2026-08-02T14:00:00Z,176,calls.csv
+919877172238,+919882475098,2026-08-10T12:00:00Z,187,calls.csv
+919877172238,+919882475098,2026-08-10T06:00:00Z,288,calls.csv
+919877172238,+919882475098,2026-08-03T08:00:00Z,162,calls.csv
+919877172238,+919882475098,2026-08-04T17:00:00Z,322,calls.csv
+919877172238,+919882475098,2026-08-03T01:00:00Z,248,calls.csv
+919877172238,+919882475098,2026-08-03T15:00:00Z,98,calls.csv
+919877172238,+919882475098,2026-08-09T11:00:00Z,118,calls.csv
+919877172238,+919882475098,2026-08-11T06:00:00Z,179,calls.csv
+919877172238,+919882475098,2026-08-08T23:00:00Z,281,calls.csv
+919861484043,+919835583290,2026-08-11T20:00:00Z,159,calls.csv
+919861484043,+919835583290,2026-08-08T09:00:00Z,202,calls.csv
+919861484043,+919835583290,2026-08-10T06:00:00Z,235,calls.csv
+919861484043,+919835583290,2026-08-09T05:00:00Z,117,calls.csv
+919861484043,+919835583290,2026-08-09T09:00:00Z,104,calls.csv
+919861484043,+919835583290,2026-08-11T02:00:00Z,209,calls.csv
+919861484043,+919835583290,2026-08-03T22:00:00Z,91,calls.csv
+919861484043,+919835583290,2026-08-10T22:00:00Z,47,calls.csv
+919861484043,+919835583290,2026-08-04T21:00:00Z,119,calls.csv
+919861484043,+919835583290,2026-08-03T23:00:00Z,175,calls.csv
+919861484043,+919835583290,2026-08-08T03:00:00Z,243,calls.csv
+919861484043,+919835583290,2026-08-03T18:00:00Z,313,calls.csv
+919861484043,+919835583290,2026-08-08T18:00:00Z,289,calls.csv
+919861484043,+919835583290,2026-08-10T09:00:00Z,75,calls.csv
+919861484043,+919835583290,2026-08-06T04:00:00Z,187,calls.csv
+919861484043,+919835583290,2026-08-06T07:00:00Z,86,calls.csv
+919861484043,+919835583290,2026-08-08T11:00:00Z,91,calls.csv
+919816172803,+919853536830,2026-08-04T03:00:00Z,235,calls.csv
+919816172803,+919853536830,2026-08-12T05:00:00Z,163,calls.csv
+919816172803,+919853536830,2026-08-10T02:00:00Z,113,calls.csv
+919816172803,+919853536830,2026-08-05T22:00:00Z,170,calls.csv
+919816172803,+919853536830,2026-08-09T16:00:00Z,44,calls.csv
+919816172803,+919853536830,2026-08-09T17:00:00Z,319,calls.csv
+919816172803,+919853536830,2026-08-04T10:00:00Z,266,calls.csv
+919816172803,+919853536830,2026-08-08T02:00:00Z,193,calls.csv
+919816172803,+919853536830,2026-08-09T06:00:00Z,168,calls.csv
+919816172803,+919853536830,2026-08-08T23:00:00Z,94,calls.csv
+919816172803,+919853536830,2026-08-05T20:00:00Z,332,calls.csv
+919816172803,+919853536830,2026-08-06T08:00:00Z,242,calls.csv
+919840885967,+919891478884,2026-08-05T01:00:00Z,227,calls.csv
+919840885967,+919891478884,2026-08-11T00:00:00Z,179,calls.csv
+919840885967,+919891478884,2026-08-04T16:00:00Z,286,calls.csv
+919840885967,+919891478884,2026-08-07T07:00:00Z,213,calls.csv
+919840885967,+919891478884,2026-08-03T22:00:00Z,78,calls.csv
+919840885967,+919891478884,2026-08-04T15:00:00Z,243,calls.csv
+919840885967,+919891478884,2026-08-10T19:00:00Z,86,calls.csv
+919840885967,+919891478884,2026-08-08T08:00:00Z,175,calls.csv
+919840885967,+919891478884,2026-08-10T11:00:00Z,272,calls.csv
+919840885967,+919891478884,2026-08-08T05:00:00Z,174,calls.csv
+919840885967,+919891478884,2026-08-11T20:00:00Z,230,calls.csv
+919840885967,+919891478884,2026-08-04T05:00:00Z,159,calls.csv
+919840885967,+919891478884,2026-08-09T08:00:00Z,327,calls.csv
+919840885967,+919891478884,2026-08-08T03:00:00Z,153,calls.csv
+919840885967,+919891478884,2026-08-04T04:00:00Z,277,calls.csv
+919840885967,+919891478884,2026-08-07T04:00:00Z,249,calls.csv
+919850851122,+919876118957,2026-08-10T03:00:00Z,248,calls.csv
+919850851122,+919876118957,2026-08-06T09:00:00Z,229,calls.csv
+919850851122,+919876118957,2026-08-05T22:00:00Z,267,calls.csv
+919850851122,+919876118957,2026-08-05T19:00:00Z,90,calls.csv
+919850851122,+919876118957,2026-08-08T01:00:00Z,223,calls.csv
+919850851122,+919876118957,2026-08-02T20:00:00Z,181,calls.csv
+919850851122,+919876118957,2026-08-05T11:00:00Z,272,calls.csv
+919850851122,+919876118957,2026-08-04T05:00:00Z,148,calls.csv
+919850851122,+919876118957,2026-08-11T08:00:00Z,65,calls.csv
+919850851122,+919876118957,2026-08-07T15:00:00Z,104,calls.csv
+919850851122,+919876118957,2026-08-11T14:00:00Z,75,calls.csv
+919850851122,+919876118957,2026-08-10T14:00:00Z,340,calls.csv
+919850851122,+919876118957,2026-08-05T15:00:00Z,208,calls.csv
+919829419691,+919827447248,2026-08-11T09:00:00Z,306,calls.csv
+919829419691,+919827447248,2026-08-06T22:00:00Z,55,calls.csv
+919829419691,+919827447248,2026-08-02T23:00:00Z,245,calls.csv
+919829419691,+919827447248,2026-08-09T05:00:00Z,95,calls.csv
+919829419691,+919827447248,2026-08-10T06:00:00Z,267,calls.csv
+919829419691,+919827447248,2026-08-03T10:00:00Z,204,calls.csv
+919829419691,+919827447248,2026-08-11T12:00:00Z,73,calls.csv
+919829419691,+919827447248,2026-08-04T16:00:00Z,339,calls.csv
+919829419691,+919827447248,2026-08-11T06:00:00Z,206,calls.csv
+919829419691,+919827447248,2026-08-09T03:00:00Z,311,calls.csv
+919829419691,+919827447248,2026-08-11T21:00:00Z,90,calls.csv
+919829419691,+919827447248,2026-08-04T04:00:00Z,322,calls.csv
+919829419691,+919827447248,2026-08-05T21:00:00Z,271,calls.csv
+919829419691,+919827447248,2026-08-09T20:00:00Z,252,calls.csv
+919829419691,+919827447248,2026-08-03T18:00:00Z,258,calls.csv
+919873655158,+919819010480,2026-08-09T07:00:00Z,66,calls.csv
+919873655158,+919819010480,2026-08-07T03:00:00Z,199,calls.csv
+919873655158,+919819010480,2026-08-07T11:00:00Z,335,calls.csv
+919873655158,+919819010480,2026-08-10T14:00:00Z,119,calls.csv
+919873655158,+919819010480,2026-08-09T15:00:00Z,95,calls.csv
+919873655158,+919819010480,2026-08-08T01:00:00Z,228,calls.csv
+919873655158,+919819010480,2026-08-03T16:00:00Z,333,calls.csv
+919873655158,+919819010480,2026-08-05T21:00:00Z,327,calls.csv
+919873655158,+919819010480,2026-08-12T03:00:00Z,325,calls.csv
+919873655158,+919819010480,2026-08-03T03:00:00Z,176,calls.csv
+919873655158,+919819010480,2026-08-02T13:00:00Z,179,calls.csv
+919873655158,+919819010480,2026-08-06T18:00:00Z,219,calls.csv
+919873655158,+919819010480,2026-08-12T05:00:00Z,245,calls.csv
+919873655158,+919819010480,2026-08-03T12:00:00Z,55,calls.csv
+919873655158,+919819010480,2026-08-04T07:00:00Z,311,calls.csv
+919873655158,+919819010480,2026-08-05T20:00:00Z,254,calls.csv
+919873655158,+919819010480,2026-08-09T18:00:00Z,120,calls.csv
+919873655158,+919819010480,2026-08-07T17:00:00Z,206,calls.csv
+919873655158,+919819010480,2026-08-02T12:00:00Z,120,calls.csv
+919869473616,+919898843907,2026-08-05T12:00:00Z,170,calls.csv
+919869473616,+919898843907,2026-08-06T18:00:00Z,101,calls.csv
+919869473616,+919898843907,2026-08-02T23:00:00Z,260,calls.csv
+919869473616,+919898843907,2026-08-04T12:00:00Z,234,calls.csv
+919869473616,+919898843907,2026-08-11T06:00:00Z,157,calls.csv
+919869473616,+919898843907,2026-08-11T01:00:00Z,221,calls.csv
+919869473616,+919898843907,2026-08-03T20:00:00Z,61,calls.csv
+919869473616,+919898843907,2026-08-08T08:00:00Z,275,calls.csv
+919869473616,+919898843907,2026-08-03T18:00:00Z,334,calls.csv
+919869473616,+919898843907,2026-08-09T02:00:00Z,247,calls.csv
+919869473616,+919898843907,2026-08-08T17:00:00Z,98,calls.csv
+919869473616,+919898843907,2026-08-05T03:00:00Z,275,calls.csv
+919869473616,+919898843907,2026-08-07T10:00:00Z,263,calls.csv
+919869473616,+919898843907,2026-08-03T15:00:00Z,263,calls.csv
+919869473616,+919898843907,2026-08-11T20:00:00Z,308,calls.csv
+919869473616,+919898843907,2026-08-07T15:00:00Z,210,calls.csv
+919869473616,+919898843907,2026-08-04T10:00:00Z,301,calls.csv
+919856892354,+919857123808,2026-08-07T12:00:00Z,265,calls.csv
+919856892354,+919857123808,2026-08-03T23:00:00Z,266,calls.csv
+919856892354,+919857123808,2026-08-06T16:00:00Z,342,calls.csv
+919856892354,+919857123808,2026-08-02T19:00:00Z,299,calls.csv
+919856892354,+919857123808,2026-08-03T17:00:00Z,276,calls.csv
+919856892354,+919857123808,2026-08-09T09:00:00Z,69,calls.csv
+919856892354,+919857123808,2026-08-07T17:00:00Z,79,calls.csv
+919856892354,+919857123808,2026-08-04T03:00:00Z,344,calls.csv
+919856892354,+919857123808,2026-08-10T20:00:00Z,276,calls.csv
+919856892354,+919857123808,2026-08-12T01:00:00Z,61,calls.csv
+919856892354,+919857123808,2026-08-10T02:00:00Z,136,calls.csv
+919856892354,+919857123808,2026-08-08T03:00:00Z,283,calls.csv
+919856892354,+919857123808,2026-08-10T12:00:00Z,71,calls.csv
+919856892354,+919857123808,2026-08-09T11:00:00Z,215,calls.csv
+919856892354,+919857123808,2026-08-04T00:00:00Z,128,calls.csv
+919856892354,+919857123808,2026-08-02T15:00:00Z,264,calls.csv
+919856892354,+919857123808,2026-08-10T00:00:00Z,307,calls.csv
+919856892354,+919857123808,2026-08-11T13:00:00Z,226,calls.csv
+919856892354,+919857123808,2026-08-08T18:00:00Z,346,calls.csv
+919822684373,+919884888554,2026-08-10T19:00:00Z,49,calls.csv
+919822684373,+919884888554,2026-08-07T17:00:00Z,132,calls.csv
+919822684373,+919884888554,2026-08-05T18:00:00Z,288,calls.csv
+919822684373,+919884888554,2026-08-05T15:00:00Z,110,calls.csv
+919822684373,+919884888554,2026-08-04T10:00:00Z,191,calls.csv
+919822684373,+919884888554,2026-08-04T00:00:00Z,316,calls.csv
+919822684373,+919884888554,2026-08-10T09:00:00Z,212,calls.csv
+919822684373,+919884888554,2026-08-11T12:00:00Z,345,calls.csv
+919822684373,+919884888554,2026-08-08T12:00:00Z,123,calls.csv
+919822684373,+919884888554,2026-08-05T06:00:00Z,124,calls.csv
+919822684373,+919884888554,2026-08-09T09:00:00Z,250,calls.csv
+919822684373,+919884888554,2026-08-08T05:00:00Z,161,calls.csv
+919822684373,+919884888554,2026-08-10T03:00:00Z,185,calls.csv
+919822684373,+919884888554,2026-08-09T15:00:00Z,313,calls.csv
+919822684373,+919884888554,2026-08-05T17:00:00Z,280,calls.csv
+919822684373,+919884888554,2026-08-05T19:00:00Z,332,calls.csv
+919822684373,+919884888554,2026-08-09T22:00:00Z,184,calls.csv
+919822684373,+919884888554,2026-08-09T00:00:00Z,310,calls.csv
+919822684373,+919884888554,2026-08-08T13:00:00Z,142,calls.csv
+919822684373,+919884888554,2026-08-03T04:00:00Z,286,calls.csv
+919822684373,+919884888554,2026-08-08T01:00:00Z,92,calls.csv
+919822684373,+919884888554,2026-08-10T11:00:00Z,185,calls.csv
+919845650176,+919882269803,2026-08-03T08:00:00Z,161,calls.csv
+919830005727,+919827084279,2026-08-12T08:00:00Z,127,calls.csv
+919833357554,+919871780854,2026-08-15T08:00:00Z,272,calls.csv
+919838195995,+919877898694,2026-08-14T08:00:00Z,240,calls.csv
+919856843172,+919848250360,2026-08-14T08:00:00Z,198,calls.csv
+919891178885,+919899913412,2026-08-09T08:00:00Z,205,calls.csv
+919845059710,+919837415205,2026-08-15T08:00:00Z,129,calls.csv
+919892097999,+919815917225,2026-08-03T08:00:00Z,193,calls.csv
+919879782527,+919875569635,2026-08-03T08:00:00Z,412,calls.csv
+919858942697,+919899889098,2026-08-04T08:00:00Z,70,calls.csv
+919847816686,+919813176186,2026-08-02T08:00:00Z,289,calls.csv
+919892613013,+919856930359,2026-08-07T08:00:00Z,355,calls.csv
+919835511941,+919878064830,2026-08-10T08:00:00Z,391,calls.csv
+919864009265,+919831172421,2026-08-09T08:00:00Z,107,calls.csv
+919896637649,+919890070438,2026-08-05T08:00:00Z,447,calls.csv
+919882269803,+919825492573,2026-08-09T08:00:00Z,14,calls.csv
+919846553958,+919899514287,2026-08-10T08:00:00Z,431,calls.csv
+919823419256,+919868326160,2026-08-13T08:00:00Z,430,calls.csv
+919843704923,+919838270233,2026-08-01T08:00:00Z,251,calls.csv
+919884437458,+919827558317,2026-08-05T08:00:00Z,453,calls.csv
+919830863865,+919899889098,2026-08-08T08:00:00Z,380,calls.csv
+919895511909,+919877834855,2026-08-16T08:00:00Z,129,calls.csv
+919827084279,+919868812137,2026-08-15T08:00:00Z,379,calls.csv
+919851511484,+919887925434,2026-08-03T08:00:00Z,170,calls.csv
+919844999379,+919815134794,2026-08-14T08:00:00Z,117,calls.csv
+919850603163,+919869302158,2026-08-01T08:00:00Z,201,calls.csv
+919823903144,+919895125977,2026-08-05T08:00:00Z,166,calls.csv
+919810226999,+919815354599,2026-08-16T08:00:00Z,424,calls.csv
+919841774346,+919836786211,2026-08-11T08:00:00Z,125,calls.csv
+919831810617,+919857469942,2026-08-13T08:00:00Z,400,calls.csv
+919863121477,+919852101056,2026-08-10T08:00:00Z,176,calls.csv
+919868812137,+919815614174,2026-08-02T08:00:00Z,482,calls.csv
+919823903144,+919865259205,2026-08-11T08:00:00Z,300,calls.csv
+919867684996,+919890070438,2026-08-13T08:00:00Z,205,calls.csv
+919893638503,+919889795010,2026-08-03T08:00:00Z,283,calls.csv
+919840547349,+919844999379,2026-08-16T08:00:00Z,65,calls.csv
+919835511941,+919863481198,2026-08-15T08:00:00Z,337,calls.csv
+919899639081,+919867887757,2026-08-06T08:00:00Z,63,calls.csv
+919863643924,+919828024248,2026-08-06T08:00:00Z,26,calls.csv
+919852101056,+919890070438,2026-08-16T08:00:00Z,23,calls.csv
+919882160068,+919865337219,2026-08-03T08:00:00Z,476,calls.csv
+919840547349,+919850962024,2026-08-07T08:00:00Z,129,calls.csv
+919845431319,+919841774346,2026-08-03T08:00:00Z,242,calls.csv
+919896098221,+919825521714,2026-08-01T08:00:00Z,97,calls.csv
+919893370583,+919829876811,2026-08-13T08:00:00Z,90,calls.csv
+919824508349,+919886384014,2026-08-14T08:00:00Z,254,calls.csv
+919880993218,+919843308443,2026-08-13T08:00:00Z,499,calls.csv
+919893638503,+919886384014,2026-08-07T08:00:00Z,168,calls.csv
+919848250360,+919825015458,2026-08-16T08:00:00Z,91,calls.csv
+919890070438,+919895125977,2026-08-10T08:00:00Z,310,calls.csv
+919892613013,+919899152472,2026-08-15T08:00:00Z,151,calls.csv
+919892613013,+919866431351,2026-08-05T08:00:00Z,238,calls.csv
+919819391725,+919825480907,2026-08-08T08:00:00Z,279,calls.csv
+919835511941,+919863481198,2026-08-16T08:00:00Z,245,calls.csv
+919851511484,+919895125977,2026-08-02T08:00:00Z,387,calls.csv
+919867887757,+919847393469,2026-08-15T08:00:00Z,187,calls.csv
+919899508850,+919882909480,2026-08-10T08:00:00Z,210,calls.csv
+919891363974,+919845810056,2026-08-14T08:00:00Z,137,calls.csv
+919837415205,+919895132217,2026-08-14T08:00:00Z,244,calls.csv
+919840547349,+919841774346,2026-08-06T08:00:00Z,367,calls.csv
+919863481198,+919887388337,2026-08-13T08:00:00Z,367,calls.csv
+919813326769,+919888183110,2026-08-06T08:00:00Z,150,calls.csv
+919866267415,+919871510041,2026-08-10T08:00:00Z,351,calls.csv
+919843308443,+919851373735,2026-08-07T08:00:00Z,475,calls.csv
+919854058573,+919829876811,2026-08-04T08:00:00Z,198,calls.csv
+919838609087,+919838270233,2026-08-04T08:00:00Z,268,calls.csv
+919864009265,+919863121477,2026-08-11T08:00:00Z,219,calls.csv
+919869302158,+919860888017,2026-08-09T08:00:00Z,116,calls.csv
+919861700055,+919813326769,2026-08-15T08:00:00Z,23,calls.csv
+919847816686,+919833763566,2026-08-15T08:00:00Z,205,calls.csv
+919887925434,+919880993218,2026-08-13T08:00:00Z,448,calls.csv
+919819317495,+919830863865,2026-08-02T08:00:00Z,15,calls.csv
+919878064830,+919853779528,2026-08-05T08:00:00Z,177,calls.csv
+919858884978,+919895511909,2026-08-15T08:00:00Z,258,calls.csv
+919851511484,+919843308443,2026-08-03T08:00:00Z,290,calls.csv
+919841774346,+919878642041,2026-08-15T08:00:00Z,81,calls.csv
+919850264926,+919824366125,2026-08-06T08:00:00Z,97,calls.csv
+919864543049,+919826726926,2026-08-04T08:00:00Z,100,calls.csv
+919875569635,+919885146293,2026-08-13T08:00:00Z,96,calls.csv
+919838609087,+919858884978,2026-08-01T08:00:00Z,356,calls.csv
+919831367172,+919865259205,2026-08-15T08:00:00Z,193,calls.csv
+919837415205,+919899038359,2026-08-02T08:00:00Z,467,calls.csv
+919863643924,+919813704481,2026-08-07T08:00:00Z,236,calls.csv
+919851373735,+919888339168,2026-08-04T08:00:00Z,209,calls.csv
+919852101056,+919854585178,2026-08-15T08:00:00Z,36,calls.csv
+919899038526,+919866431351,2026-08-02T08:00:00Z,405,calls.csv
+919835921441,+919864009265,2026-08-07T08:00:00Z,485,calls.csv
+919857130035,+919893303777,2026-08-08T08:00:00Z,112,calls.csv
+919867887757,+919864543049,2026-08-14T08:00:00Z,24,calls.csv
+919822388090,+919877898694,2026-08-07T08:00:00Z,358,calls.csv
+919858884978,+919819391725,2026-08-08T08:00:00Z,500,calls.csv
+919887388337,+919845159040,2026-08-06T08:00:00Z,380,calls.csv
+919860888017,+919813326769,2026-08-14T08:00:00Z,272,calls.csv
+919880166708,+919893370583,2026-08-11T08:00:00Z,297,calls.csv
+919866267415,+919844999379,2026-08-07T08:00:00Z,488,calls.csv
+919811297845,+919830863865,2026-08-14T08:00:00Z,71,calls.csv
+919842035886,+919847135391,2026-08-04T08:00:00Z,192,calls.csv
+919821003626,+919845810056,2026-08-01T08:00:00Z,215,calls.csv
+919884437458,+919836445607,2026-08-01T08:00:00Z,209,calls.csv
+919847135391,+919849682169,2026-08-08T08:00:00Z,43,calls.csv
+919841774346,+919824366125,2026-08-12T08:00:00Z,32,calls.csv
+919843308443,+919899038359,2026-08-14T08:00:00Z,164,calls.csv
+919864009265,+919899038526,2026-08-16T08:00:00Z,62,calls.csv
+919882909480,+919871510041,2026-08-06T08:00:00Z,138,calls.csv
+919887388337,+919899038526,2026-08-11T08:00:00Z,333,calls.csv
+919851373735,+919845630292,2026-08-05T08:00:00Z,180,calls.csv
+919845810056,+919885563727,2026-08-11T08:00:00Z,445,calls.csv
+919845159040,+919834073380,2026-08-03T08:00:00Z,181,calls.csv
+919864543049,+919826726926,2026-08-15T08:00:00Z,205,calls.csv
+919856397338,+919833763566,2026-08-08T08:00:00Z,267,calls.csv
+919868812137,+919896637649,2026-08-01T08:00:00Z,129,calls.csv
+919815614174,+919871367643,2026-08-04T08:00:00Z,168,calls.csv
+919845496015,+919810226999,2026-08-14T08:00:00Z,397,calls.csv
+919878642041,+919895132217,2026-08-03T08:00:00Z,40,calls.csv
+919823903144,+919893303777,2026-08-16T08:00:00Z,161,calls.csv
+919892613013,+919852133044,2026-08-13T08:00:00Z,114,calls.csv
+919850308572,+919858024342,2026-08-08T08:00:00Z,482,calls.csv
+919885863473,+919899038526,2026-08-15T08:00:00Z,388,calls.csv
+919835511941,+919845650176,2026-08-09T08:00:00Z,172,calls.csv
+919850308572,+919893131979,2026-08-02T08:00:00Z,276,calls.csv
+919815197528,+919815917225,2026-08-10T08:00:00Z,394,calls.csv
+919845059710,+919899889098,2026-08-11T08:00:00Z,185,calls.csv
+919878642041,+919893638503,2026-08-02T08:00:00Z,474,calls.csv
+919845159040,+919857130035,2026-08-08T08:00:00Z,321,calls.csv
+919819233013,+919827778019,2026-08-11T08:00:00Z,103,calls.csv
+919830005727,+919867684996,2026-08-01T08:00:00Z,43,calls.csv
+919839920292,+919843308443,2026-08-07T08:00:00Z,36,calls.csv
+919885563727,+919844188276,2026-08-07T08:00:00Z,74,calls.csv
+919867887757,+919845810056,2026-08-07T08:00:00Z,130,calls.csv
+919861700055,+919831687165,2026-08-14T08:00:00Z,381,calls.csv
+919856843172,+919835748341,2026-08-06T08:00:00Z,379,calls.csv
+919865337219,+919878642041,2026-08-14T08:00:00Z,100,calls.csv
+919826726926,+919857130035,2026-08-10T08:00:00Z,156,calls.csv
+919895125977,+919839854548,2026-08-07T08:00:00Z,149,calls.csv
+919834073380,+919831687165,2026-08-12T08:00:00Z,213,calls.csv
+919835921441,+919860888017,2026-08-16T08:00:00Z,235,calls.csv
+919857469942,+919861700055,2026-08-14T08:00:00Z,399,calls.csv
+919865259205,+919834073380,2026-08-01T08:00:00Z,400,calls.csv
+919819233013,+919815134794,2026-08-03T08:00:00Z,398,calls.csv
+919899514287,+919898588154,2026-08-05T08:00:00Z,293,calls.csv
+919845594597,+919845810056,2026-08-09T08:00:00Z,204,calls.csv
+919851511484,+919854585178,2026-08-15T08:00:00Z,155,calls.csv
+919835921441,+919859555330,2026-08-16T08:00:00Z,46,calls.csv
+919856930359,+919845650176,2026-08-16T08:00:00Z,110,calls.csv
+919865259205,+919844999379,2026-08-01T08:00:00Z,16,calls.csv
+919899152472,+919845594597,2026-08-12T08:00:00Z,261,calls.csv
+919868326160,+919815197528,2026-08-13T08:00:00Z,390,calls.csv
+919893303777,+919840547349,2026-08-16T08:00:00Z,167,calls.csv
+919850308572,+919868812137,2026-08-03T08:00:00Z,219,calls.csv
+919858024342,+919885146293,2026-08-13T08:00:00Z,487,calls.csv
+919850181935,+919899245317,2026-08-07T08:00:00Z,400,calls.csv
+919897775215,+919811250299,2026-08-12T08:00:00Z,270,calls.csv
+919825015458,+919839920292,2026-08-12T08:00:00Z,366,calls.csv
+919896098221,+919867403166,2026-08-13T08:00:00Z,484,calls.csv
+919857469942,+919810226999,2026-08-08T08:00:00Z,134,calls.csv
+919898231132,+919859597086,2026-08-12T08:00:00Z,333,calls.csv
+919896637649,+919819736572,2026-08-01T08:00:00Z,367,calls.csv
+919845159040,+919815917225,2026-08-05T08:00:00Z,143,calls.csv
+919890070438,+919864813568,2026-08-05T08:00:00Z,140,calls.csv
+919857130035,+919890070438,2026-08-06T08:00:00Z,16,calls.csv
+919853779528,+919846553958,2026-08-03T08:00:00Z,339,calls.csv
+919882909480,+919840547349,2026-08-13T08:00:00Z,371,calls.csv
+919868812137,+919831687165,2026-08-07T08:00:00Z,458,calls.csv
+919857469942,+919860888017,2026-08-14T08:00:00Z,139,calls.csv
+919833966966,+919899639081,2026-08-13T08:00:00Z,310,calls.csv
+919854585178,+919843491314,2026-08-14T08:00:00Z,395,calls.csv
+919845594597,+919854318698,2026-08-04T08:00:00Z,335,calls.csv
+919823796726,+919815957459,2026-08-12T08:00:00Z,426,calls.csv
+919844188276,+919830743797,2026-08-07T08:00:00Z,486,calls.csv
+919895511909,+919830863865,2026-08-10T08:00:00Z,13,calls.csv
+919852169044,+919839920292,2026-08-01T08:00:00Z,59,calls.csv
+919843308443,+919815957459,2026-08-14T08:00:00Z,278,calls.csv
+919815197528,+919884437458,2026-08-10T08:00:00Z,385,calls.csv
+919848250360,+919852169044,2026-08-06T08:00:00Z,201,calls.csv
+919882160068,+919896637649,2026-08-05T08:00:00Z,111,calls.csv
+919819832887,+919815334035,2026-08-04T08:00:00Z,240,calls.csv
+919863481198,+919847135391,2026-08-06T08:00:00Z,112,calls.csv
+919811049999,+919895511909,2026-08-06T08:00:00Z,424,calls.csv
+919893131979,+919819317495,2026-08-09T08:00:00Z,471,calls.csv
+919883227889,+919850603163,2026-08-04T08:00:00Z,454,calls.csv
+919885563727,+919860888017,2026-08-03T08:00:00Z,160,calls.csv
+919879782527,+919835921441,2026-08-04T08:00:00Z,151,calls.csv
+919819391725,+919887925434,2026-08-01T08:00:00Z,309,calls.csv
+919845496015,+919898231132,2026-08-16T08:00:00Z,354,calls.csv
+919893131979,+919847463522,2026-08-01T08:00:00Z,41,calls.csv
+919830743797,+919882269803,2026-08-01T08:00:00Z,350,calls.csv
+919833357554,+919871780854,2026-08-04T08:00:00Z,118,calls.csv
+919827778019,+919866431351,2026-08-13T08:00:00Z,318,calls.csv
+919827778019,+919893131979,2026-08-09T08:00:00Z,487,calls.csv
+919819832887,+919868571795,2026-08-11T08:00:00Z,319,calls.csv
+919815134794,+919877898694,2026-08-12T08:00:00Z,359,calls.csv
+919887925434,+919836445607,2026-08-08T08:00:00Z,491,calls.csv
+919813176186,+919845159040,2026-08-13T08:00:00Z,203,calls.csv
+919891363974,+919896098221,2026-08-12T08:00:00Z,457,calls.csv
+919835511941,+919847463522,2026-08-01T08:00:00Z,243,calls.csv
+919851373735,+919825480907,2026-08-05T08:00:00Z,23,calls.csv
+919890070438,+919885146293,2026-08-09T08:00:00Z,496,calls.csv
+919899508850,+919882269803,2026-08-08T08:00:00Z,198,calls.csv
+919869302158,+919895132217,2026-08-16T08:00:00Z,273,calls.csv
+919829876811,+919824549543,2026-08-07T08:00:00Z,11,calls.csv
+919833763566,+919821003626,2026-08-01T08:00:00Z,334,calls.csv
+919813176186,+919813326769,2026-08-11T08:00:00Z,357,calls.csv
+919830005727,+919842035886,2026-08-16T08:00:00Z,214,calls.csv
+919852462441,+919891363974,2026-08-03T08:00:00Z,188,calls.csv
+919815134794,+919868571795,2026-08-04T08:00:00Z,385,calls.csv
+919840547349,+919875569635,2026-08-07T08:00:00Z,374,calls.csv
+919844188276,+919827778019,2026-08-02T08:00:00Z,75,calls.csv
+919891178885,+919854318698,2026-08-10T08:00:00Z,436,calls.csv
+919863643924,+919854446182,2026-08-15T08:00:00Z,96,calls.csv
+919839854548,+919853779528,2026-08-16T08:00:00Z,349,calls.csv
+919811297845,+919888183110,2026-08-08T08:00:00Z,118,calls.csv
+919852169044,+919882269803,2026-08-03T08:00:00Z,64,calls.csv
+919897775215,+919825492573,2026-08-01T08:00:00Z,92,calls.csv
+919893370583,+919840547349,2026-08-09T08:00:00Z,122,calls.csv
+919884045292,+919811250299,2026-08-16T08:00:00Z,497,calls.csv
+919858884978,+919885146293,2026-08-05T08:00:00Z,482,calls.csv
+919813704481,+919885563727,2026-08-16T08:00:00Z,56,calls.csv
+919833966966,+919856930359,2026-08-08T08:00:00Z,487,calls.csv
+919895125977,+919864009265,2026-08-03T08:00:00Z,339,calls.csv
+919887925434,+919835921441,2026-08-13T08:00:00Z,344,calls.csv
+919850308572,+919859555330,2026-08-14T08:00:00Z,423,calls.csv
+919842035886,+919842787299,2026-08-09T08:00:00Z,69,calls.csv
+919845431319,+919854318698,2026-08-04T08:00:00Z,55,calls.csv
+919887925434,+919852462441,2026-08-07T08:00:00Z,391,calls.csv
+919853779528,+919823796726,2026-08-12T08:00:00Z,75,calls.csv
+919836445607,+919819233013,2026-08-01T08:00:00Z,169,calls.csv
+919811049999,+919814835614,2026-08-07T08:00:00Z,443,calls.csv
+919845630292,+919857469942,2026-08-11T08:00:00Z,404,calls.csv
+919878371272,+919819736572,2026-08-05T08:00:00Z,276,calls.csv
+919824549543,+919890070438,2026-08-08T08:00:00Z,64,calls.csv
+919830863865,+919815354599,2026-08-15T08:00:00Z,171,calls.csv
+919861343880,+919875569635,2026-08-08T08:00:00Z,265,calls.csv
+919831172421,+919864813568,2026-08-05T08:00:00Z,317,calls.csv
+919850962024,+919861343880,2026-08-02T08:00:00Z,316,calls.csv
+919899913412,+919835748341,2026-08-04T08:00:00Z,150,calls.csv
+919896637649,+919823796726,2026-08-16T08:00:00Z,333,calls.csv
+919899038359,+919854058573,2026-08-10T08:00:00Z,370,calls.csv
+919835921441,+919811049999,2026-08-11T08:00:00Z,88,calls.csv
+919825492573,+919877834855,2026-08-08T08:00:00Z,368,calls.csv
+919810226999,+919873174945,2026-08-06T08:00:00Z,448,calls.csv
+919819832887,+919845594597,2026-08-13T08:00:00Z,163,calls.csv
+919841774346,+919885283645,2026-08-01T08:00:00Z,290,calls.csv
+919889795010,+919877898694,2026-08-14T08:00:00Z,357,calls.csv
+919868571795,+919884252420,2026-08-13T08:00:00Z,210,calls.csv
+919847816686,+919866851377,2026-08-10T08:00:00Z,154,calls.csv
+919851373735,+919819317495,2026-08-13T08:00:00Z,59,calls.csv
+919886384014,+919821003626,2026-08-02T08:00:00Z,445,calls.csv
+919825015458,+919899639081,2026-08-15T08:00:00Z,345,calls.csv
+919899245317,+919895125977,2026-08-05T08:00:00Z,236,calls.csv
+919851373735,+919834073380,2026-08-10T08:00:00Z,469,calls.csv
+919861343880,+919877834855,2026-08-07T08:00:00Z,421,calls.csv
+919895511909,+919865337219,2026-08-01T08:00:00Z,195,calls.csv
+919885863473,+919895125977,2026-08-04T08:00:00Z,357,calls.csv
+919861343880,+919835921441,2026-08-14T08:00:00Z,357,calls.csv
+919852169044,+919896098221,2026-08-04T08:00:00Z,192,calls.csv
+919868571795,+919837415205,2026-08-02T08:00:00Z,70,calls.csv
+919827558317,+919867403166,2026-08-11T08:00:00Z,313,calls.csv
+919897775215,+919852133044,2026-08-13T08:00:00Z,135,calls.csv
+919859597086,+919854769200,2026-08-08T08:00:00Z,213,calls.csv
+919839920292,+919899639081,2026-08-06T08:00:00Z,344,calls.csv
+919880993218,+919835921441,2026-08-03T08:00:00Z,408,calls.csv
+919851511484,+919867403166,2026-08-13T08:00:00Z,150,calls.csv
+919867684996,+919884437458,2026-08-15T08:00:00Z,198,calls.csv
+919815354599,+919854769200,2026-08-04T08:00:00Z,52,calls.csv
+919885146293,+919839920292,2026-08-08T08:00:00Z,21,calls.csv
+919868812137,+919823796726,2026-08-16T08:00:00Z,150,calls.csv
+919833966966,+919880993218,2026-08-04T08:00:00Z,416,calls.csv
+919814835614,+919815334035,2026-08-13T08:00:00Z,257,calls.csv
+919815917225,+919899508850,2026-08-14T08:00:00Z,162,calls.csv
+919823796726,+919827566185,2026-08-04T08:00:00Z,176,calls.csv
+919819391725,+919882909480,2026-08-06T08:00:00Z,217,calls.csv
+919899508850,+919815614174,2026-08-13T08:00:00Z,294,calls.csv
+919871510041,+919866851377,2026-08-16T08:00:00Z,42,calls.csv
+919827084279,+919833357554,2026-08-04T08:00:00Z,395,calls.csv
+919882269803,+919877834855,2026-08-04T08:00:00Z,102,calls.csv
+919899038526,+919833966966,2026-08-06T08:00:00Z,12,calls.csv
+919810475894,+919839854548,2026-08-11T08:00:00Z,72,calls.csv
+919871780854,+919827566185,2026-08-07T08:00:00Z,344,calls.csv
+919899245317,+919854318698,2026-08-09T08:00:00Z,445,calls.csv
+919882269803,+919859597086,2026-08-03T08:00:00Z,73,calls.csv
+919861700055,+919899514287,2026-08-12T08:00:00Z,288,calls.csv
+919852169044,+919857469942,2026-08-01T08:00:00Z,137,calls.csv
+919899514287,+919813326769,2026-08-10T08:00:00Z,347,calls.csv
+919813704481,+919830005727,2026-08-05T08:00:00Z,305,calls.csv
+919839920292,+919833966966,2026-08-11T08:00:00Z,277,calls.csv
+919836786211,+919826726926,2026-08-07T08:00:00Z,362,calls.csv
+919847463522,+919824549543,2026-08-02T08:00:00Z,131,calls.csv
+919858024342,+919844999379,2026-08-05T08:00:00Z,163,calls.csv
+919899038359,+919845650176,2026-08-07T08:00:00Z,312,calls.csv
+919820099059,+919824366125,2026-08-05T08:00:00Z,383,calls.csv
+919838195995,+919857469942,2026-08-03T08:00:00Z,291,calls.csv
+919811250299,+919884158663,2026-08-13T08:00:00Z,342,calls.csv
+919899245317,+919825480907,2026-08-15T08:00:00Z,52,calls.csv
+919811250299,+919819736572,2026-08-14T08:00:00Z,491,calls.csv
+919833966966,+919844188276,2026-08-07T08:00:00Z,46,calls.csv
+919867684996,+919843491314,2026-08-09T08:00:00Z,334,calls.csv
+919851373735,+919815917225,2026-08-07T08:00:00Z,375,calls.csv
+919893303777,+919850181935,2026-08-06T08:00:00Z,224,calls.csv
+919865259205,+919836445607,2026-08-14T08:00:00Z,204,calls.csv
+919845059710,+919890070438,2026-08-08T08:00:00Z,49,calls.csv
+919831367172,+919885146293,2026-08-04T08:00:00Z,360,calls.csv
+919854446182,+919883227889,2026-08-03T08:00:00Z,178,calls.csv
+919833763566,+919854318698,2026-08-12T08:00:00Z,475,calls.csv
+919856930359,+919863121477,2026-08-09T08:00:00Z,84,calls.csv
+919842787299,+919858942697,2026-08-01T08:00:00Z,60,calls.csv
+919835921441,+919884411983,2026-08-13T08:00:00Z,497,calls.csv
+919881969657,+919885146293,2026-08-06T08:00:00Z,279,calls.csv
+919845594597,+919854585178,2026-08-16T08:00:00Z,58,calls.csv
+919866851377,+919884252420,2026-08-10T08:00:00Z,292,calls.csv
+919831367172,+919826726926,2026-08-04T08:00:00Z,469,calls.csv
+919888339168,+919852169044,2026-08-11T08:00:00Z,494,calls.csv
+919882269803,+919845630292,2026-08-06T08:00:00Z,186,calls.csv
+919852462441,+919819736572,2026-08-13T08:00:00Z,254,calls.csv
+919814835614,+919827566185,2026-08-09T08:00:00Z,14,calls.csv
+919868526649,+919827558317,2026-08-05T08:00:00Z,346,calls.csv
+919827566185,+919844188276,2026-08-13T08:00:00Z,300,calls.csv
+919810226999,+919830743797,2026-08-02T08:00:00Z,480,calls.csv
+919885863473,+919833763566,2026-08-12T08:00:00Z,372,calls.csv
+919863121477,+919857130035,2026-08-14T08:00:00Z,371,calls.csv
+919849682169,+919815334035,2026-08-15T08:00:00Z,191,calls.csv
+919856843172,+919899152472,2026-08-10T08:00:00Z,151,calls.csv
+919815134794,+919827778019,2026-08-08T08:00:00Z,166,calls.csv
+919885563727,+919854318698,2026-08-10T08:00:00Z,218,calls.csv
+919846553958,+919836445607,2026-08-03T08:00:00Z,334,calls.csv
+919831687165,+919838609087,2026-08-08T08:00:00Z,493,calls.csv
+919867887757,+919860888017,2026-08-02T08:00:00Z,53,calls.csv
+919880993218,+919847393469,2026-08-16T08:00:00Z,423,calls.csv
+919815354599,+919857469942,2026-08-05T08:00:00Z,255,calls.csv
+919891178885,+919827558317,2026-08-04T08:00:00Z,217,calls.csv
+919822388090,+919871367643,2026-08-07T08:00:00Z,476,calls.csv
+919880993218,+919866431351,2026-08-14T08:00:00Z,369,calls.csv
+919813704481,+919895511909,2026-08-12T08:00:00Z,135,calls.csv
+919852462441,+919824549543,2026-08-02T08:00:00Z,320,calls.csv
+919839854548,+919852169044,2026-08-08T08:00:00Z,99,calls.csv
+919838609087,+919878371272,2026-08-05T08:00:00Z,273,calls.csv
+919836786211,+919873174945,2026-08-14T08:00:00Z,263,calls.csv
+919819233013,+919852169044,2026-08-12T08:00:00Z,67,calls.csv
+919877898694,+919819736572,2026-08-08T08:00:00Z,435,calls.csv
+919811297845,+919864009265,2026-08-04T08:00:00Z,158,calls.csv
+919899514287,+919834073380,2026-08-10T08:00:00Z,145,calls.csv
+919847135391,+919852436584,2026-08-13T08:00:00Z,121,calls.csv
+919854585178,+919850308572,2026-08-02T08:00:00Z,488,calls.csv
+919851511484,+919895132217,2026-08-16T08:00:00Z,39,calls.csv
+919820099059,+919866431351,2026-08-15T08:00:00Z,178,calls.csv
+919899514287,+919836786211,2026-08-04T08:00:00Z,12,calls.csv
+919884252420,+919884045292,2026-08-06T08:00:00Z,215,calls.csv
+919836786211,+919815354599,2026-08-04T08:00:00Z,230,calls.csv
+919839920292,+919865337219,2026-08-03T08:00:00Z,280,calls.csv
+919827558317,+919865259205,2026-08-14T08:00:00Z,73,calls.csv
+919819832887,+919866431351,2026-08-05T08:00:00Z,403,calls.csv
+919841774346,+919878064830,2026-08-08T08:00:00Z,250,calls.csv
+919830863865,+919893303777,2026-08-10T08:00:00Z,196,calls.csv
+919815134794,+919815334035,2026-08-09T08:00:00Z,65,calls.csv
+919850603163,+919841774346,2026-08-15T08:00:00Z,92,calls.csv
+919823903144,+919836786211,2026-08-14T08:00:00Z,12,calls.csv
+919820099059,+919825015458,2026-08-07T08:00:00Z,66,calls.csv
+919844999379,+919850962024,2026-08-02T08:00:00Z,78,calls.csv
+919830863865,+919831810617,2026-08-11T08:00:00Z,471,calls.csv
+919859597086,+919899245317,2026-08-07T08:00:00Z,495,calls.csv
+919898231132,+919845159040,2026-08-09T08:00:00Z,70,calls.csv
+919831810617,+919839920292,2026-08-16T08:00:00Z,419,calls.csv
+919831172421,+919882909480,2026-08-05T08:00:00Z,176,calls.csv
+919882269803,+919837326368,2026-08-13T08:00:00Z,266,calls.csv
+919885863473,+919852462441,2026-08-13T08:00:00Z,77,calls.csv
+919824508349,+919880166708,2026-08-01T08:00:00Z,74,calls.csv
+919865259205,+919823419256,2026-08-01T08:00:00Z,402,calls.csv
+919868526649,+919845496015,2026-08-02T08:00:00Z,357,calls.csv
+919887925434,+919815134794,2026-08-01T08:00:00Z,232,calls.csv
+919898231132,+919845431319,2026-08-10T08:00:00Z,258,calls.csv
+919879782527,+919893131979,2026-08-14T08:00:00Z,136,calls.csv
+919895132217,+919865259205,2026-08-06T08:00:00Z,137,calls.csv
+919824366125,+919864009265,2026-08-04T08:00:00Z,452,calls.csv
+919892097999,+919899508850,2026-08-08T08:00:00Z,351,calls.csv
+919815134794,+919865337219,2026-08-16T08:00:00Z,371,calls.csv
+919881969657,+919899508850,2026-08-06T08:00:00Z,106,calls.csv
+919814835614,+919867684996,2026-08-05T08:00:00Z,127,calls.csv
+919854769200,+919886384014,2026-08-13T08:00:00Z,29,calls.csv
+919858942697,+919819317495,2026-08-05T08:00:00Z,228,calls.csv
+919864543049,+919871367643,2026-08-07T08:00:00Z,56,calls.csv
+919873174945,+919819233013,2026-08-14T08:00:00Z,278,calls.csv
+919854585178,+919899508850,2026-08-08T08:00:00Z,123,calls.csv
+919877898694,+919815134794,2026-08-16T08:00:00Z,41,calls.csv
+919856397338,+919815134794,2026-08-02T08:00:00Z,165,calls.csv
+919824508349,+919830743797,2026-08-12T08:00:00Z,153,calls.csv
+919884252420,+919882909480,2026-08-14T08:00:00Z,136,calls.csv
+919899913412,+919888339168,2026-08-06T08:00:00Z,30,calls.csv
+919852436584,+919873174945,2026-08-11T08:00:00Z,118,calls.csv
+919847393469,+919850264926,2026-08-09T08:00:00Z,475,calls.csv
+919826726926,+919847463522,2026-08-14T08:00:00Z,104,calls.csv
+919878064830,+919839920292,2026-08-12T08:00:00Z,181,calls.csv
+919899639081,+919824508349,2026-08-04T08:00:00Z,352,calls.csv
+919822388090,+919831172421,2026-08-05T08:00:00Z,179,calls.csv
+919813176186,+919852462441,2026-08-12T08:00:00Z,390,calls.csv
+919863121477,+919868812137,2026-08-12T08:00:00Z,131,calls.csv
+919867403166,+919858942697,2026-08-07T08:00:00Z,309,calls.csv
+919840547349,+919854318698,2026-08-04T08:00:00Z,76,calls.csv
+919867684996,+919880993218,2026-08-04T08:00:00Z,31,calls.csv
+919868812137,+919884437458,2026-08-07T08:00:00Z,108,calls.csv
+919896637649,+919839854548,2026-08-04T08:00:00Z,48,calls.csv
+919816818112,+919895132217,2026-08-11T08:00:00Z,164,calls.csv
+919885863473,+919868571795,2026-08-07T08:00:00Z,283,calls.csv
+919884045292,+919865259205,2026-08-02T08:00:00Z,75,calls.csv
+919819317495,+919831810617,2026-08-09T08:00:00Z,466,calls.csv
+919893131979,+919859555330,2026-08-12T08:00:00Z,468,calls.csv
+919878371272,+919839854548,2026-08-04T08:00:00Z,476,calls.csv
+919897775215,+919843308443,2026-08-16T08:00:00Z,224,calls.csv
+919856020613,+919899152472,2026-08-01T08:00:00Z,95,calls.csv
+919899038526,+919858942697,2026-08-05T08:00:00Z,158,calls.csv
+919813326769,+919850181935,2026-08-02T08:00:00Z,416,calls.csv
+919833966966,+919844999379,2026-08-13T08:00:00Z,263,calls.csv
+919868526649,+919813704481,2026-08-03T08:00:00Z,94,calls.csv
+919850603163,+919882269803,2026-08-13T08:00:00Z,297,calls.csv
+919863121477,+919845630292,2026-08-13T08:00:00Z,320,calls.csv
+919831367172,+919893638503,2026-08-06T08:00:00Z,11,calls.csv
+919885283645,+919823796726,2026-08-07T08:00:00Z,313,calls.csv
+919851373735,+919815354599,2026-08-15T08:00:00Z,267,calls.csv
+919825015458,+919884045292,2026-08-09T08:00:00Z,165,calls.csv
+919884411983,+919875569635,2026-08-09T08:00:00Z,292,calls.csv
+919854769200,+919852169044,2026-08-08T08:00:00Z,33,calls.csv
+919813704481,+919845496015,2026-08-10T08:00:00Z,30,calls.csv
+919833763566,+919861343880,2026-08-09T08:00:00Z,484,calls.csv
+919845650176,+919831367172,2026-08-02T08:00:00Z,338,calls.csv
+919857130035,+919877834855,2026-08-04T08:00:00Z,10,calls.csv
+919867403166,+919823419256,2026-08-12T08:00:00Z,176,calls.csv
+919879782527,+919896637649,2026-08-09T08:00:00Z,379,calls.csv
+919845650176,+919883227889,2026-08-10T08:00:00Z,176,calls.csv
+919896098221,+919866267415,2026-08-01T08:00:00Z,431,calls.csv
+919820099059,+919884411983,2026-08-09T08:00:00Z,100,calls.csv
+919811250299,+919864543049,2026-08-04T08:00:00Z,379,calls.csv
+919880993218,+919852101056,2026-08-13T08:00:00Z,494,calls.csv
+919884437458,+919811250299,2026-08-07T08:00:00Z,428,calls.csv
+919830005727,+919884411983,2026-08-11T08:00:00Z,147,calls.csv
+919893638503,+919843704923,2026-08-13T08:00:00Z,89,calls.csv
+919839854548,+919842035886,2026-08-14T08:00:00Z,198,calls.csv
+919861343880,+919898231132,2026-08-03T08:00:00Z,263,calls.csv
+919815334035,+919849682169,2026-08-06T08:00:00Z,427,calls.csv
+919837415205,+919844999379,2026-08-16T08:00:00Z,492,calls.csv
+919845594597,+919815334035,2026-08-10T08:00:00Z,20,calls.csv
+919835748341,+919899245317,2026-08-06T08:00:00Z,428,calls.csv
+919889795010,+919868526649,2026-08-07T08:00:00Z,45,calls.csv
+919844188276,+919847816686,2026-08-14T08:00:00Z,135,calls.csv
+919864813568,+919815917225,2026-08-13T08:00:00Z,61,calls.csv
+919885863473,+919856020613,2026-08-05T08:00:00Z,382,calls.csv
+919882269803,+919822388090,2026-08-04T08:00:00Z,203,calls.csv
+919840547349,+919815614174,2026-08-04T08:00:00Z,433,calls.csv
+919822388090,+919837326368,2026-08-02T08:00:00Z,77,calls.csv
+919857130035,+919846553958,2026-08-03T08:00:00Z,147,calls.csv
+919844188276,+919866267415,2026-08-01T08:00:00Z,415,calls.csv
+919815354599,+919880166708,2026-08-11T08:00:00Z,446,calls.csv
+919825015458,+919879782527,2026-08-07T08:00:00Z,81,calls.csv
+919898231132,+919893131979,2026-08-15T08:00:00Z,427,calls.csv
+919899245317,+919854585178,2026-08-11T08:00:00Z,255,calls.csv
+919865259205,+919878642041,2026-08-02T08:00:00Z,288,calls.csv
+919833966966,+919830743797,2026-08-04T08:00:00Z,20,calls.csv
+919813326769,+919881969657,2026-08-10T08:00:00Z,62,calls.csv
+919856397338,+919815197528,2026-08-05T08:00:00Z,10,calls.csv
+919842787299,+919845059710,2026-08-08T08:00:00Z,228,calls.csv
+919840547349,+919861343880,2026-08-12T08:00:00Z,345,calls.csv
+919847393469,+919842787299,2026-08-13T08:00:00Z,361,calls.csv
+919825492573,+919824508349,2026-08-16T08:00:00Z,96,calls.csv
+919824508349,+919842787299,2026-08-04T08:00:00Z,499,calls.csv
+919850962024,+919820099059,2026-08-03T08:00:00Z,325,calls.csv
+919856930359,+919854769200,2026-08-12T08:00:00Z,482,calls.csv
+919879782527,+919813326769,2026-08-05T08:00:00Z,101,calls.csv
+919815134794,+919866851377,2026-08-11T08:00:00Z,317,calls.csv
+919815334035,+919819736572,2026-08-14T08:00:00Z,86,calls.csv
+919845159040,+919868526649,2026-08-10T08:00:00Z,329,calls.csv
+919847393469,+919884252420,2026-08-04T08:00:00Z,148,calls.csv
+919891178885,+919824549543,2026-08-12T08:00:00Z,487,calls.csv
+919892097999,+919882909480,2026-08-03T08:00:00Z,413,calls.csv
+919852436584,+919852133044,2026-08-05T08:00:00Z,173,calls.csv
+919861343880,+919845630292,2026-08-15T08:00:00Z,379,calls.csv
+919898231132,+919843308443,2026-08-04T08:00:00Z,305,calls.csv
+919815134794,+919845594597,2026-08-09T08:00:00Z,84,calls.csv
+919867887757,+919821003626,2026-08-05T08:00:00Z,103,calls.csv
+919864009265,+919840547349,2026-08-12T08:00:00Z,173,calls.csv
+919854058573,+919857469942,2026-08-16T08:00:00Z,365,calls.csv
+919829876811,+919890070438,2026-08-11T08:00:00Z,80,calls.csv
+919884437458,+919878642041,2026-08-13T08:00:00Z,224,calls.csv
+919854446182,+919891178885,2026-08-16T08:00:00Z,282,calls.csv
+919871510041,+919899889098,2026-08-13T08:00:00Z,52,calls.csv
+919843704923,+919825492573,2026-08-14T08:00:00Z,279,calls.csv
+919895125977,+919815957459,2026-08-08T08:00:00Z,369,calls.csv
+919854318698,+919845496015,2026-08-12T08:00:00Z,11,calls.csv
+919893638503,+919864543049,2026-08-12T08:00:00Z,295,calls.csv
+919868571795,+919845650176,2026-08-04T08:00:00Z,40,calls.csv
+919884252420,+919813176186,2026-08-05T08:00:00Z,160,calls.csv
+919849682169,+919844188276,2026-08-14T08:00:00Z,134,calls.csv
+919877834855,+919842787299,2026-08-02T08:00:00Z,392,calls.csv
+919823903144,+919854769200,2026-08-05T08:00:00Z,203,calls.csv
+919843491314,+919845059710,2026-08-14T08:00:00Z,200,calls.csv
+919873174945,+919899508850,2026-08-04T08:00:00Z,349,calls.csv
+919843704923,+919847816686,2026-08-16T08:00:00Z,438,calls.csv
+919898588154,+919885283645,2026-08-01T08:00:00Z,85,calls.csv
+919878371272,+919844188276,2026-08-03T08:00:00Z,135,calls.csv
+919838609087,+919822388090,2026-08-14T08:00:00Z,86,calls.csv
+919837326368,+919815334035,2026-08-16T08:00:00Z,390,calls.csv
+919823903144,+919895511909,2026-08-10T08:00:00Z,250,calls.csv
+919829876811,+919884045292,2026-08-11T08:00:00Z,237,calls.csv
+919815917225,+919833966966,2026-08-01T08:00:00Z,156,calls.csv
+919824508349,+919865259205,2026-08-02T08:00:00Z,461,calls.csv
+919850308572,+919859597086,2026-08-06T08:00:00Z,267,calls.csv
+919899245317,+919815354599,2026-08-13T08:00:00Z,436,calls.csv
+919857469942,+919831172421,2026-08-15T08:00:00Z,293,calls.csv
+919882909480,+919884158663,2026-08-10T08:00:00Z,373,calls.csv
+919899889098,+919857469942,2026-08-06T08:00:00Z,149,calls.csv
+919867887757,+919827778019,2026-08-13T08:00:00Z,496,calls.csv
+919827566185,+919880993218,2026-08-07T08:00:00Z,215,calls.csv
+919895132217,+919896098221,2026-08-08T08:00:00Z,210,calls.csv
+919882160068,+919880993218,2026-08-03T08:00:00Z,428,calls.csv
+919833966966,+919856843172,2026-08-16T08:00:00Z,170,calls.csv
+919884437458,+919850308572,2026-08-13T08:00:00Z,433,calls.csv
+919819233013,+919860888017,2026-08-02T08:00:00Z,421,calls.csv
+919893303777,+919815917225,2026-08-14T08:00:00Z,109,calls.csv
+919831367172,+919880166708,2026-08-04T08:00:00Z,49,calls.csv
+919813176186,+919890070438,2026-08-11T08:00:00Z,24,calls.csv
+919888183110,+919850962024,2026-08-06T08:00:00Z,287,calls.csv
+919880166708,+919819391725,2026-08-07T08:00:00Z,315,calls.csv
+919815354599,+919838270233,2026-08-10T08:00:00Z,106,calls.csv
+919828024248,+919892613013,2026-08-02T08:00:00Z,133,calls.csv
+919830743797,+919879782527,2026-08-02T08:00:00Z,298,calls.csv
+919834073380,+919813326769,2026-08-02T08:00:00Z,171,calls.csv
+919867887757,+919835748341,2026-08-01T08:00:00Z,192,calls.csv
+919882269803,+919850962024,2026-08-13T08:00:00Z,266,calls.csv
+919819317495,+919836445607,2026-08-13T08:00:00Z,381,calls.csv
+919820099059,+919886384014,2026-08-04T08:00:00Z,179,calls.csv
+919883227889,+919852462441,2026-08-04T08:00:00Z,267,calls.csv
+919815957459,+919852133044,2026-08-01T08:00:00Z,310,calls.csv
+919819233013,+919898231132,2026-08-02T08:00:00Z,158,calls.csv
+919899245317,+919852133044,2026-08-15T08:00:00Z,50,calls.csv
+919866267415,+919867887757,2026-08-08T08:00:00Z,462,calls.csv
+919899038359,+919831172421,2026-08-05T08:00:00Z,403,calls.csv
+919825492573,+919899245317,2026-08-11T08:00:00Z,239,calls.csv
+919886384014,+919877898694,2026-08-10T08:00:00Z,194,calls.csv
+919838195995,+919848250360,2026-08-02T08:00:00Z,466,calls.csv
+919882909480,+919815957459,2026-08-13T08:00:00Z,132,calls.csv
+919877834855,+919891363974,2026-08-03T08:00:00Z,500,calls.csv
+919865259205,+919863481198,2026-08-16T08:00:00Z,59,calls.csv
+919822388090,+919844188276,2026-08-10T08:00:00Z,290,calls.csv
+919854318698,+919891178885,2026-08-04T08:00:00Z,242,calls.csv
+919836445607,+919852169044,2026-08-10T08:00:00Z,92,calls.csv
+919843308443,+919824366125,2026-08-12T08:00:00Z,190,calls.csv
+919854318698,+919847816686,2026-08-06T08:00:00Z,373,calls.csv
+919846553958,+919849682169,2026-08-09T08:00:00Z,252,calls.csv
+919811250299,+919837326368,2026-08-15T08:00:00Z,342,calls.csv
+919823903144,+919885146293,2026-08-16T08:00:00Z,30,calls.csv
+919878371272,+919847393469,2026-08-13T08:00:00Z,219,calls.csv
+919895132217,+919831172421,2026-08-05T08:00:00Z,235,calls.csv
+919878371272,+919827558317,2026-08-11T08:00:00Z,201,calls.csv
+919879782527,+919831172421,2026-08-14T08:00:00Z,269,calls.csv
+919869302158,+919892097999,2026-08-02T08:00:00Z,327,calls.csv
+919850308572,+919896098221,2026-08-08T08:00:00Z,368,calls.csv
+919859555330,+919815354599,2026-08-05T08:00:00Z,446,calls.csv
+919881969657,+919845431319,2026-08-13T08:00:00Z,91,calls.csv
+919863481198,+919825480907,2026-08-03T08:00:00Z,124,calls.csv
+919845630292,+919851511484,2026-08-03T08:00:00Z,188,calls.csv
+919850308572,+919813704481,2026-08-15T08:00:00Z,65,calls.csv
+919879782527,+919815334035,2026-08-04T08:00:00Z,479,calls.csv
+919830863865,+919864009265,2026-08-14T08:00:00Z,112,calls.csv
+919825480907,+919835511941,2026-08-03T08:00:00Z,172,calls.csv
+919887925434,+919890070438,2026-08-16T08:00:00Z,118,calls.csv
+919899508850,+919852462441,2026-08-16T08:00:00Z,68,calls.csv
+919824366125,+919864813568,2026-08-02T08:00:00Z,289,calls.csv
+919865259205,+919850264926,2026-08-05T08:00:00Z,337,calls.csv
+919847135391,+919899913412,2026-08-02T08:00:00Z,317,calls.csv
+919815957459,+919819233013,2026-08-02T08:00:00Z,489,calls.csv
+919813176186,+919848250360,2026-08-16T08:00:00Z,119,calls.csv
+919873174945,+919847135391,2026-08-01T08:00:00Z,497,calls.csv
+919893131979,+919868526649,2026-08-14T08:00:00Z,148,calls.csv
+919878064830,+919885563727,2026-08-06T08:00:00Z,52,calls.csv
+919844188276,+919843308443,2026-08-09T08:00:00Z,217,calls.csv
+919831687165,+919899514287,2026-08-15T08:00:00Z,456,calls.csv
+919831810617,+919856020613,2026-08-07T08:00:00Z,352,calls.csv
+919884158663,+919882160068,2026-08-02T08:00:00Z,57,calls.csv
+919815134794,+919887925434,2026-08-10T08:00:00Z,94,calls.csv
+919865337219,+919884252420,2026-08-14T08:00:00Z,256,calls.csv
+919868571795,+919871510041,2026-08-06T08:00:00Z,366,calls.csv
+919897775215,+919836786211,2026-08-13T08:00:00Z,431,calls.csv
+919815354599,+919859555330,2026-08-07T08:00:00Z,49,calls.csv
+919885863473,+919845159040,2026-08-05T08:00:00Z,175,calls.csv
+919845159040,+919843491314,2026-08-11T08:00:00Z,17,calls.csv
+919852133044,+919849682169,2026-08-05T08:00:00Z,265,calls.csv
+919899913412,+919853779528,2026-08-14T08:00:00Z,144,calls.csv
+919827778019,+919884045292,2026-08-01T08:00:00Z,240,calls.csv
+919827566185,+919885563727,2026-08-15T08:00:00Z,337,calls.csv
+919843704923,+919887388337,2026-08-02T08:00:00Z,121,calls.csv
+919880993218,+919844999379,2026-08-14T08:00:00Z,366,calls.csv
+919816818112,+919815957459,2026-08-06T08:00:00Z,317,calls.csv
+919835921441,+919899038359,2026-08-12T08:00:00Z,117,calls.csv
+919844999379,+919819736572,2026-08-01T08:00:00Z,199,calls.csv
+919878371272,+919864543049,2026-08-10T08:00:00Z,469,calls.csv
+919854585178,+919899152472,2026-08-04T08:00:00Z,368,calls.csv
+919891178885,+919867403166,2026-08-15T08:00:00Z,221,calls.csv
+919829876811,+919836786211,2026-08-12T08:00:00Z,434,calls.csv
+919811297845,+919815134794,2026-08-11T08:00:00Z,68,calls.csv
+919837415205,+919849682169,2026-08-14T08:00:00Z,201,calls.csv
+919837415205,+919828024248,2026-08-06T08:00:00Z,287,calls.csv
+919897775215,+919819233013,2026-08-10T08:00:00Z,442,calls.csv
+919841774346,+919852101056,2026-08-14T08:00:00Z,334,calls.csv
+919850962024,+919899508850,2026-08-04T08:00:00Z,54,calls.csv
+919881969657,+919854318698,2026-08-01T08:00:00Z,325,calls.csv
+919829876811,+919881969657,2026-08-16T08:00:00Z,393,calls.csv
+919882269803,+919838195995,2026-08-04T08:00:00Z,334,calls.csv
+919830005727,+919899152472,2026-08-02T08:00:00Z,351,calls.csv
+919845431319,+919831810617,2026-08-07T08:00:00Z,124,calls.csv
+919815957459,+919864813568,2026-08-13T08:00:00Z,68,calls.csv
+919865337219,+919850264926,2026-08-04T08:00:00Z,189,calls.csv
+919851511484,+919829876811,2026-08-13T08:00:00Z,13,calls.csv
+919893303777,+919842787299,2026-08-10T08:00:00Z,147,calls.csv
+919841774346,+919892097999,2026-08-10T08:00:00Z,439,calls.csv
+919815197528,+919863643924,2026-08-08T08:00:00Z,12,calls.csv
+919815197528,+919859597086,2026-08-01T08:00:00Z,23,calls.csv
+919865259205,+919893303777,2026-08-11T08:00:00Z,181,calls.csv
+919852169044,+919823796726,2026-08-14T08:00:00Z,133,calls.csv
+919810475894,+919889795010,2026-08-07T08:00:00Z,325,calls.csv
+919850308572,+919889795010,2026-08-02T08:00:00Z,420,calls.csv
+919895125977,+919815134794,2026-08-05T08:00:00Z,490,calls.csv
+919885563727,+919845630292,2026-08-06T08:00:00Z,216,calls.csv
+919899913412,+919827084279,2026-08-06T08:00:00Z,233,calls.csv
+919842035886,+919847463522,2026-08-05T08:00:00Z,268,calls.csv
+919854769200,+919867684996,2026-08-13T08:00:00Z,441,calls.csv
+919837326368,+919866267415,2026-08-09T08:00:00Z,438,calls.csv
+919828024248,+919885283645,2026-08-11T08:00:00Z,114,calls.csv
+919845059710,+919897775215,2026-08-01T08:00:00Z,331,calls.csv
+919846553958,+919814835614,2026-08-05T08:00:00Z,24,calls.csv
+919895132217,+919825015458,2026-08-03T08:00:00Z,302,calls.csv
+919819233013,+919845059710,2026-08-05T08:00:00Z,242,calls.csv
+919885563727,+919867684996,2026-08-12T08:00:00Z,105,calls.csv
+919888183110,+919884437458,2026-08-08T08:00:00Z,162,calls.csv
+919819317495,+919871510041,2026-08-08T08:00:00Z,381,calls.csv
+919863121477,+919835921441,2026-08-09T08:00:00Z,347,calls.csv
+919873174945,+919858942697,2026-08-03T08:00:00Z,488,calls.csv
+919843704923,+919881969657,2026-08-04T08:00:00Z,245,calls.csv
+919898588154,+919885146293,2026-08-04T08:00:00Z,82,calls.csv
+919850962024,+919892097999,2026-08-06T08:00:00Z,57,calls.csv
+919838609087,+919854058573,2026-08-12T08:00:00Z,477,calls.csv
+919877834855,+919889795010,2026-08-04T08:00:00Z,261,calls.csv
+919815614174,+919829876811,2026-08-03T08:00:00Z,259,calls.csv
+919866267415,+919838609087,2026-08-07T08:00:00Z,361,calls.csv
+919831810617,+919835921441,2026-08-11T08:00:00Z,334,calls.csv
+919869302158,+919899245317,2026-08-06T08:00:00Z,162,calls.csv
+919815354599,+919837415205,2026-08-02T08:00:00Z,70,calls.csv
+919887925434,+919823419256,2026-08-16T08:00:00Z,324,calls.csv
+919899038526,+919816818112,2026-08-01T08:00:00Z,91,calls.csv
+919827778019,+919852462441,2026-08-09T08:00:00Z,484,calls.csv
+919885146293,+919819317495,2026-08-01T08:00:00Z,284,calls.csv
+919815614174,+919827084279,2026-08-05T08:00:00Z,120,calls.csv
+919878371272,+919853779528,2026-08-07T08:00:00Z,25,calls.csv
+919893370583,+919823903144,2026-08-08T08:00:00Z,52,calls.csv
+919845594597,+919833966966,2026-08-05T08:00:00Z,147,calls.csv
+919858942697,+919834073380,2026-08-07T08:00:00Z,498,calls.csv
+919867887757,+919884252420,2026-08-10T08:00:00Z,249,calls.csv
+919880993218,+919854058573,2026-08-14T08:00:00Z,272,calls.csv
+919825480907,+919819317495,2026-08-09T08:00:00Z,98,calls.csv
+919865337219,+919868526649,2026-08-09T08:00:00Z,211,calls.csv
+919881969657,+919833357554,2026-08-10T08:00:00Z,94,calls.csv
+919893638503,+919884045292,2026-08-16T08:00:00Z,231,calls.csv
+919839854548,+919857469942,2026-08-09T08:00:00Z,427,calls.csv
+919899913412,+919838195995,2026-08-04T08:00:00Z,320,calls.csv
+919840547349,+919815134794,2026-08-07T08:00:00Z,300,calls.csv
+919836786211,+919893303777,2026-08-03T08:00:00Z,240,calls.csv
+919860888017,+919859597086,2026-08-09T08:00:00Z,310,calls.csv
+919883227889,+919875569635,2026-08-12T08:00:00Z,213,calls.csv
+919827105448,+919853779528,2026-08-06T08:00:00Z,424,calls.csv
+919821003626,+919815134794,2026-08-06T08:00:00Z,193,calls.csv
+919878642041,+919847816686,2026-08-07T08:00:00Z,346,calls.csv
+919861343880,+919863121477,2026-08-11T08:00:00Z,72,calls.csv
+919815354599,+919899913412,2026-08-01T08:00:00Z,377,calls.csv
+919835511941,+919847135391,2026-08-15T08:00:00Z,300,calls.csv
+919821003626,+919842035886,2026-08-03T08:00:00Z,207,calls.csv
+919850962024,+919890070438,2026-08-07T08:00:00Z,279,calls.csv
+919899038359,+919881969657,2026-08-09T08:00:00Z,376,calls.csv
+919826726926,+919858884978,2026-08-03T08:00:00Z,303,calls.csv
+919815917225,+919831810617,2026-08-14T08:00:00Z,172,calls.csv
+919899913412,+919865337219,2026-08-07T08:00:00Z,35,calls.csv
+919854058573,+919891178885,2026-08-02T08:00:00Z,150,calls.csv
+919831810617,+919854769200,2026-08-04T08:00:00Z,241,calls.csv
+919852169044,+919899038526,2026-08-11T08:00:00Z,312,calls.csv
+919840547349,+919845496015,2026-08-01T08:00:00Z,155,calls.csv
+919864543049,+919850308572,2026-08-01T08:00:00Z,476,calls.csv
+919851511484,+919850962024,2026-08-05T08:00:00Z,440,calls.csv
+919868326160,+919858024342,2026-08-02T08:00:00Z,182,calls.csv
+919815917225,+919864543049,2026-08-03T08:00:00Z,250,calls.csv
+919887388337,+919815197528,2026-08-10T08:00:00Z,150,calls.csv
+919899913412,+919882269803,2026-08-12T08:00:00Z,214,calls.csv
+919831687165,+919810475894,2026-08-11T08:00:00Z,262,calls.csv
+919891363974,+919888339168,2026-08-13T08:00:00Z,162,calls.csv
+919851373735,+919864813568,2026-08-16T08:00:00Z,444,calls.csv
+919850308572,+919885146293,2026-08-12T08:00:00Z,490,calls.csv
+919895132217,+919881969657,2026-08-01T08:00:00Z,124,calls.csv
+919888339168,+919815354599,2026-08-05T08:00:00Z,63,calls.csv
+919821003626,+919852101056,2026-08-14T08:00:00Z,125,calls.csv
+919852169044,+919854318698,2026-08-07T08:00:00Z,380,calls.csv
+919825521714,+919871510041,2026-08-01T08:00:00Z,488,calls.csv
+919852101056,+919873174945,2026-08-09T08:00:00Z,462,calls.csv
+919813326769,+919824508349,2026-08-02T08:00:00Z,494,calls.csv
+919899639081,+919838609087,2026-08-09T08:00:00Z,178,calls.csv
+919852101056,+919891363974,2026-08-13T08:00:00Z,148,calls.csv
+919851373735,+919852169044,2026-08-05T08:00:00Z,308,calls.csv
+919849682169,+919854769200,2026-08-05T08:00:00Z,173,calls.csv
+919861343880,+919882269803,2026-08-14T08:00:00Z,336,calls.csv
+919839854548,+919858884978,2026-08-04T08:00:00Z,277,calls.csv
+919866851377,+919888183110,2026-08-16T08:00:00Z,348,calls.csv
+919839920292,+919824366125,2026-08-11T08:00:00Z,405,calls.csv
+919843491314,+919834073380,2026-08-08T08:00:00Z,57,calls.csv
+919892097999,+919864009265,2026-08-10T08:00:00Z,374,calls.csv
+919879782527,+919836786211,2026-08-08T08:00:00Z,347,calls.csv
+919815917225,+919810226999,2026-08-07T08:00:00Z,365,calls.csv
+919854058573,+919811049999,2026-08-07T08:00:00Z,16,calls.csv
+919858884978,+919899038359,2026-08-15T08:00:00Z,429,calls.csv
+919887925434,+919877834855,2026-08-11T08:00:00Z,399,calls.csv
+919835748341,+919825015458,2026-08-15T08:00:00Z,345,calls.csv
+919865259205,+919861700055,2026-08-04T08:00:00Z,478,calls.csv
+919886384014,+919884411983,2026-08-12T08:00:00Z,207,calls.csv
+919869302158,+919895132217,2026-08-07T08:00:00Z,409,calls.csv
+919825480907,+919844999379,2026-08-03T08:00:00Z,152,calls.csv
+919857469942,+919860888017,2026-08-10T08:00:00Z,497,calls.csv
+919895125977,+919815917225,2026-08-04T08:00:00Z,85,calls.csv
+919851511484,+919880166708,2026-08-04T08:00:00Z,133,calls.csv
+919864543049,+919849682169,2026-08-06T08:00:00Z,146,calls.csv
+919827105448,+919868571795,2026-08-15T08:00:00Z,190,calls.csv
+919892097999,+919854769200,2026-08-03T08:00:00Z,191,calls.csv
+919848250360,+919847135391,2026-08-05T08:00:00Z,213,calls.csv
+919899152472,+919848250360,2026-08-11T08:00:00Z,37,calls.csv
+919850603163,+919831367172,2026-08-12T08:00:00Z,60,calls.csv
+919888339168,+919867403166,2026-08-13T08:00:00Z,384,calls.csv
+919857469942,+919819317495,2026-08-10T08:00:00Z,106,calls.csv
+919868326160,+919837415205,2026-08-09T08:00:00Z,281,calls.csv
+919826726926,+919854058573,2026-08-14T08:00:00Z,65,calls.csv
+919831172421,+919888339168,2026-08-08T08:00:00Z,500,calls.csv
+919824508349,+919884411983,2026-08-04T08:00:00Z,37,calls.csv
+919858024342,+919895125977,2026-08-09T08:00:00Z,132,calls.csv
+919819391725,+919813704481,2026-08-04T08:00:00Z,151,calls.csv
+919842787299,+919895132217,2026-08-13T08:00:00Z,210,calls.csv
+919889795010,+919847463522,2026-08-08T08:00:00Z,385,calls.csv
+919833966966,+919830743797,2026-08-16T08:00:00Z,115,calls.csv
+919852169044,+919893638503,2026-08-12T08:00:00Z,336,calls.csv
+919847393469,+919896637649,2026-08-10T08:00:00Z,385,calls.csv
+919852436584,+919887388337,2026-08-06T08:00:00Z,267,calls.csv
+919899508850,+919838195995,2026-08-16T08:00:00Z,388,calls.csv
+919854585178,+919852101056,2026-08-08T08:00:00Z,97,calls.csv
+919836445607,+919831172421,2026-08-03T08:00:00Z,95,calls.csv
+919882160068,+919856930359,2026-08-15T08:00:00Z,82,calls.csv
+919822388090,+919845159040,2026-08-16T08:00:00Z,229,calls.csv
+919856930359,+919815614174,2026-08-06T08:00:00Z,145,calls.csv
+919838609087,+919852169044,2026-08-01T08:00:00Z,314,calls.csv
+919836786211,+919868571795,2026-08-01T08:00:00Z,260,calls.csv
+919857130035,+919850264926,2026-08-04T08:00:00Z,33,calls.csv
+919864543049,+919863481198,2026-08-10T08:00:00Z,437,calls.csv
+919899889098,+919856020613,2026-08-06T08:00:00Z,396,calls.csv
+919861343880,+919815957459,2026-08-04T08:00:00Z,61,calls.csv
+919899639081,+919810226999,2026-08-11T08:00:00Z,241,calls.csv
+919839920292,+919810226999,2026-08-12T08:00:00Z,289,calls.csv
+919811250299,+919824549543,2026-08-16T08:00:00Z,139,calls.csv
+919878371272,+919849682169,2026-08-01T08:00:00Z,433,calls.csv
+919836786211,+919899639081,2026-08-11T08:00:00Z,466,calls.csv
+919827084279,+919815957459,2026-08-16T08:00:00Z,67,calls.csv
+919831367172,+919868526649,2026-08-01T08:00:00Z,85,calls.csv
+919829876811,+919884411983,2026-08-05T08:00:00Z,192,calls.csv
+919891178885,+919827105448,2026-08-08T08:00:00Z,305,calls.csv
+919852462441,+919851373735,2026-08-14T08:00:00Z,194,calls.csv
+919893638503,+919880993218,2026-08-03T08:00:00Z,109,calls.csv
+919835921441,+919833763566,2026-08-04T08:00:00Z,150,calls.csv
+919866267415,+919819736572,2026-08-15T08:00:00Z,500,calls.csv
+919856020613,+919845810056,2026-08-09T08:00:00Z,476,calls.csv
+919819736572,+919884252420,2026-08-11T08:00:00Z,210,calls.csv
+919868812137,+919815197528,2026-08-09T08:00:00Z,168,calls.csv
+919844999379,+919871780854,2026-08-11T08:00:00Z,437,calls.csv
+919891363974,+919885146293,2026-08-14T08:00:00Z,417,calls.csv
+919864813568,+919863481198,2026-08-12T08:00:00Z,157,calls.csv
+919824508349,+919815354599,2026-08-16T08:00:00Z,484,calls.csv
+919868526649,+919861343880,2026-08-15T08:00:00Z,358,calls.csv
+919852133044,+919827778019,2026-08-10T08:00:00Z,329,calls.csv
+919810475894,+919845159040,2026-08-06T08:00:00Z,165,calls.csv
+919819832887,+919847393469,2026-08-03T08:00:00Z,419,calls.csv
+919875569635,+919822388090,2026-08-15T08:00:00Z,30,calls.csv
+919899038359,+919850962024,2026-08-04T08:00:00Z,37,calls.csv
+919839920292,+919854585178,2026-08-01T08:00:00Z,230,calls.csv
+919836786211,+919824549543,2026-08-01T08:00:00Z,35,calls.csv
+919878064830,+919823903144,2026-08-12T08:00:00Z,459,calls.csv
+919850962024,+919899152472,2026-08-05T08:00:00Z,498,calls.csv
+919854318698,+919882909480,2026-08-09T08:00:00Z,83,calls.csv
+919843491314,+919865337219,2026-08-14T08:00:00Z,309,calls.csv
+919831687165,+919845431319,2026-08-08T08:00:00Z,26,calls.csv
+919868571795,+919836786211,2026-08-08T08:00:00Z,425,calls.csv
+919819736572,+919833763566,2026-08-13T08:00:00Z,226,calls.csv
+919825480907,+919847463522,2026-08-09T08:00:00Z,481,calls.csv
+919899639081,+919898588154,2026-08-10T08:00:00Z,98,calls.csv
+919850181935,+919897775215,2026-08-11T08:00:00Z,421,calls.csv
+919843704923,+919823903144,2026-08-07T08:00:00Z,138,calls.csv
+919845650176,+919815197528,2026-08-07T08:00:00Z,164,calls.csv
+919854585178,+919879782527,2026-08-10T08:00:00Z,300,calls.csv
+919866267415,+919851511484,2026-08-06T08:00:00Z,202,calls.csv
+919897775215,+919887388337,2026-08-05T08:00:00Z,279,calls.csv
+919830005727,+919833966966,2026-08-11T08:00:00Z,267,calls.csv
+919868526649,+919882909480,2026-08-12T08:00:00Z,249,calls.csv
+919836786211,+919815134794,2026-08-15T08:00:00Z,225,calls.csv
+919829876811,+919851511484,2026-08-01T08:00:00Z,477,calls.csv
+919859555330,+919845059710,2026-08-14T08:00:00Z,55,calls.csv
+919838270233,+919823903144,2026-08-10T08:00:00Z,412,calls.csv
+919878642041,+919843704923,2026-08-12T08:00:00Z,75,calls.csv
+919895132217,+919816818112,2026-08-10T08:00:00Z,37,calls.csv
+919838270233,+919889795010,2026-08-05T08:00:00Z,216,calls.csv
+919858884978,+919866431351,2026-08-15T08:00:00Z,423,calls.csv
+919837326368,+919827084279,2026-08-15T08:00:00Z,439,calls.csv
+919873174945,+919879782527,2026-08-02T08:00:00Z,148,calls.csv
+919867403166,+919880166708,2026-08-11T08:00:00Z,314,calls.csv
+919887388337,+919845431319,2026-08-16T08:00:00Z,363,calls.csv
+919835511941,+919811049999,2026-08-04T08:00:00Z,389,calls.csv
+919833357554,+919863643924,2026-08-02T08:00:00Z,369,calls.csv
+919893638503,+919827084279,2026-08-05T08:00:00Z,297,calls.csv
+919852462441,+919854058573,2026-08-05T08:00:00Z,124,calls.csv
+919863643924,+919833763566,2026-08-05T08:00:00Z,164,calls.csv
+919866267415,+919835748341,2026-08-01T08:00:00Z,422,calls.csv
+919819832887,+919838195995,2026-08-07T08:00:00Z,68,calls.csv
+919843308443,+919852436584,2026-08-05T08:00:00Z,319,calls.csv
+919854769200,+919827778019,2026-08-04T08:00:00Z,136,calls.csv
+919893638503,+919881969657,2026-08-16T08:00:00Z,22,calls.csv
+919861700055,+919830005727,2026-08-13T08:00:00Z,38,calls.csv
+919885146293,+919899514287,2026-08-13T08:00:00Z,257,calls.csv
+919882160068,+919845496015,2026-08-09T08:00:00Z,430,calls.csv
+919891363974,+919831172421,2026-08-15T08:00:00Z,449,calls.csv
+919841774346,+919871367643,2026-08-04T08:00:00Z,231,calls.csv
+919861343880,+919885563727,2026-08-01T08:00:00Z,104,calls.csv
+919844188276,+919880993218,2026-08-08T08:00:00Z,97,calls.csv
+919856397338,+919852462441,2026-08-07T08:00:00Z,253,calls.csv
+919847463522,+919868812137,2026-08-16T08:00:00Z,198,calls.csv
+919845159040,+919858942697,2026-08-13T08:00:00Z,207,calls.csv
+919851373735,+919880166708,2026-08-15T08:00:00Z,223,calls.csv
+919857469942,+919861343880,2026-08-01T08:00:00Z,155,calls.csv
+919849682169,+919854769200,2026-08-13T08:00:00Z,15,calls.csv
+919843704923,+919899639081,2026-08-02T08:00:00Z,340,calls.csv
+919867403166,+919841774346,2026-08-15T08:00:00Z,31,calls.csv
+919836786211,+919823903144,2026-08-15T08:00:00Z,461,calls.csv
+919885863473,+919849682169,2026-08-09T08:00:00Z,14,calls.csv
+919885283645,+919820099059,2026-08-07T08:00:00Z,188,calls.csv
+919896637649,+919856020613,2026-08-13T08:00:00Z,272,calls.csv
+919819391725,+919845810056,2026-08-05T08:00:00Z,190,calls.csv
+919884437458,+919884045292,2026-08-11T08:00:00Z,245,calls.csv
+919825492573,+919823903144,2026-08-09T08:00:00Z,411,calls.csv
+919837326368,+919841774346,2026-08-10T08:00:00Z,482,calls.csv
+919889795010,+919843308443,2026-08-16T08:00:00Z,202,calls.csv
+919850264926,+919826726926,2026-08-06T08:00:00Z,304,calls.csv
+919825015458,+919861700055,2026-08-09T08:00:00Z,76,calls.csv
+919851373735,+919821003626,2026-08-12T08:00:00Z,309,calls.csv
+919895132217,+919868326160,2026-08-03T08:00:00Z,33,calls.csv
+919827105448,+919843491314,2026-08-06T08:00:00Z,128,calls.csv
+919887388337,+919845159040,2026-08-04T08:00:00Z,265,calls.csv
+919819736572,+919868571795,2026-08-11T08:00:00Z,399,calls.csv
+919842035886,+919846553958,2026-08-08T08:00:00Z,63,calls.csv
+919845810056,+919845594597,2026-08-13T08:00:00Z,396,calls.csv
+919831810617,+919819391725,2026-08-02T08:00:00Z,323,calls.csv
+919878064830,+919853779528,2026-08-02T08:00:00Z,443,calls.csv
+919895511909,+919847816686,2026-08-15T08:00:00Z,400,calls.csv
+919893303777,+919826726926,2026-08-01T08:00:00Z,482,calls.csv
+919845810056,+919821003626,2026-08-04T08:00:00Z,367,calls.csv
+919869302158,+919835921441,2026-08-05T08:00:00Z,336,calls.csv
+919823796726,+919810475894,2026-08-07T08:00:00Z,110,calls.csv
+919878064830,+919839920292,2026-08-15T08:00:00Z,357,calls.csv
+919847393469,+919842787299,2026-08-07T08:00:00Z,389,calls.csv
+919899245317,+919897775215,2026-08-07T08:00:00Z,54,calls.csv
+919833357554,+919845059710,2026-08-04T08:00:00Z,114,calls.csv
+919859597086,+919823903144,2026-08-01T08:00:00Z,194,calls.csv
+919815957459,+919883227889,2026-08-03T08:00:00Z,184,calls.csv
+919882160068,+919831172421,2026-08-16T08:00:00Z,107,calls.csv
+919877834855,+919823796726,2026-08-16T08:00:00Z,266,calls.csv
+919836786211,+919820099059,2026-08-05T08:00:00Z,420,calls.csv
+919843308443,+919850603163,2026-08-14T08:00:00Z,330,calls.csv
+919835921441,+919847816686,2026-08-03T08:00:00Z,75,calls.csv
+919827084279,+919899514287,2026-08-04T08:00:00Z,70,calls.csv
+919891178885,+919842035886,2026-08-02T08:00:00Z,317,calls.csv
+919811297845,+919835511941,2026-08-01T08:00:00Z,124,calls.csv
+919845431319,+919878064830,2026-08-13T08:00:00Z,370,calls.csv
+919820099059,+919843308443,2026-08-06T08:00:00Z,157,calls.csv
+919838609087,+919813704481,2026-08-08T08:00:00Z,446,calls.csv
+919827084279,+919891363974,2026-08-10T08:00:00Z,214,calls.csv
+919895132217,+919896098221,2026-08-04T08:00:00Z,308,calls.csv
+919850264926,+919892097999,2026-08-01T08:00:00Z,26,calls.csv
+919877898694,+919831810617,2026-08-09T08:00:00Z,112,calls.csv
+919856930359,+919837326368,2026-08-02T08:00:00Z,81,calls.csv
+919893638503,+919854446182,2026-08-11T08:00:00Z,483,calls.csv
+919838270233,+919824549543,2026-08-02T08:00:00Z,130,calls.csv
+919854058573,+919847816686,2026-08-02T08:00:00Z,187,calls.csv
+919847816686,+919815197528,2026-08-03T08:00:00Z,464,calls.csv
+919828024248,+919898231132,2026-08-05T08:00:00Z,148,calls.csv
+919885863473,+919871780854,2026-08-04T08:00:00Z,28,calls.csv
+919891178885,+919861700055,2026-08-08T08:00:00Z,342,calls.csv
+919884252420,+919848250360,2026-08-16T08:00:00Z,165,calls.csv
+919899889098,+919815614174,2026-08-02T08:00:00Z,23,calls.csv
+919815957459,+919865337219,2026-08-13T08:00:00Z,359,calls.csv
+919868526649,+919810226999,2026-08-01T08:00:00Z,292,calls.csv
+919834073380,+919873174945,2026-08-13T08:00:00Z,402,calls.csv
+919835921441,+919851373735,2026-08-05T08:00:00Z,230,calls.csv
+919899508850,+919815134794,2026-08-05T08:00:00Z,69,calls.csv
+919850603163,+919854769200,2026-08-12T08:00:00Z,190,calls.csv
+919819317495,+919887925434,2026-08-14T08:00:00Z,480,calls.csv
+919896098221,+919845496015,2026-08-08T08:00:00Z,57,calls.csv
+919868812137,+919815354599,2026-08-08T08:00:00Z,221,calls.csv
+919895511909,+919882269803,2026-08-02T08:00:00Z,420,calls.csv
+919822388090,+919884045292,2026-08-08T08:00:00Z,426,calls.csv
+919896098221,+919838609087,2026-08-02T08:00:00Z,74,calls.csv
+919850603163,+919815334035,2026-08-10T08:00:00Z,32,calls.csv
+919836445607,+919884252420,2026-08-08T08:00:00Z,159,calls.csv
+919886384014,+919826726926,2026-08-13T08:00:00Z,255,calls.csv
+919841774346,+919885146293,2026-08-03T08:00:00Z,49,calls.csv
+919878064830,+919816818112,2026-08-07T08:00:00Z,263,calls.csv
+919896637649,+919810226999,2026-08-12T08:00:00Z,469,calls.csv
+919884411983,+919830005727,2026-08-10T08:00:00Z,492,calls.csv
+919878371272,+919863121477,2026-08-10T08:00:00Z,454,calls.csv
+919884437458,+919878642041,2026-08-09T08:00:00Z,173,calls.csv
+919851373735,+919811297845,2026-08-04T08:00:00Z,37,calls.csv
+919823419256,+919829876811,2026-08-16T08:00:00Z,153,calls.csv
+919831687165,+919893638503,2026-08-05T08:00:00Z,440,calls.csv
+919827778019,+919842035886,2026-08-10T08:00:00Z,389,calls.csv
+919828024248,+919877834855,2026-08-04T08:00:00Z,200,calls.csv
+919885863473,+919844188276,2026-08-02T08:00:00Z,130,calls.csv
+919851373735,+919850603163,2026-08-15T08:00:00Z,497,calls.csv
+919853779528,+919815614174,2026-08-16T08:00:00Z,438,calls.csv
+919859597086,+919831367172,2026-08-09T08:00:00Z,311,calls.csv
+919840547349,+919899514287,2026-08-03T08:00:00Z,40,calls.csv
+919824366125,+919891363974,2026-08-13T08:00:00Z,263,calls.csv
+919864543049,+919819233013,2026-08-13T08:00:00Z,237,calls.csv
+919813326769,+919842787299,2026-08-07T08:00:00Z,204,calls.csv
+919882160068,+919841774346,2026-08-14T08:00:00Z,282,calls.csv
+919873174945,+919824549543,2026-08-10T08:00:00Z,26,calls.csv
+919811297845,+919837326368,2026-08-12T08:00:00Z,489,calls.csv
+919845059710,+919826726926,2026-08-11T08:00:00Z,482,calls.csv
+919892097999,+919882269803,2026-08-07T08:00:00Z,397,calls.csv
+919827105448,+919887925434,2026-08-14T08:00:00Z,453,calls.csv
+919815134794,+919845594597,2026-08-02T08:00:00Z,423,calls.csv
+919880166708,+919828024248,2026-08-13T08:00:00Z,497,calls.csv
+919884045292,+919819736572,2026-08-10T08:00:00Z,449,calls.csv
+919813704481,+919851511484,2026-08-14T08:00:00Z,303,calls.csv
+919884045292,+919863481198,2026-08-09T08:00:00Z,93,calls.csv
+919819233013,+919856843172,2026-08-08T08:00:00Z,77,calls.csv
+919822388090,+919824366125,2026-08-09T08:00:00Z,53,calls.csv
+919857130035,+919846553958,2026-08-10T08:00:00Z,182,calls.csv
+919823796726,+919830863865,2026-08-02T08:00:00Z,325,calls.csv
+919858942697,+919813176186,2026-08-09T08:00:00Z,347,calls.csv
+919878064830,+919884437458,2026-08-01T08:00:00Z,73,calls.csv
+919854585178,+919863481198,2026-08-11T08:00:00Z,438,calls.csv
+919892097999,+919837415205,2026-08-15T08:00:00Z,246,calls.csv
+919864543049,+919850603163,2026-08-01T08:00:00Z,248,calls.csv
+919858024342,+919820099059,2026-08-16T08:00:00Z,336,calls.csv
+919810475894,+919899038359,2026-08-14T08:00:00Z,39,calls.csv
+919843704923,+919831687165,2026-08-09T08:00:00Z,469,calls.csv
+919891363974,+919828024248,2026-08-11T08:00:00Z,498,calls.csv
+919819391725,+919850603163,2026-08-06T08:00:00Z,142,calls.csv
+919864009265,+919858942697,2026-08-09T08:00:00Z,454,calls.csv
+919854058573,+919827566185,2026-08-08T08:00:00Z,332,calls.csv
+919845810056,+919861343880,2026-08-02T08:00:00Z,129,calls.csv
+919853779528,+919884437458,2026-08-02T08:00:00Z,104,calls.csv
+919868526649,+919861700055,2026-08-15T08:00:00Z,306,calls.csv
+919899913412,+919871780854,2026-08-08T08:00:00Z,41,calls.csv
+919882909480,+919884158663,2026-08-09T08:00:00Z,18,calls.csv
+919819736572,+919836786211,2026-08-02T08:00:00Z,317,calls.csv
+919845496015,+919884252420,2026-08-04T08:00:00Z,49,calls.csv
+919861700055,+919830005727,2026-08-04T08:00:00Z,271,calls.csv
+919838609087,+919845496015,2026-08-07T08:00:00Z,176,calls.csv
+919823796726,+919893303777,2026-08-14T08:00:00Z,46,calls.csv
+919850308572,+919815134794,2026-08-10T08:00:00Z,83,calls.csv
+919845059710,+919893370583,2026-08-12T08:00:00Z,181,calls.csv
+919883227889,+919867403166,2026-08-12T08:00:00Z,250,calls.csv
+919875569635,+919838195995,2026-08-01T08:00:00Z,92,calls.csv
+919825521714,+919813326769,2026-08-10T08:00:00Z,486,calls.csv
+919852133044,+919814835614,2026-08-01T08:00:00Z,64,calls.csv
+919826726926,+919847135391,2026-08-11T08:00:00Z,271,calls.csv
+919825492573,+919863121477,2026-08-12T08:00:00Z,491,calls.csv
+919899038359,+919835921441,2026-08-02T08:00:00Z,346,calls.csv
+919885863473,+919852133044,2026-08-13T08:00:00Z,400,calls.csv
+919867403166,+919831687165,2026-08-03T08:00:00Z,500,calls.csv
+919842787299,+919850181935,2026-08-14T08:00:00Z,285,calls.csv
+919843491314,+919885146293,2026-08-02T08:00:00Z,320,calls.csv
+919850264926,+919841774346,2026-08-15T08:00:00Z,172,calls.csv
+919830743797,+919819317495,2026-08-10T08:00:00Z,476,calls.csv
+919878642041,+919835511941,2026-08-08T08:00:00Z,419,calls.csv
+919864009265,+919813176186,2026-08-08T08:00:00Z,243,calls.csv
+919836445607,+919895511909,2026-08-04T08:00:00Z,364,calls.csv
+919888183110,+919830005727,2026-08-14T08:00:00Z,195,calls.csv
+919831687165,+919836786211,2026-08-03T08:00:00Z,478,calls.csv
+919813176186,+919884437458,2026-08-16T08:00:00Z,319,calls.csv
+919899889098,+919839854548,2026-08-14T08:00:00Z,127,calls.csv
+919863481198,+919827566185,2026-08-08T08:00:00Z,407,calls.csv
+919883227889,+919863643924,2026-08-05T08:00:00Z,320,calls.csv
+919884158663,+919847393469,2026-08-11T08:00:00Z,170,calls.csv
+919854769200,+919831687165,2026-08-14T08:00:00Z,225,calls.csv
+919861700055,+919861343880,2026-08-16T08:00:00Z,333,calls.csv
+919846553958,+919865337219,2026-08-06T08:00:00Z,458,calls.csv
+919864813568,+919822388090,2026-08-06T08:00:00Z,71,calls.csv
+919831810617,+919892097999,2026-08-16T08:00:00Z,390,calls.csv
+919847463522,+919827566185,2026-08-02T08:00:00Z,436,calls.csv
+919848250360,+919845059710,2026-08-06T08:00:00Z,47,calls.csv
+919886384014,+919827558317,2026-08-13T08:00:00Z,472,calls.csv
+919857469942,+919836786211,2026-08-05T08:00:00Z,215,calls.csv
+919851373735,+919810475894,2026-08-08T08:00:00Z,374,calls.csv
+919875569635,+919854769200,2026-08-11T08:00:00Z,469,calls.csv
+919877898694,+919814835614,2026-08-04T08:00:00Z,379,calls.csv
+919813326769,+919847816686,2026-08-12T08:00:00Z,496,calls.csv
+919839854548,+919883227889,2026-08-15T08:00:00Z,389,calls.csv
+919897775215,+919845431319,2026-08-16T08:00:00Z,368,calls.csv
+919845650176,+919843491314,2026-08-06T08:00:00Z,380,calls.csv
+919864009265,+919868812137,2026-08-03T08:00:00Z,87,calls.csv
+919866431351,+919814835614,2026-08-12T08:00:00Z,355,calls.csv
+919867403166,+919864813568,2026-08-13T08:00:00Z,174,calls.csv
+919850603163,+919837415205,2026-08-09T08:00:00Z,493,calls.csv
+919846553958,+919887388337,2026-08-08T08:00:00Z,162,calls.csv
+919854058573,+919887925434,2026-08-02T08:00:00Z,298,calls.csv
+919827084279,+919856020613,2026-08-14T08:00:00Z,156,calls.csv
+919821003626,+919840547349,2026-08-11T08:00:00Z,397,calls.csv
+919837415205,+919844188276,2026-08-02T08:00:00Z,426,calls.csv
+919810226999,+919843491314,2026-08-07T08:00:00Z,230,calls.csv
+919827084279,+919824366125,2026-08-11T08:00:00Z,60,calls.csv
+919823419256,+919850962024,2026-08-06T08:00:00Z,70,calls.csv
+919847393469,+919858942697,2026-08-16T08:00:00Z,234,calls.csv
+919842787299,+919852169044,2026-08-10T08:00:00Z,490,calls.csv
+919884158663,+919826726926,2026-08-04T08:00:00Z,483,calls.csv
+919842035886,+919845159040,2026-08-09T08:00:00Z,82,calls.csv
+919887388337,+919893638503,2026-08-06T08:00:00Z,24,calls.csv
+919899038526,+919871780854,2026-08-07T08:00:00Z,13,calls.csv
+919839920292,+919845059710,2026-08-12T08:00:00Z,114,calls.csv
+919850962024,+919823796726,2026-08-14T08:00:00Z,384,calls.csv
+919830005727,+919827778019,2026-08-05T08:00:00Z,435,calls.csv
+919864813568,+919875569635,2026-08-04T08:00:00Z,376,calls.csv
+919896637649,+919854769200,2026-08-15T08:00:00Z,465,calls.csv
+919848250360,+919854058573,2026-08-09T08:00:00Z,54,calls.csv
+919823903144,+919824366125,2026-08-04T08:00:00Z,191,calls.csv
+919831687165,+919880993218,2026-08-08T08:00:00Z,382,calls.csv
+919838609087,+919893370583,2026-08-06T08:00:00Z,269,calls.csv
+919856930359,+919858942697,2026-08-15T08:00:00Z,332,calls.csv
+919810226999,+919827558317,2026-08-03T08:00:00Z,371,calls.csv
+919852101056,+919836445607,2026-08-02T08:00:00Z,231,calls.csv
+919847463522,+919896637649,2026-08-11T08:00:00Z,107,calls.csv
+919810475894,+919824549543,2026-08-02T08:00:00Z,495,calls.csv
+919885563727,+919866267415,2026-08-01T08:00:00Z,135,calls.csv
+919823903144,+919868812137,2026-08-13T08:00:00Z,456,calls.csv
+919884411983,+919863643924,2026-08-07T08:00:00Z,145,calls.csv
+919850264926,+919852133044,2026-08-16T08:00:00Z,426,calls.csv
+919882160068,+919843491314,2026-08-16T08:00:00Z,154,calls.csv
+919886384014,+919865337219,2026-08-03T08:00:00Z,496,calls.csv
+919827084279,+919885863473,2026-08-07T08:00:00Z,11,calls.csv
+919891363974,+919877834855,2026-08-06T08:00:00Z,29,calls.csv
+919831810617,+919852101056,2026-08-09T08:00:00Z,324,calls.csv
+919819233013,+919867684996,2026-08-08T08:00:00Z,336,calls.csv
+919884252420,+919834073380,2026-08-06T08:00:00Z,459,calls.csv
+919899514287,+919842035886,2026-08-10T08:00:00Z,352,calls.csv
+919819832887,+919839920292,2026-08-13T08:00:00Z,316,calls.csv
+919820099059,+919816818112,2026-08-16T08:00:00Z,161,calls.csv
+919887388337,+919884411983,2026-08-04T08:00:00Z,461,calls.csv
+919838270233,+919837326368,2026-08-10T08:00:00Z,224,calls.csv
+919839854548,+919893370583,2026-08-08T08:00:00Z,349,calls.csv
+919857469942,+919853779528,2026-08-06T08:00:00Z,247,calls.csv
+919899913412,+919824549543,2026-08-04T08:00:00Z,187,calls.csv
+919851373735,+919830863865,2026-08-05T08:00:00Z,406,calls.csv
+919834073380,+919839920292,2026-08-14T08:00:00Z,361,calls.csv
+919845496015,+919827105448,2026-08-10T08:00:00Z,147,calls.csv
+919861700055,+919899038359,2026-08-14T08:00:00Z,41,calls.csv
+919859555330,+919846553958,2026-08-11T08:00:00Z,143,calls.csv
+919863643924,+919899913412,2026-08-14T08:00:00Z,210,calls.csv
+919830005727,+919857469942,2026-08-13T08:00:00Z,143,calls.csv
+919873174945,+919830743797,2026-08-16T08:00:00Z,382,calls.csv
+919884411983,+919877898694,2026-08-02T08:00:00Z,167,calls.csv
+919839854548,+919883227889,2026-08-08T08:00:00Z,303,calls.csv
+919860888017,+919871510041,2026-08-07T08:00:00Z,409,calls.csv
+919866267415,+919824508349,2026-08-11T08:00:00Z,76,calls.csv
+919890070438,+919811297845,2026-08-01T08:00:00Z,496,calls.csv
+919884045292,+919815614174,2026-08-13T08:00:00Z,56,calls.csv
+919863121477,+919896637649,2026-08-11T08:00:00Z,477,calls.csv
+919836786211,+919864009265,2026-08-03T08:00:00Z,345,calls.csv
+919888339168,+919827084279,2026-08-07T08:00:00Z,195,calls.csv
+919871510041,+919865337219,2026-08-06T08:00:00Z,439,calls.csv
+919871510041,+919830863865,2026-08-08T08:00:00Z,158,calls.csv
+919899245317,+919893303777,2026-08-11T08:00:00Z,221,calls.csv
+919899038359,+919828024248,2026-08-08T08:00:00Z,491,calls.csv
+919822388090,+919858024342,2026-08-01T08:00:00Z,396,calls.csv
+919856020613,+919881969657,2026-08-13T08:00:00Z,415,calls.csv
+919819832887,+919871780854,2026-08-06T08:00:00Z,154,calls.csv
+919899639081,+919845059710,2026-08-08T08:00:00Z,333,calls.csv
+919846553958,+919852101056,2026-08-08T08:00:00Z,27,calls.csv
+919831367172,+919895511909,2026-08-04T08:00:00Z,426,calls.csv
+919835921441,+919884437458,2026-08-13T08:00:00Z,77,calls.csv
+919852462441,+919831367172,2026-08-03T08:00:00Z,49,calls.csv
+919847816686,+919861700055,2026-08-14T08:00:00Z,20,calls.csv
+919822388090,+919880993218,2026-08-05T08:00:00Z,58,calls.csv
+919810226999,+919868812137,2026-08-13T08:00:00Z,109,calls.csv
+919826726926,+919835748341,2026-08-11T08:00:00Z,227,calls.csv
+919827558317,+919880993218,2026-08-01T08:00:00Z,164,calls.csv
+919858942697,+919849682169,2026-08-07T08:00:00Z,61,calls.csv
+919892097999,+919884437458,2026-08-16T08:00:00Z,202,calls.csv
+919845431319,+919815134794,2026-08-03T08:00:00Z,123,calls.csv
+919883227889,+919859555330,2026-08-09T08:00:00Z,257,calls.csv
+919850962024,+919899508850,2026-08-08T08:00:00Z,205,calls.csv
+919864543049,+919891178885,2026-08-13T08:00:00Z,497,calls.csv
+919893303777,+919837326368,2026-08-04T08:00:00Z,241,calls.csv
+919842787299,+919895125977,2026-08-01T08:00:00Z,213,calls.csv
+919846553958,+919842035886,2026-08-15T08:00:00Z,199,calls.csv
+919898231132,+919850181935,2026-08-04T08:00:00Z,339,calls.csv
+919835748341,+919856930359,2026-08-05T08:00:00Z,424,calls.csv
+919867684996,+919879782527,2026-08-04T08:00:00Z,297,calls.csv
+919852169044,+919877834855,2026-08-16T08:00:00Z,313,calls.csv
+919857130035,+919879782527,2026-08-05T08:00:00Z,216,calls.csv
+919871367643,+919868571795,2026-08-08T08:00:00Z,40,calls.csv
+919864009265,+919854058573,2026-08-09T08:00:00Z,220,calls.csv
+919835748341,+919852462441,2026-08-11T08:00:00Z,437,calls.csv
+919852133044,+919858024342,2026-08-11T08:00:00Z,362,calls.csv
+919850181935,+919899038526,2026-08-14T08:00:00Z,456,calls.csv
+919866431351,+919830743797,2026-08-07T08:00:00Z,396,calls.csv
+919859555330,+919839920292,2026-08-16T08:00:00Z,170,calls.csv
+919867403166,+919845496015,2026-08-11T08:00:00Z,246,calls.csv
+919825015458,+919834073380,2026-08-03T08:00:00Z,481,calls.csv
+919881969657,+919857469942,2026-08-03T08:00:00Z,202,calls.csv
+919827566185,+919838270233,2026-08-01T08:00:00Z,92,calls.csv
+919827778019,+919895511909,2026-08-04T08:00:00Z,95,calls.csv
+919865337219,+919850603163,2026-08-04T08:00:00Z,29,calls.csv
+919857469942,+919854058573,2026-08-06T08:00:00Z,330,calls.csv
+919856020613,+919819832887,2026-08-05T08:00:00Z,393,calls.csv
+919854446182,+919831810617,2026-08-13T08:00:00Z,14,calls.csv
+919875569635,+919854769200,2026-08-14T08:00:00Z,160,calls.csv
+919884045292,+919819736572,2026-08-09T08:00:00Z,277,calls.csv
+919821003626,+919871367643,2026-08-12T08:00:00Z,298,calls.csv
+919867403166,+919860888017,2026-08-05T08:00:00Z,158,calls.csv
+919827778019,+919868526649,2026-08-07T08:00:00Z,421,calls.csv
+919871367643,+919882909480,2026-08-12T08:00:00Z,275,calls.csv
+919890070438,+919878064830,2026-08-16T08:00:00Z,246,calls.csv
+919877834855,+919835511941,2026-08-05T08:00:00Z,94,calls.csv
+919856020613,+919825492573,2026-08-16T08:00:00Z,15,calls.csv
+919899913412,+919815197528,2026-08-06T08:00:00Z,86,calls.csv
+919850264926,+919843308443,2026-08-01T08:00:00Z,169,calls.csv
+919899508850,+919844999379,2026-08-07T08:00:00Z,365,calls.csv
+919887388337,+919871510041,2026-08-15T08:00:00Z,179,calls.csv
+919887388337,+919811049999,2026-08-15T08:00:00Z,314,calls.csv
+919885283645,+919843308443,2026-08-12T08:00:00Z,335,calls.csv
+919859555330,+919842787299,2026-08-12T08:00:00Z,331,calls.csv
+919822388090,+919819317495,2026-08-09T08:00:00Z,155,calls.csv
+919815134794,+919833357554,2026-08-10T08:00:00Z,198,calls.csv
+919838195995,+919864009265,2026-08-13T08:00:00Z,488,calls.csv
+919811250299,+919859555330,2026-08-07T08:00:00Z,49,calls.csv
+919814835614,+919865259205,2026-08-04T08:00:00Z,384,calls.csv
+919899038359,+919824366125,2026-08-06T08:00:00Z,144,calls.csv
+919850181935,+919881969657,2026-08-05T08:00:00Z,418,calls.csv
+919827778019,+919868812137,2026-08-13T08:00:00Z,179,calls.csv
+919895125977,+919846553958,2026-08-09T08:00:00Z,423,calls.csv
+919810226999,+919871367643,2026-08-16T08:00:00Z,117,calls.csv
+919852169044,+919852436584,2026-08-08T08:00:00Z,120,calls.csv
+919867887757,+919871367643,2026-08-05T08:00:00Z,83,calls.csv
+919860888017,+919868571795,2026-08-01T08:00:00Z,175,calls.csv
+919838609087,+919873174945,2026-08-05T08:00:00Z,271,calls.csv
+919850603163,+919857469942,2026-08-16T08:00:00Z,177,calls.csv
+919899639081,+919899152472,2026-08-04T08:00:00Z,133,calls.csv
+919859555330,+919889795010,2026-08-13T08:00:00Z,406,calls.csv
+919840547349,+919896637649,2026-08-16T08:00:00Z,191,calls.csv
+919835748341,+919827778019,2026-08-11T08:00:00Z,281,calls.csv
+919831687165,+919890070438,2026-08-07T08:00:00Z,499,calls.csv
+919860888017,+919885563727,2026-08-09T08:00:00Z,374,calls.csv
+919844188276,+919897775215,2026-08-15T08:00:00Z,260,calls.csv
+919833966966,+919878064830,2026-08-04T08:00:00Z,295,calls.csv
+919897775215,+919867403166,2026-08-12T08:00:00Z,101,calls.csv
+919845059710,+919878371272,2026-08-15T08:00:00Z,404,calls.csv
+919858884978,+919823419256,2026-08-14T08:00:00Z,119,calls.csv
+919871367643,+919859555330,2026-08-07T08:00:00Z,205,calls.csv
+919893303777,+919837415205,2026-08-01T08:00:00Z,110,calls.csv
+919830005727,+919813176186,2026-08-07T08:00:00Z,12,calls.csv
+919868812137,+919835748341,2026-08-11T08:00:00Z,58,calls.csv
+919825521714,+919878064830,2026-08-01T08:00:00Z,320,calls.csv
+919831367172,+919859597086,2026-08-09T08:00:00Z,338,calls.csv
+919898231132,+919830863865,2026-08-02T08:00:00Z,366,calls.csv
+919896637649,+919878064830,2026-08-09T08:00:00Z,330,calls.csv
+919896098221,+919823796726,2026-08-01T08:00:00Z,451,calls.csv
+919825492573,+919850264926,2026-08-15T08:00:00Z,261,calls.csv
+919845810056,+919868571795,2026-08-04T08:00:00Z,29,calls.csv
+919825521714,+919827105448,2026-08-05T08:00:00Z,371,calls.csv
+919810226999,+919837415205,2026-08-05T08:00:00Z,52,calls.csv
+919831810617,+919854769200,2026-08-02T08:00:00Z,237,calls.csv
+919833763566,+919825015458,2026-08-02T08:00:00Z,170,calls.csv
+919887388337,+919816818112,2026-08-09T08:00:00Z,446,calls.csv
+919819317495,+919884437458,2026-08-01T08:00:00Z,180,calls.csv
+919863643924,+919899913412,2026-08-06T08:00:00Z,473,calls.csv
+919868812137,+919884045292,2026-08-12T08:00:00Z,274,calls.csv
+919822388090,+919845159040,2026-08-13T08:00:00Z,223,calls.csv
+919845159040,+919858884978,2026-08-02T08:00:00Z,43,calls.csv
+919819317495,+919893131979,2026-08-05T08:00:00Z,383,calls.csv
+919830743797,+919879782527,2026-08-06T08:00:00Z,237,calls.csv
+919813326769,+919858942697,2026-08-07T08:00:00Z,362,calls.csv
+919861700055,+919883227889,2026-08-06T08:00:00Z,335,calls.csv
+919895511909,+919852436584,2026-08-10T08:00:00Z,150,calls.csv
+919859555330,+919884252420,2026-08-04T08:00:00Z,184,calls.csv
+919856843172,+919863481198,2026-08-03T08:00:00Z,299,calls.csv
+919851511484,+919854318698,2026-08-04T08:00:00Z,480,calls.csv
+919867887757,+919815334035,2026-08-03T08:00:00Z,105,calls.csv
+919899913412,+919814835614,2026-08-01T08:00:00Z,402,calls.csv
+919852169044,+919815354599,2026-08-07T08:00:00Z,336,calls.csv
+919893303777,+919849682169,2026-08-03T08:00:00Z,459,calls.csv
+919885863473,+919857130035,2026-08-10T08:00:00Z,438,calls.csv
+919831172421,+919850308572,2026-08-07T08:00:00Z,392,calls.csv
+919838270233,+919810226999,2026-08-05T08:00:00Z,168,calls.csv
+919873174945,+919819233013,2026-08-10T08:00:00Z,101,calls.csv
+919824366125,+919823903144,2026-08-11T08:00:00Z,221,calls.csv
+919842787299,+919844999379,2026-08-09T08:00:00Z,462,calls.csv
+919892613013,+919837415205,2026-08-10T08:00:00Z,142,calls.csv
+919851373735,+919850603163,2026-08-09T08:00:00Z,57,calls.csv
+919839920292,+919836786211,2026-08-12T08:00:00Z,188,calls.csv
+919846553958,+919850308572,2026-08-15T08:00:00Z,434,calls.csv
+919867684996,+919868526649,2026-08-06T08:00:00Z,28,calls.csv
+919833357554,+919840547349,2026-08-05T08:00:00Z,285,calls.csv
+919863481198,+919877834855,2026-08-14T08:00:00Z,187,calls.csv
+919815917225,+919831172421,2026-08-10T08:00:00Z,116,calls.csv
+919887925434,+919899508850,2026-08-09T08:00:00Z,56,calls.csv
+919827558317,+919846553958,2026-08-07T08:00:00Z,142,calls.csv
+919899038359,+919856843172,2026-08-09T08:00:00Z,26,calls.csv
+919853779528,+919827084279,2026-08-06T08:00:00Z,253,calls.csv
+919823903144,+919856843172,2026-08-11T08:00:00Z,200,calls.csv
+919850181935,+919835921441,2026-08-02T08:00:00Z,175,calls.csv
+919899508850,+919881969657,2026-08-12T08:00:00Z,455,calls.csv
+919815354599,+919885283645,2026-08-14T08:00:00Z,253,calls.csv
+919856930359,+919877898694,2026-08-04T08:00:00Z,105,calls.csv
+919820099059,+919854585178,2026-08-06T08:00:00Z,249,calls.csv
+919816818112,+919882160068,2026-08-01T08:00:00Z,234,calls.csv
+919871367643,+919864813568,2026-08-14T08:00:00Z,384,calls.csv
+919825480907,+919868571795,2026-08-08T08:00:00Z,139,calls.csv
+919885863473,+919893303777,2026-08-11T08:00:00Z,257,calls.csv
+919819736572,+919825480907,2026-08-10T08:00:00Z,30,calls.csv
+919842035886,+919837326368,2026-08-04T08:00:00Z,225,calls.csv
+919815134794,+919815957459,2026-08-09T08:00:00Z,498,calls.csv
+919895125977,+919825480907,2026-08-01T08:00:00Z,93,calls.csv
+919827558317,+919860888017,2026-08-10T08:00:00Z,463,calls.csv
+919898588154,+919851373735,2026-08-07T08:00:00Z,497,calls.csv
+919863481198,+919882269803,2026-08-05T08:00:00Z,76,calls.csv
+919824549543,+919856930359,2026-08-02T08:00:00Z,56,calls.csv
+919835748341,+919864009265,2026-08-05T08:00:00Z,420,calls.csv
+919823419256,+919849682169,2026-08-13T08:00:00Z,94,calls.csv
+919849682169,+919852436584,2026-08-05T08:00:00Z,112,calls.csv
+919845810056,+919899639081,2026-08-10T08:00:00Z,51,calls.csv
+919882160068,+919845496015,2026-08-07T08:00:00Z,233,calls.csv
+919867887757,+919885863473,2026-08-08T08:00:00Z,88,calls.csv
+919868526649,+919810475894,2026-08-12T08:00:00Z,12,calls.csv
+919898231132,+919885283645,2026-08-12T08:00:00Z,61,calls.csv
+919850264926,+919854446182,2026-08-13T08:00:00Z,367,calls.csv
+919847135391,+919850264926,2026-08-13T08:00:00Z,435,calls.csv
+919851511484,+919896637649,2026-08-08T08:00:00Z,400,calls.csv
+919887388337,+919845630292,2026-08-05T08:00:00Z,172,calls.csv
+919837326368,+919845650176,2026-08-13T08:00:00Z,405,calls.csv
+919893370583,+919850962024,2026-08-14T08:00:00Z,315,calls.csv
+919889795010,+919813704481,2026-08-03T08:00:00Z,187,calls.csv
+919839920292,+919858884978,2026-08-01T08:00:00Z,123,calls.csv
+919826726926,+919837415205,2026-08-08T08:00:00Z,198,calls.csv
+919813176186,+919887925434,2026-08-01T08:00:00Z,322,calls.csv
+919899038526,+919882269803,2026-08-13T08:00:00Z,478,calls.csv
+919838609087,+919815917225,2026-08-08T08:00:00Z,80,calls.csv
+919891178885,+919844999379,2026-08-02T08:00:00Z,118,calls.csv
+919899639081,+919897775215,2026-08-03T08:00:00Z,183,calls.csv
+919840547349,+919884437458,2026-08-06T08:00:00Z,227,calls.csv
+919852133044,+919850962024,2026-08-10T08:00:00Z,208,calls.csv
+919863643924,+919834073380,2026-08-02T08:00:00Z,143,calls.csv
+919831810617,+919837415205,2026-08-06T08:00:00Z,213,calls.csv
+919831172421,+919827084279,2026-08-04T08:00:00Z,248,calls.csv
+919879782527,+919823419256,2026-08-04T08:00:00Z,345,calls.csv
+919868326160,+919822388090,2026-08-06T08:00:00Z,173,calls.csv
+919827566185,+919895125977,2026-08-13T08:00:00Z,361,calls.csv
+919864813568,+919815354599,2026-08-16T08:00:00Z,344,calls.csv
+919858884978,+919825480907,2026-08-14T08:00:00Z,404,calls.csv
+919873174945,+919899639081,2026-08-14T08:00:00Z,142,calls.csv
+919852462441,+919885563727,2026-08-04T08:00:00Z,319,calls.csv
+919869302158,+919899152472,2026-08-12T08:00:00Z,409,calls.csv
+919868571795,+919882909480,2026-08-11T08:00:00Z,442,calls.csv
+919813704481,+919878371272,2026-08-04T08:00:00Z,412,calls.csv
+919837415205,+919857469942,2026-08-13T08:00:00Z,455,calls.csv
+919863643924,+919831687165,2026-08-05T08:00:00Z,13,calls.csv
+919877898694,+919825015458,2026-08-09T08:00:00Z,111,calls.csv
+919827558317,+919871367643,2026-08-15T08:00:00Z,232,calls.csv
+919888339168,+919851511484,2026-08-10T08:00:00Z,30,calls.csv
+919885146293,+919839920292,2026-08-15T08:00:00Z,197,calls.csv
+919888339168,+919899038526,2026-08-12T08:00:00Z,139,calls.csv
+919857469942,+919877898694,2026-08-10T08:00:00Z,402,calls.csv
+919845059710,+919811297845,2026-08-09T08:00:00Z,101,calls.csv
+919875569635,+919820099059,2026-08-14T08:00:00Z,18,calls.csv
+919839854548,+919893370583,2026-08-10T08:00:00Z,335,calls.csv
+919858024342,+919898588154,2026-08-04T08:00:00Z,192,calls.csv
+919843491314,+919858024342,2026-08-13T08:00:00Z,137,calls.csv
+919845810056,+919879782527,2026-08-04T08:00:00Z,74,calls.csv
+919845594597,+919861343880,2026-08-16T08:00:00Z,230,calls.csv
+919858942697,+919823419256,2026-08-15T08:00:00Z,362,calls.csv
+919895132217,+919878642041,2026-08-15T08:00:00Z,30,calls.csv
+919838609087,+919893370583,2026-08-12T08:00:00Z,29,calls.csv
+919861343880,+919826726926,2026-08-04T08:00:00Z,205,calls.csv
+919827558317,+919885863473,2026-08-03T08:00:00Z,182,calls.csv
+919833763566,+919895511909,2026-08-10T08:00:00Z,226,calls.csv
+919825480907,+919815614174,2026-08-06T08:00:00Z,496,calls.csv
+919895511909,+919811250299,2026-08-03T08:00:00Z,438,calls.csv
+919848250360,+919853779528,2026-08-07T08:00:00Z,302,calls.csv
+919884158663,+919899639081,2026-08-08T08:00:00Z,365,calls.csv
+919888339168,+919893303777,2026-08-16T08:00:00Z,120,calls.csv
+919893131979,+919897775215,2026-08-09T08:00:00Z,392,calls.csv
+919852101056,+919863121477,2026-08-06T08:00:00Z,151,calls.csv
+919899152472,+919858884978,2026-08-02T08:00:00Z,319,calls.csv
+919825480907,+919815334035,2026-08-10T08:00:00Z,149,calls.csv
+919866431351,+919883227889,2026-08-07T08:00:00Z,19,calls.csv
+919815197528,+919841774346,2026-08-05T08:00:00Z,150,calls.csv
+919830743797,+919851511484,2026-08-11T08:00:00Z,59,calls.csv
+919884411983,+919842787299,2026-08-01T08:00:00Z,373,calls.csv
+919893370583,+919884411983,2026-08-03T08:00:00Z,323,calls.csv
+919847393469,+919845594597,2026-08-15T08:00:00Z,311,calls.csv
+919831810617,+919885563727,2026-08-11T08:00:00Z,287,calls.csv
+919845630292,+919868571795,2026-08-01T08:00:00Z,185,calls.csv
+919887925434,+919899913412,2026-08-12T08:00:00Z,431,calls.csv
+919830005727,+919852133044,2026-08-15T08:00:00Z,447,calls.csv
+919880993218,+919891178885,2026-08-07T08:00:00Z,282,calls.csv
+919851373735,+919852169044,2026-08-13T08:00:00Z,140,calls.csv
+919868326160,+919859597086,2026-08-03T08:00:00Z,333,calls.csv
+919819832887,+919859555330,2026-08-12T08:00:00Z,52,calls.csv
+919877834855,+919895511909,2026-08-12T08:00:00Z,165,calls.csv
+919845431319,+919882269803,2026-08-11T08:00:00Z,241,calls.csv
+919863643924,+919856843172,2026-08-01T08:00:00Z,89,calls.csv
+919838195995,+919833357554,2026-08-06T08:00:00Z,329,calls.csv
+919836786211,+919850181935,2026-08-14T08:00:00Z,222,calls.csv
+919837326368,+919815614174,2026-08-10T08:00:00Z,294,calls.csv
+919880993218,+919839920292,2026-08-08T08:00:00Z,202,calls.csv
+919871510041,+919886384014,2026-08-13T08:00:00Z,320,calls.csv
+919885146293,+919887388337,2026-08-13T08:00:00Z,121,calls.csv
+919847135391,+919824508349,2026-08-10T08:00:00Z,101,calls.csv
+919885283645,+919864009265,2026-08-13T08:00:00Z,291,calls.csv
+919883227889,+919836786211,2026-08-07T08:00:00Z,224,calls.csv
+919899038526,+919824366125,2026-08-11T08:00:00Z,404,calls.csv
+919813176186,+919867684996,2026-08-04T08:00:00Z,350,calls.csv
+919868526649,+919885563727,2026-08-11T08:00:00Z,267,calls.csv
+919871510041,+919813704481,2026-08-13T08:00:00Z,125,calls.csv
+919868326160,+919854058573,2026-08-15T08:00:00Z,156,calls.csv
+919869302158,+919885283645,2026-08-06T08:00:00Z,214,calls.csv
+919847393469,+919852436584,2026-08-11T08:00:00Z,400,calls.csv
+919851511484,+919884437458,2026-08-06T08:00:00Z,359,calls.csv
+919847463522,+919840547349,2026-08-14T08:00:00Z,224,calls.csv
+919829876811,+919844999379,2026-08-01T08:00:00Z,326,calls.csv
+919842787299,+919823903144,2026-08-03T08:00:00Z,316,calls.csv
+919823796726,+919843491314,2026-08-14T08:00:00Z,494,calls.csv
+919815614174,+919893370583,2026-08-08T08:00:00Z,95,calls.csv
+919863481198,+919866267415,2026-08-16T08:00:00Z,360,calls.csv
+919867887757,+919825521714,2026-08-01T08:00:00Z,390,calls.csv
+919899038526,+919884437458,2026-08-13T08:00:00Z,292,calls.csv
+919856397338,+919819317495,2026-08-06T08:00:00Z,244,calls.csv
+919825521714,+919885863473,2026-08-08T08:00:00Z,99,calls.csv
+919850264926,+919882909480,2026-08-07T08:00:00Z,175,calls.csv
+919886384014,+919875569635,2026-08-03T08:00:00Z,467,calls.csv
+919827105448,+919893638503,2026-08-15T08:00:00Z,245,calls.csv
+919878642041,+919868526649,2026-08-15T08:00:00Z,133,calls.csv
+919837415205,+919851511484,2026-08-04T08:00:00Z,421,calls.csv
+919890070438,+919835511941,2026-08-06T08:00:00Z,135,calls.csv
+919851511484,+919884045292,2026-08-03T08:00:00Z,13,calls.csv
+919895511909,+919859597086,2026-08-14T08:00:00Z,453,calls.csv
+919827778019,+919850264926,2026-08-13T08:00:00Z,46,calls.csv
+919815197528,+919884158663,2026-08-04T08:00:00Z,376,calls.csv
+919815957459,+919826726926,2026-08-01T08:00:00Z,234,calls.csv
+919834073380,+919885863473,2026-08-02T08:00:00Z,159,calls.csv
+919830863865,+919885863473,2026-08-02T08:00:00Z,196,calls.csv
+919825480907,+919825492573,2026-08-15T08:00:00Z,229,calls.csv
+919885146293,+919881969657,2026-08-05T08:00:00Z,443,calls.csv
+919892097999,+919893131979,2026-08-04T08:00:00Z,379,calls.csv
+919852169044,+919878371272,2026-08-14T08:00:00Z,346,calls.csv
+919877898694,+919844188276,2026-08-08T08:00:00Z,417,calls.csv
+919834073380,+919877834855,2026-08-09T08:00:00Z,59,calls.csv
+919835511941,+919850308572,2026-08-03T08:00:00Z,244,calls.csv
+919825015458,+919839920292,2026-08-08T08:00:00Z,397,calls.csv
+919884158663,+919887925434,2026-08-10T08:00:00Z,362,calls.csv
+919830005727,+919835511941,2026-08-15T08:00:00Z,368,calls.csv
+919884158663,+919863481198,2026-08-09T08:00:00Z,314,calls.csv
+919858024342,+919893131979,2026-08-05T08:00:00Z,85,calls.csv
+919827778019,+919847393469,2026-08-01T08:00:00Z,123,calls.csv
+919825521714,+919850181935,2026-08-12T08:00:00Z,375,calls.csv
+919845431319,+919854585178,2026-08-06T08:00:00Z,300,calls.csv
+919885563727,+919854585178,2026-08-16T08:00:00Z,375,calls.csv
+919850603163,+919863643924,2026-08-10T08:00:00Z,89,calls.csv
+919880993218,+919833966966,2026-08-05T08:00:00Z,85,calls.csv
+919826726926,+919845431319,2026-08-13T08:00:00Z,141,calls.csv
+919833763566,+919899889098,2026-08-01T08:00:00Z,445,calls.csv
+919847135391,+919833357554,2026-08-10T08:00:00Z,85,calls.csv
+919833357554,+919822388090,2026-08-09T08:00:00Z,196,calls.csv
+919884045292,+919856397338,2026-08-13T08:00:00Z,254,calls.csv
+919895132217,+919852169044,2026-08-12T08:00:00Z,339,calls.csv
+919865259205,+919868812137,2026-08-11T08:00:00Z,277,calls.csv
+919893303777,+919835921441,2026-08-16T08:00:00Z,341,calls.csv
+919852169044,+919856020613,2026-08-16T08:00:00Z,99,calls.csv
+919834073380,+919819233013,2026-08-01T08:00:00Z,352,calls.csv
+919819391725,+919887925434,2026-08-08T08:00:00Z,168,calls.csv
+919893638503,+919842787299,2026-08-05T08:00:00Z,152,calls.csv
+919826726926,+919863121477,2026-08-04T08:00:00Z,342,calls.csv
+919865337219,+919820099059,2026-08-16T08:00:00Z,245,calls.csv
+919863481198,+919833763566,2026-08-01T08:00:00Z,440,calls.csv
+919895511909,+919856020613,2026-08-08T08:00:00Z,389,calls.csv
+919892613013,+919878371272,2026-08-02T08:00:00Z,214,calls.csv
+919866267415,+919847463522,2026-08-11T08:00:00Z,269,calls.csv
+919843308443,+919831367172,2026-08-03T08:00:00Z,418,calls.csv
+919896098221,+919839854548,2026-08-08T08:00:00Z,135,calls.csv
+919811250299,+919852462441,2026-08-06T08:00:00Z,363,calls.csv
+919867403166,+919878642041,2026-08-08T08:00:00Z,363,calls.csv
+919825492573,+919864813568,2026-08-06T08:00:00Z,30,calls.csv
+919826726926,+919830743797,2026-08-09T08:00:00Z,56,calls.csv
+919880993218,+919844999379,2026-08-03T08:00:00Z,473,calls.csv
+919886384014,+919827778019,2026-08-10T08:00:00Z,41,calls.csv
+919877834855,+919899889098,2026-08-08T08:00:00Z,309,calls.csv
+919893131979,+919843704923,2026-08-16T08:00:00Z,247,calls.csv
+919847463522,+919871510041,2026-08-02T08:00:00Z,173,calls.csv
+919885563727,+919847816686,2026-08-07T08:00:00Z,254,calls.csv
+919853779528,+919830005727,2026-08-03T08:00:00Z,253,calls.csv
+919865337219,+919847463522,2026-08-07T08:00:00Z,316,calls.csv
+919819832887,+919899514287,2026-08-01T08:00:00Z,307,calls.csv
+919848250360,+919824508349,2026-08-15T08:00:00Z,408,calls.csv
+919850308572,+919819317495,2026-08-15T08:00:00Z,10,calls.csv
+919878064830,+919838270233,2026-08-14T08:00:00Z,317,calls.csv
+919831367172,+919854058573,2026-08-06T08:00:00Z,178,calls.csv
+919861700055,+919834073380,2026-08-10T08:00:00Z,497,calls.csv
+919815917225,+919899514287,2026-08-09T08:00:00Z,454,calls.csv
+919813704481,+919857130035,2026-08-11T08:00:00Z,150,calls.csv
+919819736572,+919859555330,2026-08-10T08:00:00Z,330,calls.csv
+919850603163,+919824508349,2026-08-06T08:00:00Z,259,calls.csv
+919866431351,+919899913412,2026-08-16T08:00:00Z,263,calls.csv
+919899245317,+919837415205,2026-08-03T08:00:00Z,399,calls.csv
+919848250360,+919863643924,2026-08-10T08:00:00Z,58,calls.csv
+919830005727,+919887925434,2026-08-06T08:00:00Z,109,calls.csv
+919863121477,+919880166708,2026-08-08T08:00:00Z,119,calls.csv
+919854585178,+919899152472,2026-08-10T08:00:00Z,173,calls.csv
+919864009265,+919866851377,2026-08-16T08:00:00Z,62,calls.csv
+919868526649,+919899514287,2026-08-07T08:00:00Z,302,calls.csv
+919863643924,+919865259205,2026-08-11T08:00:00Z,90,calls.csv
+919819317495,+919864009265,2026-08-13T08:00:00Z,412,calls.csv
+919852169044,+919885283645,2026-08-06T08:00:00Z,176,calls.csv
+919827084279,+919868571795,2026-08-14T08:00:00Z,409,calls.csv
+919885863473,+919830743797,2026-08-08T08:00:00Z,487,calls.csv
+919892097999,+919850264926,2026-08-10T08:00:00Z,199,calls.csv
+919861343880,+919854585178,2026-08-11T08:00:00Z,382,calls.csv
+919836786211,+919880993218,2026-08-11T08:00:00Z,240,calls.csv
+919854585178,+919857469942,2026-08-13T08:00:00Z,400,calls.csv
+919815197528,+919866431351,2026-08-13T08:00:00Z,38,calls.csv
+919883227889,+919836786211,2026-08-05T08:00:00Z,243,calls.csv
+919864009265,+919858942697,2026-08-01T08:00:00Z,429,calls.csv
+919896637649,+919892613013,2026-08-07T08:00:00Z,348,calls.csv
+919825492573,+919811250299,2026-08-10T08:00:00Z,436,calls.csv
+919893303777,+919845059710,2026-08-11T08:00:00Z,228,calls.csv
+919819233013,+919893370583,2026-08-07T08:00:00Z,418,calls.csv
+919899038359,+919895132217,2026-08-15T08:00:00Z,448,calls.csv
+919858942697,+919880166708,2026-08-03T08:00:00Z,134,calls.csv
+919899245317,+919893370583,2026-08-16T08:00:00Z,492,calls.csv
+919884045292,+919814835614,2026-08-16T08:00:00Z,497,calls.csv
+919813326769,+919863121477,2026-08-13T08:00:00Z,362,calls.csv
+919896637649,+919819832887,2026-08-08T08:00:00Z,153,calls.csv
+919826726926,+919868812137,2026-08-13T08:00:00Z,40,calls.csv
+919847463522,+919896098221,2026-08-11T08:00:00Z,151,calls.csv
+919871510041,+919825521714,2026-08-15T08:00:00Z,482,calls.csv
+919850962024,+919824508349,2026-08-16T08:00:00Z,78,calls.csv
+919895511909,+919847816686,2026-08-11T08:00:00Z,406,calls.csv
+919843491314,+919829876811,2026-08-05T08:00:00Z,457,calls.csv
+919852133044,+919868812137,2026-08-10T08:00:00Z,303,calls.csv
+919892613013,+919859555330,2026-08-03T08:00:00Z,234,calls.csv
+919878642041,+919893370583,2026-08-09T08:00:00Z,295,calls.csv
+919866851377,+919845431319,2026-08-01T08:00:00Z,81,calls.csv
+919843308443,+919899508850,2026-08-11T08:00:00Z,500,calls.csv
+919813176186,+919846553958,2026-08-15T08:00:00Z,392,calls.csv
+919847135391,+919882160068,2026-08-11T08:00:00Z,249,calls.csv
+919899889098,+919849682169,2026-08-12T08:00:00Z,180,calls.csv
+919865337219,+919819736572,2026-08-09T08:00:00Z,140,calls.csv
+919890070438,+919895511909,2026-08-01T08:00:00Z,81,calls.csv
+919854769200,+919850308572,2026-08-14T08:00:00Z,228,calls.csv
+919830863865,+919819832887,2026-08-02T08:00:00Z,435,calls.csv
+919866851377,+919811049999,2026-08-12T08:00:00Z,18,calls.csv
+919850181935,+919897775215,2026-08-02T08:00:00Z,268,calls.csv
+919893370583,+919871510041,2026-08-16T08:00:00Z,154,calls.csv
+919895125977,+919856930359,2026-08-03T08:00:00Z,386,calls.csv
+919838609087,+919850181935,2026-08-03T08:00:00Z,295,calls.csv
+919863121477,+919824508349,2026-08-06T08:00:00Z,418,calls.csv
+919827558317,+919854318698,2026-08-15T08:00:00Z,322,calls.csv
+919867403166,+919844999379,2026-08-03T08:00:00Z,402,calls.csv
+919868526649,+919848250360,2026-08-09T08:00:00Z,248,calls.csv
+919869302158,+919852462441,2026-08-05T08:00:00Z,343,calls.csv
+919835511941,+919847816686,2026-08-06T08:00:00Z,341,calls.csv
+919895125977,+919877898694,2026-08-15T08:00:00Z,280,calls.csv
+919863121477,+919833966966,2026-08-14T08:00:00Z,465,calls.csv
+919815614174,+919825480907,2026-08-10T08:00:00Z,13,calls.csv
+919838195995,+919845630292,2026-08-01T08:00:00Z,14,calls.csv
+919842787299,+919821003626,2026-08-14T08:00:00Z,87,calls.csv
+919884158663,+919842787299,2026-08-11T08:00:00Z,282,calls.csv
+919849682169,+919884437458,2026-08-07T08:00:00Z,404,calls.csv
+919895125977,+919836786211,2026-08-05T08:00:00Z,106,calls.csv
+919846553958,+919861343880,2026-08-07T08:00:00Z,167,calls.csv
+919815334035,+919847463522,2026-08-01T08:00:00Z,283,calls.csv
+919890070438,+919871780854,2026-08-05T08:00:00Z,286,calls.csv
+919884252420,+919843308443,2026-08-11T08:00:00Z,455,calls.csv
+919836445607,+919899889098,2026-08-07T08:00:00Z,113,calls.csv
+919899639081,+919899245317,2026-08-14T08:00:00Z,148,calls.csv
+919842035886,+919899038359,2026-08-12T08:00:00Z,23,calls.csv
+919823903144,+919850603163,2026-08-04T08:00:00Z,437,calls.csv
+919835921441,+919845059710,2026-08-15T08:00:00Z,454,calls.csv
+919880993218,+919852462441,2026-08-07T08:00:00Z,204,calls.csv
+919888339168,+919839854548,2026-08-15T08:00:00Z,214,calls.csv
+919865337219,+919893638503,2026-08-13T08:00:00Z,312,calls.csv
+919885146293,+919867887757,2026-08-06T08:00:00Z,269,calls.csv
+919843704923,+919885863473,2026-08-04T08:00:00Z,93,calls.csv
+919838270233,+919877834855,2026-08-04T08:00:00Z,491,calls.csv
+919839920292,+919852462441,2026-08-12T08:00:00Z,393,calls.csv
+919899913412,+919815197528,2026-08-07T08:00:00Z,117,calls.csv
+919867887757,+919861700055,2026-08-12T08:00:00Z,254,calls.csv
+919811250299,+919856397338,2026-08-04T08:00:00Z,493,calls.csv
+919864813568,+919864543049,2026-08-01T08:00:00Z,204,calls.csv
+919831810617,+919825480907,2026-08-04T08:00:00Z,191,calls.csv
+919813176186,+919835748341,2026-08-03T08:00:00Z,232,calls.csv
+919867403166,+919899514287,2026-08-08T08:00:00Z,369,calls.csv
+919879782527,+919867403166,2026-08-13T08:00:00Z,458,calls.csv
+919850264926,+919864543049,2026-08-09T08:00:00Z,383,calls.csv
+919815917225,+919821003626,2026-08-02T08:00:00Z,82,calls.csv
+919857130035,+919837415205,2026-08-01T08:00:00Z,75,calls.csv
+919827084279,+919865259205,2026-08-05T08:00:00Z,365,calls.csv
+919850264926,+919837326368,2026-08-02T08:00:00Z,41,calls.csv
+919898588154,+919877834855,2026-08-10T08:00:00Z,200,calls.csv
+919895132217,+919815197528,2026-08-06T08:00:00Z,224,calls.csv
+919827084279,+919852133044,2026-08-06T08:00:00Z,196,calls.csv
+919824508349,+919899245317,2026-08-01T08:00:00Z,264,calls.csv
+919893638503,+919854585178,2026-08-13T08:00:00Z,330,calls.csv
+919893303777,+919892097999,2026-08-11T08:00:00Z,24,calls.csv
+919845059710,+919835511941,2026-08-01T08:00:00Z,465,calls.csv
+919850264926,+919859597086,2026-08-05T08:00:00Z,477,calls.csv
+919883227889,+919813326769,2026-08-13T08:00:00Z,400,calls.csv
+919899038526,+919884045292,2026-08-06T08:00:00Z,90,calls.csv
+919847463522,+919822388090,2026-08-12T08:00:00Z,469,calls.csv
+919842787299,+919867887757,2026-08-14T08:00:00Z,43,calls.csv
+919824508349,+919868571795,2026-08-15T08:00:00Z,222,calls.csv
+919871510041,+919850603163,2026-08-05T08:00:00Z,448,calls.csv
+919890070438,+919833763566,2026-08-01T08:00:00Z,169,calls.csv
+919868571795,+919850264926,2026-08-09T08:00:00Z,75,calls.csv
+919821003626,+919841774346,2026-08-12T08:00:00Z,499,calls.csv
+919871367643,+919858884978,2026-08-04T08:00:00Z,254,calls.csv
+919854058573,+919895511909,2026-08-07T08:00:00Z,74,calls.csv
+919884411983,+919827558317,2026-08-05T08:00:00Z,422,calls.csv
+919844188276,+919842787299,2026-08-03T08:00:00Z,390,calls.csv
+919887388337,+919825492573,2026-08-13T08:00:00Z,154,calls.csv
+919871367643,+919881969657,2026-08-08T08:00:00Z,125,calls.csv
+919878064830,+919882160068,2026-08-10T08:00:00Z,178,calls.csv
+919825015458,+919851511484,2026-08-09T08:00:00Z,399,calls.csv
+919886384014,+919893370583,2026-08-14T08:00:00Z,201,calls.csv
+919824549543,+919861343880,2026-08-02T08:00:00Z,392,calls.csv
+919840547349,+919867684996,2026-08-02T08:00:00Z,416,calls.csv
+919865337219,+919815334035,2026-08-01T08:00:00Z,83,calls.csv
+919885563727,+919859597086,2026-08-08T08:00:00Z,92,calls.csv
+919830863865,+919821003626,2026-08-01T08:00:00Z,302,calls.csv
+919823419256,+919844999379,2026-08-13T08:00:00Z,241,calls.csv
+919847135391,+919864813568,2026-08-09T08:00:00Z,289,calls.csv
+919850603163,+919854769200,2026-08-09T08:00:00Z,345,calls.csv
+919864009265,+919827558317,2026-08-11T08:00:00Z,182,calls.csv
+919882160068,+919811250299,2026-08-11T08:00:00Z,423,calls.csv
+919819832887,+919846553958,2026-08-15T08:00:00Z,349,calls.csv
+919887388337,+919858884978,2026-08-11T08:00:00Z,400,calls.csv
+919827084279,+919892097999,2026-08-03T08:00:00Z,410,calls.csv
+919878371272,+919815134794,2026-08-01T08:00:00Z,288,calls.csv
+919827566185,+919887388337,2026-08-08T08:00:00Z,244,calls.csv
+919824508349,+919854769200,2026-08-10T08:00:00Z,74,calls.csv
+919823419256,+919854585178,2026-08-15T08:00:00Z,233,calls.csv
+919828024248,+919879782527,2026-08-06T08:00:00Z,213,calls.csv
+919856397338,+919819317495,2026-08-05T08:00:00Z,440,calls.csv
+919831172421,+919884411983,2026-08-01T08:00:00Z,111,calls.csv
+919843491314,+919880993218,2026-08-12T08:00:00Z,279,calls.csv
+919899038526,+919863121477,2026-08-05T08:00:00Z,298,calls.csv
+919866851377,+919856020613,2026-08-02T08:00:00Z,419,calls.csv
+919813704481,+919813176186,2026-08-08T08:00:00Z,365,calls.csv
+919866851377,+919860888017,2026-08-12T08:00:00Z,91,calls.csv
+919847463522,+919831172421,2026-08-06T08:00:00Z,335,calls.csv
+919885563727,+919895132217,2026-08-08T08:00:00Z,441,calls.csv
+919882269803,+919825492573,2026-08-05T08:00:00Z,286,calls.csv
+919891363974,+919857469942,2026-08-07T08:00:00Z,152,calls.csv
+919888339168,+919825480907,2026-08-10T08:00:00Z,209,calls.csv
+919827778019,+919831810617,2026-08-16T08:00:00Z,249,calls.csv
+919821003626,+919845650176,2026-08-10T08:00:00Z,10,calls.csv
+919838609087,+919878064830,2026-08-10T08:00:00Z,116,calls.csv
+919843491314,+919891363974,2026-08-03T08:00:00Z,40,calls.csv
+919838270233,+919829876811,2026-08-05T08:00:00Z,83,calls.csv
+919834073380,+919899245317,2026-08-08T08:00:00Z,210,calls.csv
+919885283645,+919815917225,2026-08-14T08:00:00Z,210,calls.csv
+919814835614,+919819317495,2026-08-08T08:00:00Z,437,calls.csv
+919884252420,+919847816686,2026-08-08T08:00:00Z,495,calls.csv
+919858942697,+919823903144,2026-08-13T08:00:00Z,73,calls.csv
+919885863473,+919852462441,2026-08-05T08:00:00Z,115,calls.csv
+919830005727,+919844188276,2026-08-09T08:00:00Z,399,calls.csv
+919893370583,+919815354599,2026-08-04T08:00:00Z,276,calls.csv
+919835748341,+919856020613,2026-08-04T08:00:00Z,405,calls.csv
+919866267415,+919899038526,2026-08-16T08:00:00Z,128,calls.csv
+919824549543,+919850603163,2026-08-10T08:00:00Z,430,calls.csv
+919885146293,+919811297845,2026-08-15T08:00:00Z,88,calls.csv
+919847816686,+919838270233,2026-08-11T08:00:00Z,458,calls.csv
+919831367172,+919871780854,2026-08-13T08:00:00Z,439,calls.csv
+919811250299,+919824508349,2026-08-15T08:00:00Z,228,calls.csv
+919833357554,+919852169044,2026-08-16T08:00:00Z,398,calls.csv
+919845431319,+919842787299,2026-08-04T08:00:00Z,55,calls.csv
+919843491314,+919890070438,2026-08-12T08:00:00Z,133,calls.csv
+919845159040,+919854058573,2026-08-14T08:00:00Z,225,calls.csv
+919896098221,+919833763566,2026-08-04T08:00:00Z,452,calls.csv
+919846553958,+919824366125,2026-08-09T08:00:00Z,473,calls.csv
+919878064830,+919833763566,2026-08-11T08:00:00Z,224,calls.csv
+919845159040,+919878064830,2026-08-12T08:00:00Z,52,calls.csv
+919822388090,+919847463522,2026-08-16T08:00:00Z,134,calls.csv
+919833357554,+919854058573,2026-08-08T08:00:00Z,312,calls.csv
+919897775215,+919845159040,2026-08-09T08:00:00Z,63,calls.csv
+919863121477,+919825015458,2026-08-16T08:00:00Z,297,calls.csv
+919826726926,+919850181935,2026-08-13T08:00:00Z,320,calls.csv
+919827084279,+919845159040,2026-08-13T08:00:00Z,31,calls.csv
+919890070438,+919880166708,2026-08-04T08:00:00Z,304,calls.csv
+919887388337,+919854769200,2026-08-08T08:00:00Z,194,calls.csv
+919843704923,+919863643924,2026-08-14T08:00:00Z,427,calls.csv
+919889795010,+919825492573,2026-08-02T08:00:00Z,187,calls.csv
+919815917225,+919850603163,2026-08-15T08:00:00Z,303,calls.csv
+919827778019,+919858024342,2026-08-13T08:00:00Z,426,calls.csv
+919866267415,+919880993218,2026-08-14T08:00:00Z,352,calls.csv
+919845059710,+919899038359,2026-08-06T08:00:00Z,22,calls.csv
+919867684996,+919835511941,2026-08-04T08:00:00Z,159,calls.csv
+919829876811,+919827105448,2026-08-15T08:00:00Z,444,calls.csv
+919878064830,+919820099059,2026-08-12T08:00:00Z,190,calls.csv
+919857130035,+919858942697,2026-08-15T08:00:00Z,411,calls.csv
+919888339168,+919893370583,2026-08-15T08:00:00Z,367,calls.csv
+919885563727,+919892097999,2026-08-06T08:00:00Z,117,calls.csv
+919810475894,+919846553958,2026-08-11T08:00:00Z,389,calls.csv
+919825480907,+919882269803,2026-08-12T08:00:00Z,409,calls.csv
+919845810056,+919891178885,2026-08-03T08:00:00Z,180,calls.csv
+919836786211,+919871367643,2026-08-08T08:00:00Z,172,calls.csv
+919854585178,+919847463522,2026-08-03T08:00:00Z,337,calls.csv
+919868326160,+919836445607,2026-08-16T08:00:00Z,337,calls.csv
+919882160068,+919838270233,2026-08-13T08:00:00Z,113,calls.csv
+919892097999,+919825015458,2026-08-16T08:00:00Z,189,calls.csv
+919877898694,+919850603163,2026-08-12T08:00:00Z,396,calls.csv
+919885283645,+919852169044,2026-08-11T08:00:00Z,18,calls.csv
+919824508349,+919844999379,2026-08-10T08:00:00Z,475,calls.csv
+919861700055,+919899508850,2026-08-10T08:00:00Z,397,calls.csv
+919859555330,+919871510041,2026-08-06T08:00:00Z,213,calls.csv
+919895132217,+919851373735,2026-08-03T08:00:00Z,111,calls.csv
+919882909480,+919899038526,2026-08-13T08:00:00Z,446,calls.csv
+919892097999,+919861343880,2026-08-11T08:00:00Z,282,calls.csv
+919836786211,+919830863865,2026-08-05T08:00:00Z,481,calls.csv
+919840547349,+919881969657,2026-08-10T08:00:00Z,324,calls.csv
+919863481198,+919879782527,2026-08-11T08:00:00Z,125,calls.csv
+919830005727,+919871780854,2026-08-08T08:00:00Z,290,calls.csv
+919865259205,+919845159040,2026-08-09T08:00:00Z,23,calls.csv
+919854058573,+919842787299,2026-08-08T08:00:00Z,135,calls.csv
+919842787299,+919850603163,2026-08-07T08:00:00Z,84,calls.csv
+919822388090,+919875569635,2026-08-08T08:00:00Z,20,calls.csv
+919891363974,+919834073380,2026-08-15T08:00:00Z,222,calls.csv
+919810475894,+919828024248,2026-08-07T08:00:00Z,221,calls.csv
+919882160068,+919827084279,2026-08-13T08:00:00Z,331,calls.csv
+919895125977,+919845630292,2026-08-09T08:00:00Z,371,calls.csv
+919878371272,+919892097999,2026-08-14T08:00:00Z,199,calls.csv
+919878371272,+919845496015,2026-08-11T08:00:00Z,286,calls.csv
+919820099059,+919838609087,2026-08-05T08:00:00Z,174,calls.csv
+919899508850,+919857130035,2026-08-05T08:00:00Z,59,calls.csv
+919861700055,+919825015458,2026-08-16T08:00:00Z,284,calls.csv
+919836445607,+919881969657,2026-08-08T08:00:00Z,378,calls.csv
+919884252420,+919825492573,2026-08-08T08:00:00Z,248,calls.csv
+919830743797,+919895125977,2026-08-02T08:00:00Z,245,calls.csv
+919895132217,+919850603163,2026-08-16T08:00:00Z,312,calls.csv
+919897775215,+919819391725,2026-08-06T08:00:00Z,21,calls.csv
+919859555330,+919839854548,2026-08-02T08:00:00Z,468,calls.csv
+919823419256,+919898231132,2026-08-05T08:00:00Z,42,calls.csv
+919831172421,+919836786211,2026-08-03T08:00:00Z,498,calls.csv
+919884045292,+919858942697,2026-08-09T08:00:00Z,495,calls.csv
+919845594597,+919827105448,2026-08-16T08:00:00Z,230,calls.csv
+919896637649,+919837326368,2026-08-05T08:00:00Z,212,calls.csv
+919899038359,+919824549543,2026-08-15T08:00:00Z,168,calls.csv
+919871510041,+919851373735,2026-08-10T08:00:00Z,179,calls.csv
+919842035886,+919863481198,2026-08-14T08:00:00Z,83,calls.csv
+919864009265,+919811297845,2026-08-11T08:00:00Z,451,calls.csv
+919866431351,+919891363974,2026-08-02T08:00:00Z,374,calls.csv
+919838270233,+919820099059,2026-08-04T08:00:00Z,406,calls.csv
+919847816686,+919871367643,2026-08-03T08:00:00Z,281,calls.csv
+919829876811,+919845594597,2026-08-06T08:00:00Z,385,calls.csv
+919819317495,+919857130035,2026-08-06T08:00:00Z,437,calls.csv
+919815334035,+919827105448,2026-08-16T08:00:00Z,383,calls.csv
+919854769200,+919835511941,2026-08-03T08:00:00Z,58,calls.csv
+919868326160,+919823796726,2026-08-13T08:00:00Z,422,calls.csv
+919883227889,+919819233013,2026-08-16T08:00:00Z,80,calls.csv
+919887925434,+919815334035,2026-08-04T08:00:00Z,169,calls.csv
+919836786211,+919837415205,2026-08-14T08:00:00Z,460,calls.csv
+919878064830,+919891178885,2026-08-03T08:00:00Z,104,calls.csv
+919884158663,+919825480907,2026-08-07T08:00:00Z,126,calls.csv
+919884252420,+919815917225,2026-08-03T08:00:00Z,183,calls.csv
+919869302158,+919882269803,2026-08-04T08:00:00Z,278,calls.csv
+919811250299,+919815614174,2026-08-02T08:00:00Z,295,calls.csv
+919811049999,+919831172421,2026-08-12T08:00:00Z,58,calls.csv
+919852169044,+919852436584,2026-08-01T08:00:00Z,12,calls.csv
+919893370583,+919840547349,2026-08-10T08:00:00Z,24,calls.csv
+919863481198,+919850181935,2026-08-12T08:00:00Z,449,calls.csv
+919843308443,+919845810056,2026-08-07T08:00:00Z,335,calls.csv
+919895132217,+919891178885,2026-08-06T08:00:00Z,284,calls.csv
+919899038359,+919823419256,2026-08-04T08:00:00Z,456,calls.csv
+919831172421,+919865259205,2026-08-12T08:00:00Z,303,calls.csv
+919837415205,+919850603163,2026-08-06T08:00:00Z,269,calls.csv
+919852133044,+919830005727,2026-08-01T08:00:00Z,328,calls.csv
+919858024342,+919871510041,2026-08-04T08:00:00Z,423,calls.csv
+919835748341,+919845431319,2026-08-04T08:00:00Z,188,calls.csv
+919831172421,+919815334035,2026-08-06T08:00:00Z,470,calls.csv
+919847463522,+919891178885,2026-08-07T08:00:00Z,318,calls.csv
+919865259205,+919891363974,2026-08-11T08:00:00Z,490,calls.csv
+919864813568,+919841774346,2026-08-13T08:00:00Z,411,calls.csv
+919839854548,+919853779528,2026-08-03T08:00:00Z,183,calls.csv
+919857130035,+919878371272,2026-08-05T08:00:00Z,132,calls.csv
+919839920292,+919844999379,2026-08-13T08:00:00Z,31,calls.csv
+919820099059,+919811049999,2026-08-16T08:00:00Z,425,calls.csv
+919841774346,+919825015458,2026-08-04T08:00:00Z,444,calls.csv
+919827778019,+919867887757,2026-08-11T08:00:00Z,476,calls.csv
+919856020613,+919850181935,2026-08-13T08:00:00Z,397,calls.csv
+919816818112,+919850308572,2026-08-07T08:00:00Z,154,calls.csv
+919821003626,+919845650176,2026-08-15T08:00:00Z,400,calls.csv
+919865337219,+919845431319,2026-08-14T08:00:00Z,216,calls.csv
+919897775215,+919835921441,2026-08-03T08:00:00Z,261,calls.csv
+919845059710,+919839920292,2026-08-04T08:00:00Z,174,calls.csv
+919859555330,+919834073380,2026-08-13T08:00:00Z,166,calls.csv
+919891178885,+919846553958,2026-08-10T08:00:00Z,404,calls.csv
+919868526649,+919851373735,2026-08-02T08:00:00Z,280,calls.csv
+919871780854,+919844999379,2026-08-03T08:00:00Z,167,calls.csv
+919868812137,+919895511909,2026-08-06T08:00:00Z,338,calls.csv
+919836445607,+919852462441,2026-08-02T08:00:00Z,283,calls.csv
+919827105448,+919888339168,2026-08-10T08:00:00Z,207,calls.csv
+919844999379,+919836786211,2026-08-02T08:00:00Z,431,calls.csv
+919868526649,+919897775215,2026-08-06T08:00:00Z,270,calls.csv
+919825521714,+919831172421,2026-08-02T08:00:00Z,476,calls.csv
+919847135391,+919847463522,2026-08-15T08:00:00Z,496,calls.csv
+919882160068,+919884411983,2026-08-11T08:00:00Z,47,calls.csv
+919882909480,+919893638503,2026-08-16T08:00:00Z,115,calls.csv
+919823796726,+919833763566,2026-08-01T08:00:00Z,33,calls.csv
+919819233013,+919893638503,2026-08-04T08:00:00Z,483,calls.csv
+919845431319,+919866431351,2026-08-08T08:00:00Z,347,calls.csv
+919835511941,+919837415205,2026-08-13T08:00:00Z,433,calls.csv
+919899889098,+919893303777,2026-08-13T08:00:00Z,32,calls.csv
+919865259205,+919844188276,2026-08-08T08:00:00Z,328,calls.csv
+919858884978,+919884158663,2026-08-14T08:00:00Z,358,calls.csv
+919823796726,+919825015458,2026-08-10T08:00:00Z,114,calls.csv
+919884437458,+919810226999,2026-08-09T08:00:00Z,219,calls.csv
+919852101056,+919815354599,2026-08-14T08:00:00Z,431,calls.csv
+919829876811,+919835921441,2026-08-09T08:00:00Z,441,calls.csv
+919844999379,+919863121477,2026-08-16T08:00:00Z,139,calls.csv
+919899038526,+919815354599,2026-08-13T08:00:00Z,31,calls.csv
+919851373735,+919864009265,2026-08-15T08:00:00Z,75,calls.csv
+919824549543,+919852101056,2026-08-08T08:00:00Z,46,calls.csv
+919833763566,+919853779528,2026-08-04T08:00:00Z,91,calls.csv
+919839920292,+919843308443,2026-08-06T08:00:00Z,284,calls.csv
+919893370583,+919860888017,2026-08-09T08:00:00Z,499,calls.csv
+919831172421,+919825492573,2026-08-13T08:00:00Z,155,calls.csv
+919871510041,+919847393469,2026-08-10T08:00:00Z,448,calls.csv
+919863481198,+919884158663,2026-08-04T08:00:00Z,399,calls.csv
+919854769200,+919830863865,2026-08-07T08:00:00Z,496,calls.csv
+919854318698,+919810475894,2026-08-16T08:00:00Z,112,calls.csv
+919827566185,+919827084279,2026-08-02T08:00:00Z,250,calls.csv
+919898231132,+919880166708,2026-08-04T08:00:00Z,127,calls.csv
+919858024342,+919845630292,2026-08-06T08:00:00Z,52,calls.csv
+919837326368,+919833966966,2026-08-03T08:00:00Z,133,calls.csv
+919897775215,+919871367643,2026-08-12T08:00:00Z,234,calls.csv
+919852462441,+919844188276,2026-08-15T08:00:00Z,315,calls.csv
+919864009265,+919871780854,2026-08-07T08:00:00Z,403,calls.csv
+919877834855,+919885863473,2026-08-11T08:00:00Z,32,calls.csv
+919863481198,+919822388090,2026-08-05T08:00:00Z,184,calls.csv
+919878064830,+919845810056,2026-08-12T08:00:00Z,246,calls.csv
+919892613013,+919850308572,2026-08-02T08:00:00Z,210,calls.csv
+919819233013,+919865259205,2026-08-10T08:00:00Z,268,calls.csv
+919819391725,+919842787299,2026-08-06T08:00:00Z,331,calls.csv
+919819317495,+919856930359,2026-08-15T08:00:00Z,22,calls.csv
+919850603163,+919843308443,2026-08-08T08:00:00Z,318,calls.csv
+919866851377,+919847393469,2026-08-06T08:00:00Z,83,calls.csv
+919854446182,+919899913412,2026-08-02T08:00:00Z,67,calls.csv
+919868526649,+919819391725,2026-08-14T08:00:00Z,275,calls.csv
+919813704481,+919864543049,2026-08-06T08:00:00Z,380,calls.csv
+919821003626,+919825521714,2026-08-02T08:00:00Z,83,calls.csv
+919881969657,+919868526649,2026-08-08T08:00:00Z,13,calls.csv
+919819233013,+919852436584,2026-08-02T08:00:00Z,426,calls.csv
+919845630292,+919864009265,2026-08-04T08:00:00Z,448,calls.csv
+919842787299,+919837326368,2026-08-02T08:00:00Z,298,calls.csv
+919816818112,+919847816686,2026-08-01T08:00:00Z,342,calls.csv
+919868571795,+919823796726,2026-08-13T08:00:00Z,154,calls.csv
+919868526649,+919871367643,2026-08-13T08:00:00Z,240,calls.csv
+919895511909,+919845496015,2026-08-16T08:00:00Z,323,calls.csv
+919878064830,+919823419256,2026-08-15T08:00:00Z,255,calls.csv
+919865259205,+919864813568,2026-08-12T08:00:00Z,124,calls.csv
+919844188276,+919847393469,2026-08-06T08:00:00Z,208,calls.csv
+919811250299,+919899245317,2026-08-12T08:00:00Z,388,calls.csv
+919815614174,+919848250360,2026-08-10T08:00:00Z,83,calls.csv
+919871780854,+919849682169,2026-08-14T08:00:00Z,373,calls.csv
+919811297845,+919899889098,2026-08-13T08:00:00Z,74,calls.csv
+919866267415,+919836786211,2026-08-07T08:00:00Z,492,calls.csv
+919868326160,+919831810617,2026-08-14T08:00:00Z,245,calls.csv
+919843491314,+919869302158,2026-08-15T08:00:00Z,497,calls.csv
+919845630292,+919851511484,2026-08-12T08:00:00Z,182,calls.csv
+919893370583,+919845159040,2026-08-13T08:00:00Z,78,calls.csv
+919885863473,+919866851377,2026-08-07T08:00:00Z,135,calls.csv
+919899038359,+919882909480,2026-08-07T08:00:00Z,301,calls.csv
+919819317495,+919845594597,2026-08-12T08:00:00Z,470,calls.csv
+919851511484,+919854446182,2026-08-14T08:00:00Z,201,calls.csv
+919850308572,+919854585178,2026-08-07T08:00:00Z,211,calls.csv
+919844188276,+919850264926,2026-08-04T08:00:00Z,287,calls.csv
+919867403166,+919869302158,2026-08-10T08:00:00Z,473,calls.csv
+919815957459,+919838195995,2026-08-14T08:00:00Z,36,calls.csv
+919892613013,+919899038359,2026-08-11T08:00:00Z,292,calls.csv
+919885283645,+919841774346,2026-08-13T08:00:00Z,489,calls.csv
+919827084279,+919848250360,2026-08-06T08:00:00Z,492,calls.csv
+919830005727,+919845059710,2026-08-07T08:00:00Z,207,calls.csv
+919863481198,+919845159040,2026-08-06T08:00:00Z,149,calls.csv
+919880993218,+919831172421,2026-08-05T08:00:00Z,338,calls.csv
+919825480907,+919895125977,2026-08-07T08:00:00Z,87,calls.csv
+919829876811,+919899913412,2026-08-15T08:00:00Z,135,calls.csv
+919852462441,+919886384014,2026-08-16T08:00:00Z,171,calls.csv
+919891363974,+919837326368,2026-08-02T08:00:00Z,356,calls.csv
+919887388337,+919819391725,2026-08-03T08:00:00Z,20,calls.csv
+919815354599,+919873174945,2026-08-11T08:00:00Z,446,calls.csv
+919867887757,+919836445607,2026-08-12T08:00:00Z,113,calls.csv
+919880993218,+919852133044,2026-08-07T08:00:00Z,167,calls.csv
+919819391725,+919813176186,2026-08-11T08:00:00Z,308,calls.csv
+919839854548,+919868571795,2026-08-11T08:00:00Z,370,calls.csv
+919845810056,+919845431319,2026-08-10T08:00:00Z,61,calls.csv
+919859555330,+919885283645,2026-08-05T08:00:00Z,93,calls.csv
+919815197528,+919854769200,2026-08-14T08:00:00Z,91,calls.csv
+919859555330,+919828024248,2026-08-16T08:00:00Z,368,calls.csv
+919824366125,+919852101056,2026-08-08T08:00:00Z,68,calls.csv
+919824549543,+919861343880,2026-08-15T08:00:00Z,59,calls.csv
+919838270233,+919871780854,2026-08-05T08:00:00Z,460,calls.csv
+919819233013,+919868571795,2026-08-13T08:00:00Z,254,calls.csv
+919852169044,+919864009265,2026-08-01T08:00:00Z,310,calls.csv
+919852101056,+919813176186,2026-08-15T08:00:00Z,309,calls.csv
+919823796726,+919815334035,2026-08-15T08:00:00Z,467,calls.csv
+919815614174,+919839920292,2026-08-12T08:00:00Z,463,calls.csv
+919877898694,+919879782527,2026-08-12T08:00:00Z,45,calls.csv
+919837415205,+919845650176,2026-08-10T08:00:00Z,356,calls.csv
+919889795010,+919852133044,2026-08-04T08:00:00Z,488,calls.csv
+919858884978,+919865337219,2026-08-11T08:00:00Z,159,calls.csv
+919882909480,+919879782527,2026-08-12T08:00:00Z,318,calls.csv
+919854058573,+919864543049,2026-08-14T08:00:00Z,96,calls.csv
+919878371272,+919878064830,2026-08-07T08:00:00Z,272,calls.csv
+919824366125,+919827778019,2026-08-01T08:00:00Z,260,calls.csv
+919899913412,+919860888017,2026-08-02T08:00:00Z,342,calls.csv
+919888183110,+919899508850,2026-08-10T08:00:00Z,144,calls.csv
+919839854548,+919848250360,2026-08-11T08:00:00Z,30,calls.csv
+919831367172,+919895511909,2026-08-15T08:00:00Z,347,calls.csv
+919831687165,+919856930359,2026-08-02T08:00:00Z,76,calls.csv
+919838195995,+919815354599,2026-08-01T08:00:00Z,164,calls.csv
+919819233013,+919892613013,2026-08-16T08:00:00Z,204,calls.csv
+919845630292,+919858024342,2026-08-09T08:00:00Z,366,calls.csv
+919835921441,+919856930359,2026-08-12T08:00:00Z,421,calls.csv
+919827558317,+919857469942,2026-08-14T08:00:00Z,372,calls.csv
+919887925434,+919886384014,2026-08-12T08:00:00Z,378,calls.csv
+919884158663,+919828024248,2026-08-07T08:00:00Z,260,calls.csv
+919850962024,+919830743797,2026-08-03T08:00:00Z,477,calls.csv
+919869302158,+919858884978,2026-08-03T08:00:00Z,422,calls.csv
+919845159040,+919899913412,2026-08-04T08:00:00Z,21,calls.csv
+919827566185,+919837326368,2026-08-04T08:00:00Z,134,calls.csv
+919838609087,+919837415205,2026-08-12T08:00:00Z,43,calls.csv
+919865259205,+919823796726,2026-08-08T08:00:00Z,408,calls.csv
+919854318698,+919838609087,2026-08-01T08:00:00Z,380,calls.csv
+919822388090,+919810226999,2026-08-11T08:00:00Z,455,calls.csv
+919895132217,+919847816686,2026-08-05T08:00:00Z,308,calls.csv
+919866267415,+919849682169,2026-08-11T08:00:00Z,412,calls.csv
+919845159040,+919880166708,2026-08-04T08:00:00Z,38,calls.csv
+919896637649,+919823903144,2026-08-07T08:00:00Z,480,calls.csv
+919880993218,+919831687165,2026-08-06T08:00:00Z,56,calls.csv
+919825492573,+919867887757,2026-08-01T08:00:00Z,231,calls.csv
+919868526649,+919842035886,2026-08-07T08:00:00Z,35,calls.csv
+919825492573,+919831687165,2026-08-13T08:00:00Z,174,calls.csv
+919866267415,+919866851377,2026-08-07T08:00:00Z,253,calls.csv
+919865337219,+919825015458,2026-08-16T08:00:00Z,319,calls.csv
+919896637649,+919882160068,2026-08-16T08:00:00Z,157,calls.csv
+919843491314,+919819736572,2026-08-02T08:00:00Z,236,calls.csv
+919882160068,+919861700055,2026-08-01T08:00:00Z,50,calls.csv
+919837415205,+919865337219,2026-08-09T08:00:00Z,83,calls.csv
+919811297845,+919895125977,2026-08-07T08:00:00Z,368,calls.csv
+919885146293,+919899508850,2026-08-03T08:00:00Z,106,calls.csv
+919882160068,+919821003626,2026-08-08T08:00:00Z,93,calls.csv
+919830863865,+919885563727,2026-08-10T08:00:00Z,317,calls.csv
+919829876811,+919861700055,2026-08-10T08:00:00Z,121,calls.csv
+919815134794,+919878064830,2026-08-12T08:00:00Z,386,calls.csv
+919888183110,+919866851377,2026-08-01T08:00:00Z,345,calls.csv
+919831172421,+919878064830,2026-08-10T08:00:00Z,396,calls.csv
+919899245317,+919819391725,2026-08-02T08:00:00Z,42,calls.csv
+919854058573,+919823419256,2026-08-02T08:00:00Z,327,calls.csv
+919838270233,+919848250360,2026-08-03T08:00:00Z,355,calls.csv
+919837326368,+919825492573,2026-08-15T08:00:00Z,16,calls.csv
+919880993218,+919863643924,2026-08-03T08:00:00Z,173,calls.csv
+919868812137,+919846553958,2026-08-12T08:00:00Z,367,calls.csv
+919831172421,+919826726926,2026-08-03T08:00:00Z,301,calls.csv
+919892097999,+919845594597,2026-08-11T08:00:00Z,240,calls.csv
+919820099059,+919880993218,2026-08-16T08:00:00Z,199,calls.csv
+919891178885,+919899514287,2026-08-16T08:00:00Z,170,calls.csv
+919816818112,+919880993218,2026-08-07T08:00:00Z,126,calls.csv
+919868812137,+919852169044,2026-08-02T08:00:00Z,363,calls.csv
+919836786211,+919883227889,2026-08-15T08:00:00Z,460,calls.csv
+919851511484,+919893370583,2026-08-13T08:00:00Z,247,calls.csv
+919851511484,+919869302158,2026-08-05T08:00:00Z,82,calls.csv
+919810226999,+919882269803,2026-08-13T08:00:00Z,224,calls.csv
+919845059710,+919823903144,2026-08-11T08:00:00Z,205,calls.csv
+919867684996,+919852133044,2026-08-13T08:00:00Z,197,calls.csv
+919822388090,+919897775215,2026-08-06T08:00:00Z,87,calls.csv
+919814835614,+919882160068,2026-08-07T08:00:00Z,58,calls.csv
+919864543049,+919889795010,2026-08-16T08:00:00Z,86,calls.csv
+919831367172,+919877898694,2026-08-07T08:00:00Z,21,calls.csv
+919891178885,+919889795010,2026-08-06T08:00:00Z,165,calls.csv
+919854446182,+919824366125,2026-08-08T08:00:00Z,107,calls.csv
+919819832887,+919826726926,2026-08-16T08:00:00Z,231,calls.csv
+919897775215,+919885283645,2026-08-16T08:00:00Z,350,calls.csv
+919811049999,+919836786211,2026-08-04T08:00:00Z,44,calls.csv
+919821003626,+919896637649,2026-08-16T08:00:00Z,321,calls.csv
+919845431319,+919844188276,2026-08-08T08:00:00Z,275,calls.csv
+919854058573,+919899038359,2026-08-14T08:00:00Z,261,calls.csv
+919822388090,+919854585178,2026-08-06T08:00:00Z,183,calls.csv
+919867684996,+919835748341,2026-08-14T08:00:00Z,323,calls.csv
+919885146293,+919899038526,2026-08-05T08:00:00Z,281,calls.csv
+919850962024,+919887925434,2026-08-12T08:00:00Z,423,calls.csv
+919852101056,+919827566185,2026-08-12T08:00:00Z,299,calls.csv
+919868571795,+919819391725,2026-08-01T08:00:00Z,238,calls.csv
+919825521714,+919815197528,2026-08-08T08:00:00Z,117,calls.csv
+919893370583,+919852101056,2026-08-08T08:00:00Z,475,calls.csv
+919836445607,+919885563727,2026-08-16T08:00:00Z,412,calls.csv
+919824366125,+919810475894,2026-08-11T08:00:00Z,305,calls.csv
+919835511941,+919851373735,2026-08-07T08:00:00Z,471,calls.csv
+919827566185,+919821003626,2026-08-08T08:00:00Z,372,calls.csv
+919814835614,+919891363974,2026-08-08T08:00:00Z,426,calls.csv
+919857130035,+919839920292,2026-08-16T08:00:00Z,465,calls.csv
+919864543049,+919836445607,2026-08-04T08:00:00Z,206,calls.csv
+919882269803,+919861343880,2026-08-11T08:00:00Z,51,calls.csv
+919866851377,+919839920292,2026-08-15T08:00:00Z,318,calls.csv
+919845594597,+919830743797,2026-08-03T08:00:00Z,240,calls.csv
+919845630292,+919863121477,2026-08-07T08:00:00Z,415,calls.csv
+919846553958,+919858942697,2026-08-05T08:00:00Z,196,calls.csv
+919863121477,+919811049999,2026-08-16T08:00:00Z,136,calls.csv
+919842787299,+919885563727,2026-08-01T08:00:00Z,177,calls.csv
+919820099059,+919895132217,2026-08-16T08:00:00Z,297,calls.csv
+919861343880,+919831367172,2026-08-11T08:00:00Z,258,calls.csv
+919836445607,+919890070438,2026-08-07T08:00:00Z,431,calls.csv
+919815917225,+919844999379,2026-08-04T08:00:00Z,161,calls.csv
+919843491314,+919811049999,2026-08-07T08:00:00Z,278,calls.csv
+919861700055,+919850962024,2026-08-08T08:00:00Z,414,calls.csv
+919835921441,+919857469942,2026-08-01T08:00:00Z,162,calls.csv
+919884158663,+919893638503,2026-08-05T08:00:00Z,161,calls.csv
+919845059710,+919827105448,2026-08-14T08:00:00Z,50,calls.csv
+919825521714,+919856843172,2026-08-05T08:00:00Z,238,calls.csv
+919866267415,+919819233013,2026-08-06T08:00:00Z,314,calls.csv
+919830005727,+919893131979,2026-08-11T08:00:00Z,65,calls.csv
+919858942697,+919864813568,2026-08-09T08:00:00Z,111,calls.csv
+919896637649,+919826726926,2026-08-15T08:00:00Z,155,calls.csv
+919899245317,+919868812137,2026-08-05T08:00:00Z,175,calls.csv
+919864543049,+919885146293,2026-08-02T08:00:00Z,454,calls.csv
+919893370583,+919828024248,2026-08-16T08:00:00Z,198,calls.csv
+919844188276,+919836445607,2026-08-13T08:00:00Z,291,calls.csv
+919845059710,+919866267415,2026-08-14T08:00:00Z,340,calls.csv
+919821003626,+919830863865,2026-08-06T08:00:00Z,177,calls.csv
+919891363974,+919893131979,2026-08-02T08:00:00Z,339,calls.csv
+919850962024,+919821003626,2026-08-02T08:00:00Z,462,calls.csv
+919856397338,+919896098221,2026-08-05T08:00:00Z,264,calls.csv
+919819391725,+919843308443,2026-08-05T08:00:00Z,87,calls.csv
+919881969657,+919827778019,2026-08-06T08:00:00Z,491,calls.csv
+919882909480,+919845496015,2026-08-03T08:00:00Z,396,calls.csv
+919813176186,+919820099059,2026-08-11T08:00:00Z,51,calls.csv
+919829876811,+919887925434,2026-08-03T08:00:00Z,262,calls.csv
+919825480907,+919816818112,2026-08-02T08:00:00Z,278,calls.csv
+919815197528,+919850308572,2026-08-13T08:00:00Z,365,calls.csv
+919865259205,+919854446182,2026-08-03T08:00:00Z,426,calls.csv
+919877834855,+919839854548,2026-08-06T08:00:00Z,69,calls.csv
+919837326368,+919884158663,2026-08-08T08:00:00Z,132,calls.csv
+919896098221,+919815917225,2026-08-01T08:00:00Z,36,calls.csv
+919850308572,+919851373735,2026-08-08T08:00:00Z,255,calls.csv
+919884411983,+919893131979,2026-08-08T08:00:00Z,496,calls.csv
+919865259205,+919823903144,2026-08-11T08:00:00Z,175,calls.csv
+919845630292,+919838270233,2026-08-13T08:00:00Z,19,calls.csv
+919856397338,+919837326368,2026-08-10T08:00:00Z,262,calls.csv
+919845059710,+919858884978,2026-08-14T08:00:00Z,291,calls.csv
+919843308443,+919871780854,2026-08-07T08:00:00Z,311,calls.csv
+919858024342,+919877834855,2026-08-08T08:00:00Z,308,calls.csv
+919839920292,+919866431351,2026-08-12T08:00:00Z,369,calls.csv
+919831687165,+919843704923,2026-08-12T08:00:00Z,270,calls.csv
+919860888017,+919830863865,2026-08-07T08:00:00Z,87,calls.csv
+919871510041,+919866431351,2026-08-10T08:00:00Z,146,calls.csv
+919810475894,+919893303777,2026-08-13T08:00:00Z,91,calls.csv
+919892613013,+919838270233,2026-08-09T08:00:00Z,181,calls.csv
+919865337219,+919893370583,2026-08-09T08:00:00Z,211,calls.csv
+919854769200,+919867403166,2026-08-10T08:00:00Z,241,calls.csv
+919827105448,+919839854548,2026-08-13T08:00:00Z,114,calls.csv
+919882160068,+919824508349,2026-08-02T08:00:00Z,208,calls.csv
+919880166708,+919880993218,2026-08-07T08:00:00Z,112,calls.csv
+919893131979,+919863481198,2026-08-10T08:00:00Z,436,calls.csv
+919852101056,+919863643924,2026-08-07T08:00:00Z,463,calls.csv
+919814835614,+919899639081,2026-08-12T08:00:00Z,247,calls.csv
+919873174945,+919815917225,2026-08-08T08:00:00Z,300,calls.csv
+919878064830,+919899038359,2026-08-01T08:00:00Z,168,calls.csv
+919822388090,+919899038359,2026-08-06T08:00:00Z,450,calls.csv
+919856930359,+919893638503,2026-08-16T08:00:00Z,494,calls.csv
+919884045292,+919845630292,2026-08-11T08:00:00Z,244,calls.csv
+919889795010,+919890070438,2026-08-06T08:00:00Z,481,calls.csv
+919839920292,+919898231132,2026-08-10T08:00:00Z,417,calls.csv
+919845159040,+919857130035,2026-08-03T08:00:00Z,325,calls.csv
+919880166708,+919852436584,2026-08-01T08:00:00Z,327,calls.csv
+919888339168,+919815354599,2026-08-09T08:00:00Z,486,calls.csv
+919852436584,+919899639081,2026-08-15T08:00:00Z,205,calls.csv
+919845594597,+919863481198,2026-08-06T08:00:00Z,59,calls.csv
+919873174945,+919825521714,2026-08-07T08:00:00Z,340,calls.csv
+919844999379,+919857469942,2026-08-12T08:00:00Z,48,calls.csv
+919824366125,+919815197528,2026-08-01T08:00:00Z,162,calls.csv
+919846553958,+919859597086,2026-08-04T08:00:00Z,164,calls.csv
+919844188276,+919892097999,2026-08-15T08:00:00Z,486,calls.csv
+919893638503,+919854769200,2026-08-01T08:00:00Z,460,calls.csv
+919868571795,+919845810056,2026-08-01T08:00:00Z,67,calls.csv
+919854318698,+919885863473,2026-08-08T08:00:00Z,243,calls.csv
+919843704923,+919833966966,2026-08-09T08:00:00Z,148,calls.csv
+919815614174,+919899508850,2026-08-16T08:00:00Z,42,calls.csv
+919843491314,+919833966966,2026-08-05T08:00:00Z,120,calls.csv
+919819391725,+919830863865,2026-08-13T08:00:00Z,25,calls.csv
+919858024342,+919891178885,2026-08-14T08:00:00Z,435,calls.csv
+919856843172,+919829876811,2026-08-06T08:00:00Z,16,calls.csv
+919895125977,+919813326769,2026-08-03T08:00:00Z,404,calls.csv
+919824366125,+919825015458,2026-08-10T08:00:00Z,378,calls.csv
+919898231132,+919892613013,2026-08-09T08:00:00Z,22,calls.csv
+919858884978,+919831367172,2026-08-07T08:00:00Z,130,calls.csv
+919852101056,+919839854548,2026-08-01T08:00:00Z,342,calls.csv
+919813326769,+919850181935,2026-08-14T08:00:00Z,296,calls.csv
+919899508850,+919839920292,2026-08-08T08:00:00Z,376,calls.csv
+919880993218,+919888339168,2026-08-10T08:00:00Z,196,calls.csv
+919854318698,+919899038526,2026-08-12T08:00:00Z,243,calls.csv
+919850264926,+919816818112,2026-08-06T08:00:00Z,201,calls.csv
+919841774346,+919893303777,2026-08-05T08:00:00Z,174,calls.csv
+919810226999,+919833763566,2026-08-12T08:00:00Z,218,calls.csv
+919845810056,+919843704923,2026-08-13T08:00:00Z,200,calls.csv
+919856843172,+919823419256,2026-08-10T08:00:00Z,85,calls.csv
+919863643924,+919882269803,2026-08-16T08:00:00Z,355,calls.csv
+919811297845,+919883227889,2026-08-12T08:00:00Z,231,calls.csv
+919854318698,+919890070438,2026-08-09T08:00:00Z,463,calls.csv
+919823903144,+919856930359,2026-08-12T08:00:00Z,340,calls.csv
+919856843172,+919869302158,2026-08-06T08:00:00Z,465,calls.csv
+919871780854,+919887925434,2026-08-05T08:00:00Z,316,calls.csv
+919887925434,+919811297845,2026-08-06T08:00:00Z,445,calls.csv
+919823796726,+919823903144,2026-08-07T08:00:00Z,432,calls.csv
+919833966966,+919830863865,2026-08-03T08:00:00Z,431,calls.csv
+919831810617,+919824508349,2026-08-02T08:00:00Z,276,calls.csv
+919881969657,+919895125977,2026-08-01T08:00:00Z,140,calls.csv
+919854446182,+919845159040,2026-08-06T08:00:00Z,388,calls.csv
+919899889098,+919868526649,2026-08-11T08:00:00Z,260,calls.csv
+919853779528,+919893370583,2026-08-12T08:00:00Z,290,calls.csv
+919830863865,+919827778019,2026-08-13T08:00:00Z,122,calls.csv
+919895125977,+919884252420,2026-08-14T08:00:00Z,362,calls.csv
+919882269803,+919880166708,2026-08-08T08:00:00Z,337,calls.csv
+919850308572,+919864813568,2026-08-05T08:00:00Z,437,calls.csv
+919833966966,+919882269803,2026-08-07T08:00:00Z,376,calls.csv
+919852436584,+919861700055,2026-08-04T08:00:00Z,263,calls.csv
+919844188276,+919847816686,2026-08-10T08:00:00Z,133,calls.csv
+919838270233,+919868326160,2026-08-10T08:00:00Z,432,calls.csv
+919877834855,+919811297845,2026-08-04T08:00:00Z,497,calls.csv
+919844999379,+919845059710,2026-08-01T08:00:00Z,25,calls.csv
+919875569635,+919854769200,2026-08-07T08:00:00Z,105,calls.csv
+919815957459,+919831172421,2026-08-03T08:00:00Z,44,calls.csv
+919878064830,+919869302158,2026-08-04T08:00:00Z,226,calls.csv
+919820099059,+919824549543,2026-08-13T08:00:00Z,15,calls.csv
+919851373735,+919898588154,2026-08-10T08:00:00Z,185,calls.csv
+919845630292,+919893303777,2026-08-07T08:00:00Z,165,calls.csv
+919815134794,+919895132217,2026-08-16T08:00:00Z,335,calls.csv
+919871367643,+919814835614,2026-08-02T08:00:00Z,357,calls.csv
+919839920292,+919859597086,2026-08-16T08:00:00Z,173,calls.csv
+919884252420,+919827105448,2026-08-09T08:00:00Z,368,calls.csv
+919868571795,+919840547349,2026-08-04T08:00:00Z,226,calls.csv
+919852101056,+919868812137,2026-08-12T08:00:00Z,495,calls.csv
+919868526649,+919839920292,2026-08-01T08:00:00Z,204,calls.csv
+919858024342,+919819832887,2026-08-03T08:00:00Z,253,calls.csv
+919878064830,+919816818112,2026-08-03T08:00:00Z,52,calls.csv
+919878642041,+919885863473,2026-08-04T08:00:00Z,242,calls.csv
+919819233013,+919895511909,2026-08-11T08:00:00Z,133,calls.csv
+919890070438,+919850264926,2026-08-02T08:00:00Z,175,calls.csv
+919835748341,+919828024248,2026-08-15T08:00:00Z,120,calls.csv
+919871367643,+919829876811,2026-08-04T08:00:00Z,15,calls.csv
+919868526649,+919827566185,2026-08-01T08:00:00Z,488,calls.csv
+919861700055,+919830005727,2026-08-03T08:00:00Z,267,calls.csv
+919815334035,+919851511484,2026-08-09T08:00:00Z,366,calls.csv
+919850181935,+919845630292,2026-08-02T08:00:00Z,139,calls.csv
+919833357554,+919854769200,2026-08-16T08:00:00Z,99,calls.csv
+919869302158,+919875569635,2026-08-06T08:00:00Z,30,calls.csv
+919845431319,+919899038526,2026-08-11T08:00:00Z,228,calls.csv
+919824508349,+919868526649,2026-08-05T08:00:00Z,438,calls.csv
+919838609087,+919865337219,2026-08-16T08:00:00Z,258,calls.csv
+919857130035,+919866431351,2026-08-13T08:00:00Z,407,calls.csv
+919880993218,+919884437458,2026-08-06T08:00:00Z,405,calls.csv
+919835921441,+919813326769,2026-08-10T08:00:00Z,103,calls.csv
+919842787299,+919887925434,2026-08-16T08:00:00Z,127,calls.csv
+919882909480,+919830005727,2026-08-04T08:00:00Z,61,calls.csv
+919860888017,+919823903144,2026-08-05T08:00:00Z,389,calls.csv
+919890070438,+919850181935,2026-08-01T08:00:00Z,234,calls.csv
+919891178885,+919878371272,2026-08-14T08:00:00Z,20,calls.csv
+919825015458,+919856020613,2026-08-12T08:00:00Z,335,calls.csv
+919816818112,+919880166708,2026-08-14T08:00:00Z,252,calls.csv
+919859597086,+919824366125,2026-08-14T08:00:00Z,295,calls.csv
+919899508850,+919857469942,2026-08-03T08:00:00Z,43,calls.csv
+919854318698,+919892097999,2026-08-12T08:00:00Z,253,calls.csv
+919825480907,+919861700055,2026-08-08T08:00:00Z,474,calls.csv
+919823903144,+919854769200,2026-08-01T08:00:00Z,92,calls.csv
+919854318698,+919823796726,2026-08-06T08:00:00Z,350,calls.csv
+919865337219,+919839854548,2026-08-12T08:00:00Z,295,calls.csv
+919892097999,+919898231132,2026-08-03T08:00:00Z,414,calls.csv
+919841774346,+919882160068,2026-08-14T08:00:00Z,69,calls.csv
+919859555330,+919871780854,2026-08-08T08:00:00Z,113,calls.csv
+919861343880,+919899514287,2026-08-05T08:00:00Z,392,calls.csv
+919899508850,+919889795010,2026-08-01T08:00:00Z,200,calls.csv
+919811049999,+919856397338,2026-08-01T08:00:00Z,67,calls.csv
+919856020613,+919845159040,2026-08-09T08:00:00Z,309,calls.csv
+919866851377,+919815354599,2026-08-10T08:00:00Z,460,calls.csv
+919823903144,+919899913412,2026-08-08T08:00:00Z,450,calls.csv
+919898231132,+919847135391,2026-08-07T08:00:00Z,349,calls.csv
+919868571795,+919898231132,2026-08-16T08:00:00Z,119,calls.csv
+919847463522,+919845810056,2026-08-13T08:00:00Z,293,calls.csv
+919885563727,+919866267415,2026-08-03T08:00:00Z,84,calls.csv
+919845159040,+919827566185,2026-08-05T08:00:00Z,450,calls.csv
+919893131979,+919843308443,2026-08-16T08:00:00Z,272,calls.csv
+919847816686,+919850181935,2026-08-06T08:00:00Z,136,calls.csv
+919866267415,+919882269803,2026-08-14T08:00:00Z,439,calls.csv
+919866267415,+919813176186,2026-08-08T08:00:00Z,433,calls.csv
+919892097999,+919883227889,2026-08-02T08:00:00Z,395,calls.csv
+919848250360,+919871780854,2026-08-11T08:00:00Z,409,calls.csv
+919830863865,+919827105448,2026-08-07T08:00:00Z,353,calls.csv
+919885863473,+919893303777,2026-08-13T08:00:00Z,240,calls.csv
+919826726926,+919842787299,2026-08-05T08:00:00Z,255,calls.csv
+919871367643,+919856397338,2026-08-14T08:00:00Z,340,calls.csv
+919838270233,+919885563727,2026-08-06T08:00:00Z,133,calls.csv
+919899038526,+919827778019,2026-08-10T08:00:00Z,264,calls.csv
+919846553958,+919838609087,2026-08-14T08:00:00Z,317,calls.csv
+919827105448,+919815197528,2026-08-03T08:00:00Z,297,calls.csv
+919879782527,+919896637649,2026-08-05T08:00:00Z,405,calls.csv
+919850308572,+919871780854,2026-08-12T08:00:00Z,152,calls.csv
+919889795010,+919824366125,2026-08-15T08:00:00Z,342,calls.csv
+919887925434,+919899639081,2026-08-11T08:00:00Z,480,calls.csv
+919854585178,+919850264926,2026-08-16T08:00:00Z,207,calls.csv
+919838270233,+919852101056,2026-08-05T08:00:00Z,250,calls.csv
+919877898694,+919867887757,2026-08-16T08:00:00Z,185,calls.csv
+919813704481,+919827084279,2026-08-03T08:00:00Z,138,calls.csv
+919867684996,+919830743797,2026-08-09T08:00:00Z,457,calls.csv
+919847393469,+919898588154,2026-08-08T08:00:00Z,170,calls.csv
+919821003626,+919888183110,2026-08-07T08:00:00Z,188,calls.csv
+919854585178,+919819317495,2026-08-11T08:00:00Z,275,calls.csv
+919819736572,+919829876811,2026-08-09T08:00:00Z,145,calls.csv
+919899038526,+919857469942,2026-08-07T08:00:00Z,403,calls.csv
+919891363974,+919823903144,2026-08-10T08:00:00Z,107,calls.csv
+919813176186,+919882909480,2026-08-11T08:00:00Z,114,calls.csv
+919851511484,+919843704923,2026-08-06T08:00:00Z,70,calls.csv
+919845431319,+919833763566,2026-08-08T08:00:00Z,115,calls.csv
+919899038526,+919885563727,2026-08-11T08:00:00Z,103,calls.csv
+919815917225,+919891178885,2026-08-12T08:00:00Z,135,calls.csv
+919889795010,+919834073380,2026-08-09T08:00:00Z,487,calls.csv
+919863481198,+919849682169,2026-08-11T08:00:00Z,84,calls.csv
+919811250299,+919826726926,2026-08-03T08:00:00Z,139,calls.csv
+919885146293,+919835921441,2026-08-13T08:00:00Z,11,calls.csv
+919843308443,+919844999379,2026-08-09T08:00:00Z,485,calls.csv
+919854058573,+919864813568,2026-08-09T08:00:00Z,271,calls.csv
+919863481198,+919831810617,2026-08-07T08:00:00Z,146,calls.csv
+919873174945,+919815134794,2026-08-16T08:00:00Z,314,calls.csv
+919880166708,+919868571795,2026-08-14T08:00:00Z,208,calls.csv
+919836445607,+919854769200,2026-08-05T08:00:00Z,102,calls.csv
+919885146293,+919813176186,2026-08-02T08:00:00Z,31,calls.csv
+919843308443,+919824366125,2026-08-04T08:00:00Z,290,calls.csv
+919871510041,+919830743797,2026-08-05T08:00:00Z,411,calls.csv
+919887388337,+919880993218,2026-08-14T08:00:00Z,114,calls.csv
+919871780854,+919824549543,2026-08-02T08:00:00Z,15,calls.csv
+919824508349,+919877898694,2026-08-09T08:00:00Z,155,calls.csv
+919848250360,+919888183110,2026-08-08T08:00:00Z,122,calls.csv
+919895132217,+919890070438,2026-08-09T08:00:00Z,485,calls.csv
+919828024248,+919836786211,2026-08-08T08:00:00Z,87,calls.csv
+919815614174,+919828024248,2026-08-11T08:00:00Z,400,calls.csv
+919884411983,+919852169044,2026-08-13T08:00:00Z,114,calls.csv
+919811297845,+919871367643,2026-08-01T08:00:00Z,498,calls.csv
+919899245317,+919867887757,2026-08-09T08:00:00Z,424,calls.csv
+919819832887,+919885146293,2026-08-04T08:00:00Z,136,calls.csv
+919883227889,+919884411983,2026-08-08T08:00:00Z,245,calls.csv
+919891363974,+919860888017,2026-08-06T08:00:00Z,479,calls.csv
+919884411983,+919824366125,2026-08-04T08:00:00Z,11,calls.csv
+919888183110,+919858884978,2026-08-10T08:00:00Z,232,calls.csv
+919843704923,+919899038526,2026-08-13T08:00:00Z,238,calls.csv
+919847135391,+919842035886,2026-08-04T08:00:00Z,443,calls.csv
+919831687165,+919883227889,2026-08-15T08:00:00Z,236,calls.csv
+919852133044,+919852462441,2026-08-13T08:00:00Z,445,calls.csv
+919871367643,+919882269803,2026-08-13T08:00:00Z,21,calls.csv
+919811297845,+919837326368,2026-08-09T08:00:00Z,115,calls.csv
+919863643924,+919839920292,2026-08-14T08:00:00Z,414,calls.csv
+919856020613,+919887925434,2026-08-11T08:00:00Z,20,calls.csv
+919891178885,+919861700055,2026-08-13T08:00:00Z,439,calls.csv
+919830005727,+919826726926,2026-08-07T08:00:00Z,200,calls.csv
+919844188276,+919896637649,2026-08-03T08:00:00Z,317,calls.csv
+919851373735,+919831172421,2026-08-13T08:00:00Z,96,calls.csv
+919868326160,+919877834855,2026-08-07T08:00:00Z,170,calls.csv
+919836786211,+919868326160,2026-08-09T08:00:00Z,137,calls.csv
+919825492573,+919845431319,2026-08-08T08:00:00Z,204,calls.csv
+919899038526,+919850264926,2026-08-01T08:00:00Z,361,calls.csv
+919850181935,+919878642041,2026-08-03T08:00:00Z,241,calls.csv
+919882909480,+919815614174,2026-08-13T08:00:00Z,302,calls.csv
+919823419256,+919813176186,2026-08-13T08:00:00Z,20,calls.csv
+919839920292,+919897775215,2026-08-15T08:00:00Z,475,calls.csv
+919857469942,+919854318698,2026-08-14T08:00:00Z,140,calls.csv
+919884252420,+919899889098,2026-08-09T08:00:00Z,197,calls.csv
+919884158663,+919898231132,2026-08-06T08:00:00Z,96,calls.csv
+919884411983,+919833357554,2026-08-07T08:00:00Z,443,calls.csv
+919858024342,+919819233013,2026-08-12T08:00:00Z,34,calls.csv
+919893131979,+919899889098,2026-08-03T08:00:00Z,372,calls.csv
+919885283645,+919867887757,2026-08-02T08:00:00Z,138,calls.csv
+919831687165,+919856020613,2026-08-09T08:00:00Z,241,calls.csv
+919852133044,+919875569635,2026-08-05T08:00:00Z,449,calls.csv
+919897775215,+919824366125,2026-08-06T08:00:00Z,127,calls.csv
+919883227889,+919835748341,2026-08-06T08:00:00Z,276,calls.csv
+919843308443,+919842035886,2026-08-03T08:00:00Z,327,calls.csv
+919873174945,+919823796726,2026-08-06T08:00:00Z,157,calls.csv
+919854446182,+919850264926,2026-08-14T08:00:00Z,468,calls.csv
+919860888017,+919845496015,2026-08-01T08:00:00Z,423,calls.csv
+919865337219,+919890070438,2026-08-03T08:00:00Z,44,calls.csv
+919846553958,+919847463522,2026-08-09T08:00:00Z,428,calls.csv
+919837415205,+919813704481,2026-08-04T08:00:00Z,408,calls.csv
+919851511484,+919828024248,2026-08-12T08:00:00Z,380,calls.csv
+919837415205,+919865259205,2026-08-06T08:00:00Z,135,calls.csv
+919815354599,+919893370583,2026-08-06T08:00:00Z,402,calls.csv
+919831367172,+919827558317,2026-08-01T08:00:00Z,266,calls.csv
+919861700055,+919896098221,2026-08-13T08:00:00Z,79,calls.csv
+919860888017,+919888339168,2026-08-16T08:00:00Z,89,calls.csv
+919886384014,+919888183110,2026-08-12T08:00:00Z,303,calls.csv
+919824366125,+919851511484,2026-08-08T08:00:00Z,242,calls.csv
+919845810056,+919825015458,2026-08-04T08:00:00Z,375,calls.csv
+919857130035,+919899245317,2026-08-02T08:00:00Z,44,calls.csv
+919835921441,+919845650176,2026-08-01T08:00:00Z,157,calls.csv
+919849682169,+919866851377,2026-08-16T08:00:00Z,356,calls.csv
+919838270233,+919830863865,2026-08-13T08:00:00Z,465,calls.csv
+919856020613,+919856843172,2026-08-12T08:00:00Z,412,calls.csv
+919826726926,+919895125977,2026-08-13T08:00:00Z,394,calls.csv
+919878064830,+919856020613,2026-08-14T08:00:00Z,95,calls.csv
+919899152472,+919891178885,2026-08-05T08:00:00Z,422,calls.csv
+919858024342,+919893638503,2026-08-03T08:00:00Z,317,calls.csv
+919825521714,+919899514287,2026-08-04T08:00:00Z,319,calls.csv
+919829876811,+919819233013,2026-08-13T08:00:00Z,163,calls.csv
+919865337219,+919882269803,2026-08-01T08:00:00Z,120,calls.csv
+919897775215,+919815957459,2026-08-05T08:00:00Z,240,calls.csv
+919814835614,+919893131979,2026-08-05T08:00:00Z,342,calls.csv
+919899639081,+919830863865,2026-08-08T08:00:00Z,82,calls.csv
+919864543049,+919899889098,2026-08-15T08:00:00Z,139,calls.csv
+919819832887,+919825480907,2026-08-15T08:00:00Z,374,calls.csv
+919856843172,+919893303777,2026-08-07T08:00:00Z,247,calls.csv
+919886384014,+919815197528,2026-08-02T08:00:00Z,135,calls.csv
+919861343880,+919833763566,2026-08-04T08:00:00Z,161,calls.csv
+919893303777,+919873174945,2026-08-12T08:00:00Z,248,calls.csv
+919840547349,+919884437458,2026-08-14T08:00:00Z,49,calls.csv
+919899038526,+919875569635,2026-08-12T08:00:00Z,430,calls.csv
+919827558317,+919828024248,2026-08-16T08:00:00Z,30,calls.csv
+919898231132,+919843308443,2026-08-12T08:00:00Z,179,calls.csv
+919819317495,+919835748341,2026-08-06T08:00:00Z,15,calls.csv
+919847463522,+919861343880,2026-08-09T08:00:00Z,40,calls.csv
+919845059710,+919856397338,2026-08-07T08:00:00Z,332,calls.csv
+919827778019,+919893303777,2026-08-01T08:00:00Z,239,calls.csv
+919868326160,+919856930359,2026-08-15T08:00:00Z,187,calls.csv
+919838195995,+919893370583,2026-08-10T08:00:00Z,198,calls.csv
+919873174945,+919827084279,2026-08-04T08:00:00Z,462,calls.csv
+919850603163,+919893131979,2026-08-16T08:00:00Z,231,calls.csv
+919837326368,+919827558317,2026-08-02T08:00:00Z,351,calls.csv
+919863121477,+919854446182,2026-08-03T08:00:00Z,88,calls.csv
+919835921441,+919835511941,2026-08-15T08:00:00Z,384,calls.csv
+919884045292,+919885563727,2026-08-09T08:00:00Z,83,calls.csv
+919844188276,+919837326368,2026-08-07T08:00:00Z,57,calls.csv
+919871367643,+919840547349,2026-08-09T08:00:00Z,211,calls.csv
+919884411983,+919871780854,2026-08-02T08:00:00Z,165,calls.csv
+919822388090,+919845650176,2026-08-07T08:00:00Z,224,calls.csv
+919863481198,+919819317495,2026-08-14T08:00:00Z,419,calls.csv
+919852133044,+919815134794,2026-08-09T08:00:00Z,479,calls.csv
+919877834855,+919852436584,2026-08-03T08:00:00Z,93,calls.csv
+919858024342,+919892097999,2026-08-16T08:00:00Z,412,calls.csv
+919819391725,+919884411983,2026-08-15T08:00:00Z,478,calls.csv
+919860888017,+919863643924,2026-08-16T08:00:00Z,68,calls.csv
+919831687165,+919858884978,2026-08-15T08:00:00Z,425,calls.csv
+919887925434,+919871367643,2026-08-12T08:00:00Z,445,calls.csv
+919850264926,+919884158663,2026-08-11T08:00:00Z,333,calls.csv
+919845159040,+919893370583,2026-08-05T08:00:00Z,351,calls.csv
+919831172421,+919825492573,2026-08-09T08:00:00Z,422,calls.csv
+919898588154,+919863121477,2026-08-08T08:00:00Z,125,calls.csv
+919815614174,+919897775215,2026-08-16T08:00:00Z,149,calls.csv
+919835511941,+919856397338,2026-08-10T08:00:00Z,265,calls.csv
+919885863473,+919868326160,2026-08-02T08:00:00Z,497,calls.csv
+919814835614,+919899514287,2026-08-09T08:00:00Z,64,calls.csv
+919861343880,+919810475894,2026-08-08T08:00:00Z,442,calls.csv
+919884411983,+919857130035,2026-08-15T08:00:00Z,473,calls.csv
+919865259205,+919847463522,2026-08-12T08:00:00Z,221,calls.csv
+919880993218,+919825480907,2026-08-14T08:00:00Z,300,calls.csv
+919835511941,+919899514287,2026-08-03T08:00:00Z,134,calls.csv
+919899245317,+919838195995,2026-08-16T08:00:00Z,495,calls.csv
+919824549543,+919819391725,2026-08-11T08:00:00Z,484,calls.csv
+919896098221,+919897775215,2026-08-13T08:00:00Z,427,calls.csv
+919848250360,+919865259205,2026-08-14T08:00:00Z,252,calls.csv
+919827105448,+919856930359,2026-08-12T08:00:00Z,70,calls.csv
+919854585178,+919845496015,2026-08-16T08:00:00Z,460,calls.csv
+919839920292,+919830863865,2026-08-07T08:00:00Z,217,calls.csv
+919848250360,+919845496015,2026-08-10T08:00:00Z,134,calls.csv
+919891363974,+919860888017,2026-08-11T08:00:00Z,91,calls.csv
+919899038526,+919893370583,2026-08-13T08:00:00Z,446,calls.csv
+919879782527,+919847463522,2026-08-03T08:00:00Z,52,calls.csv
+919810226999,+919815354599,2026-08-05T08:00:00Z,286,calls.csv
+919815134794,+919854058573,2026-08-03T08:00:00Z,488,calls.csv
+919851373735,+919815917225,2026-08-05T08:00:00Z,36,calls.csv
+919852436584,+919850264926,2026-08-06T08:00:00Z,26,calls.csv
+919845650176,+919845431319,2026-08-12T08:00:00Z,357,calls.csv
+919868526649,+919899508850,2026-08-12T08:00:00Z,351,calls.csv
+919823796726,+919854318698,2026-08-02T08:00:00Z,94,calls.csv
+919835748341,+919835511941,2026-08-04T08:00:00Z,29,calls.csv
+919833357554,+919879782527,2026-08-02T08:00:00Z,324,calls.csv
+919852436584,+919819317495,2026-08-06T08:00:00Z,469,calls.csv
+919889795010,+919839920292,2026-08-04T08:00:00Z,146,calls.csv
+919814835614,+919845431319,2026-08-03T08:00:00Z,435,calls.csv
+919891363974,+919850962024,2026-08-05T08:00:00Z,43,calls.csv
+919851511484,+919826726926,2026-08-09T08:00:00Z,90,calls.csv
+919850308572,+919815957459,2026-08-04T08:00:00Z,264,calls.csv
+919826726926,+919842787299,2026-08-10T08:00:00Z,26,calls.csv
+919889795010,+919877898694,2026-08-06T08:00:00Z,365,calls.csv
+919868571795,+919869302158,2026-08-12T08:00:00Z,497,calls.csv
+919856397338,+919854585178,2026-08-10T08:00:00Z,344,calls.csv
+919896637649,+919825480907,2026-08-14T08:00:00Z,423,calls.csv
+919845496015,+919835748341,2026-08-11T08:00:00Z,117,calls.csv
+919888183110,+919851511484,2026-08-05T08:00:00Z,370,calls.csv
+919865259205,+919858024342,2026-08-03T08:00:00Z,40,calls.csv
+919868812137,+919854769200,2026-08-05T08:00:00Z,65,calls.csv
+919839854548,+919827566185,2026-08-05T08:00:00Z,380,calls.csv
+919847816686,+919850962024,2026-08-11T08:00:00Z,362,calls.csv
+919899913412,+919843704923,2026-08-08T08:00:00Z,377,calls.csv
+919834073380,+919897775215,2026-08-14T08:00:00Z,72,calls.csv
+919850308572,+919858884978,2026-08-10T08:00:00Z,489,calls.csv
+919825015458,+919877834855,2026-08-16T08:00:00Z,345,calls.csv
+919859597086,+919878371272,2026-08-06T08:00:00Z,210,calls.csv
+919819317495,+919823419256,2026-08-03T08:00:00Z,35,calls.csv
+919859597086,+919878064830,2026-08-13T08:00:00Z,105,calls.csv
+919891178885,+919851511484,2026-08-13T08:00:00Z,411,calls.csv
+919825015458,+919821003626,2026-08-15T08:00:00Z,78,calls.csv
+919893370583,+919880993218,2026-08-14T08:00:00Z,347,calls.csv
+919836445607,+919882269803,2026-08-06T08:00:00Z,13,calls.csv
+919860888017,+919878064830,2026-08-14T08:00:00Z,57,calls.csv
+919819832887,+919856930359,2026-08-05T08:00:00Z,31,calls.csv
+919823903144,+919888183110,2026-08-16T08:00:00Z,500,calls.csv
+919824366125,+919892613013,2026-08-06T08:00:00Z,223,calls.csv
+919858024342,+919846553958,2026-08-01T08:00:00Z,333,calls.csv
+919871367643,+919893303777,2026-08-11T08:00:00Z,11,calls.csv
+919881969657,+919834073380,2026-08-07T08:00:00Z,118,calls.csv
+919861343880,+919856930359,2026-08-09T08:00:00Z,281,calls.csv
+919889795010,+919866851377,2026-08-07T08:00:00Z,232,calls.csv
+919846553958,+919843491314,2026-08-02T08:00:00Z,242,calls.csv
+919884045292,+919814835614,2026-08-10T08:00:00Z,285,calls.csv
+919838270233,+919864813568,2026-08-02T08:00:00Z,155,calls.csv
+919856930359,+919864543049,2026-08-14T08:00:00Z,311,calls.csv
+919866267415,+919819391725,2026-08-16T08:00:00Z,434,calls.csv
+919815197528,+919851511484,2026-08-08T08:00:00Z,482,calls.csv
+919836445607,+919814835614,2026-08-08T08:00:00Z,240,calls.csv
+919892097999,+919899514287,2026-08-02T08:00:00Z,428,calls.csv
+919899889098,+919858884978,2026-08-09T08:00:00Z,212,calls.csv
+919892097999,+919866431351,2026-08-08T08:00:00Z,30,calls.csv
+919884411983,+919869302158,2026-08-08T08:00:00Z,213,calls.csv
+919852436584,+919848250360,2026-08-02T08:00:00Z,500,calls.csv
+919838609087,+919858942697,2026-08-14T08:00:00Z,18,calls.csv
+919899152472,+919843491314,2026-08-10T08:00:00Z,403,calls.csv
+919899038526,+919824549543,2026-08-02T08:00:00Z,264,calls.csv
+919843704923,+919847135391,2026-08-10T08:00:00Z,409,calls.csv
+919853779528,+919845496015,2026-08-13T08:00:00Z,297,calls.csv
+919885863473,+919835511941,2026-08-06T08:00:00Z,289,calls.csv
+919884437458,+919892613013,2026-08-01T08:00:00Z,360,calls.csv
+919815134794,+919831687165,2026-08-11T08:00:00Z,341,calls.csv
+919878642041,+919898231132,2026-08-01T08:00:00Z,60,calls.csv
+919886384014,+919895511909,2026-08-09T08:00:00Z,96,calls.csv
+919841774346,+919845431319,2026-08-09T08:00:00Z,222,calls.csv
+919899245317,+919815134794,2026-08-07T08:00:00Z,383,calls.csv
+919899245317,+919813176186,2026-08-04T08:00:00Z,401,calls.csv
+919847393469,+919835748341,2026-08-03T08:00:00Z,49,calls.csv
+919865259205,+919885146293,2026-08-01T08:00:00Z,498,calls.csv
+919888183110,+919819391725,2026-08-09T08:00:00Z,101,calls.csv
+919853779528,+919837326368,2026-08-15T08:00:00Z,182,calls.csv
+919885146293,+919899152472,2026-08-15T08:00:00Z,271,calls.csv
+919885146293,+919834073380,2026-08-09T08:00:00Z,412,calls.csv
+919879782527,+919820099059,2026-08-03T08:00:00Z,190,calls.csv
+919837415205,+919845630292,2026-08-07T08:00:00Z,289,calls.csv
+919878064830,+919885863473,2026-08-01T08:00:00Z,476,calls.csv
+919895132217,+919864009265,2026-08-03T08:00:00Z,42,calls.csv
+919899245317,+919861343880,2026-08-11T08:00:00Z,92,calls.csv
+919827778019,+919852101056,2026-08-07T08:00:00Z,255,calls.csv
+919838270233,+919867684996,2026-08-12T08:00:00Z,25,calls.csv
+919887925434,+919845630292,2026-08-14T08:00:00Z,63,calls.csv
+919827558317,+919815957459,2026-08-13T08:00:00Z,118,calls.csv
+919860888017,+919844999379,2026-08-16T08:00:00Z,406,calls.csv
+919868812137,+919895511909,2026-08-03T08:00:00Z,391,calls.csv
+919899889098,+919841774346,2026-08-16T08:00:00Z,295,calls.csv
+919846553958,+919849682169,2026-08-13T08:00:00Z,174,calls.csv
+919850308572,+919825521714,2026-08-07T08:00:00Z,470,calls.csv
+919871780854,+919858024342,2026-08-15T08:00:00Z,106,calls.csv
+919852436584,+919823796726,2026-08-12T08:00:00Z,18,calls.csv
+919845159040,+919893303777,2026-08-11T08:00:00Z,222,calls.csv
+919895511909,+919866431351,2026-08-11T08:00:00Z,451,calls.csv
+919851511484,+919879782527,2026-08-05T08:00:00Z,441,calls.csv
+919887388337,+919898588154,2026-08-04T08:00:00Z,313,calls.csv
+919845650176,+919868571795,2026-08-16T08:00:00Z,293,calls.csv
+919828024248,+919885863473,2026-08-11T08:00:00Z,71,calls.csv
+919838195995,+919859597086,2026-08-11T08:00:00Z,135,calls.csv
+919835748341,+919871510041,2026-08-14T08:00:00Z,160,calls.csv
+919858024342,+919880166708,2026-08-02T08:00:00Z,490,calls.csv
+919899514287,+919845159040,2026-08-05T08:00:00Z,366,calls.csv
+919884158663,+919819233013,2026-08-05T08:00:00Z,153,calls.csv
+919887925434,+919829876811,2026-08-03T08:00:00Z,281,calls.csv
+919878371272,+919838609087,2026-08-16T08:00:00Z,167,calls.csv
+919852462441,+919899514287,2026-08-14T08:00:00Z,21,calls.csv
+919845059710,+919850962024,2026-08-11T08:00:00Z,104,calls.csv
+919882909480,+919867887757,2026-08-05T08:00:00Z,486,calls.csv
+919856020613,+919890070438,2026-08-04T08:00:00Z,195,calls.csv
+919853779528,+919887388337,2026-08-09T08:00:00Z,403,calls.csv
+919856930359,+919899913412,2026-08-04T08:00:00Z,103,calls.csv
+919895125977,+919847135391,2026-08-03T08:00:00Z,128,calls.csv
+919888339168,+919858942697,2026-08-10T08:00:00Z,440,calls.csv
+919893131979,+919854446182,2026-08-03T08:00:00Z,425,calls.csv
+919882909480,+919854446182,2026-08-10T08:00:00Z,474,calls.csv
+919828024248,+919841774346,2026-08-10T08:00:00Z,61,calls.csv
+919868326160,+919882269803,2026-08-02T08:00:00Z,169,calls.csv
+919831810617,+919867887757,2026-08-11T08:00:00Z,147,calls.csv
+919852462441,+919873174945,2026-08-05T08:00:00Z,45,calls.csv
+919887388337,+919868812137,2026-08-01T08:00:00Z,64,calls.csv
+919898231132,+919871780854,2026-08-16T08:00:00Z,424,calls.csv
+919813176186,+919868326160,2026-08-04T08:00:00Z,145,calls.csv
+919885283645,+919814835614,2026-08-08T08:00:00Z,51,calls.csv
+919856930359,+919852169044,2026-08-06T08:00:00Z,342,calls.csv
+919863481198,+919899508850,2026-08-04T08:00:00Z,332,calls.csv
+919864543049,+919850264926,2026-08-07T08:00:00Z,383,calls.csv
+919825015458,+919827566185,2026-08-06T08:00:00Z,387,calls.csv
+919831172421,+919856397338,2026-08-08T08:00:00Z,218,calls.csv
+919866431351,+919831172421,2026-08-09T08:00:00Z,305,calls.csv
+919845594597,+919815957459,2026-08-07T08:00:00Z,262,calls.csv
+919854446182,+919845496015,2026-08-02T08:00:00Z,230,calls.csv
+919847135391,+919891363974,2026-08-13T08:00:00Z,108,calls.csv
+919866851377,+919845431319,2026-08-12T08:00:00Z,79,calls.csv
+919868326160,+919814835614,2026-08-14T08:00:00Z,476,calls.csv
+919843704923,+919847393469,2026-08-09T08:00:00Z,137,calls.csv
+919871367643,+919885146293,2026-08-14T08:00:00Z,140,calls.csv
+919815917225,+919890070438,2026-08-16T08:00:00Z,10,calls.csv
+919853779528,+919868326160,2026-08-07T08:00:00Z,392,calls.csv
+919878064830,+919852101056,2026-08-05T08:00:00Z,305,calls.csv
+919882160068,+919850308572,2026-08-04T08:00:00Z,353,calls.csv
+919857130035,+919886384014,2026-08-02T08:00:00Z,128,calls.csv
+919857130035,+919880993218,2026-08-02T08:00:00Z,384,calls.csv
+919847816686,+919868526649,2026-08-13T08:00:00Z,78,calls.csv
+919899038359,+919858942697,2026-08-04T08:00:00Z,304,calls.csv
+919852436584,+919867403166,2026-08-07T08:00:00Z,377,calls.csv
+919824508349,+919851373735,2026-08-01T08:00:00Z,221,calls.csv
+919880166708,+919887925434,2026-08-07T08:00:00Z,238,calls.csv
+919844188276,+919861343880,2026-08-04T08:00:00Z,454,calls.csv
+919825521714,+919893370583,2026-08-14T08:00:00Z,203,calls.csv
+919841774346,+919827084279,2026-08-09T08:00:00Z,237,calls.csv
+919824549543,+919892613013,2026-08-05T08:00:00Z,115,calls.csv
+919845630292,+919836786211,2026-08-07T08:00:00Z,455,calls.csv
+919845159040,+919824549543,2026-08-08T08:00:00Z,260,calls.csv
+919839920292,+919858942697,2026-08-14T08:00:00Z,35,calls.csv
+919878064830,+919852436584,2026-08-14T08:00:00Z,247,calls.csv
+919885283645,+919811049999,2026-08-02T08:00:00Z,393,calls.csv
+919849682169,+919856020613,2026-08-10T08:00:00Z,114,calls.csv
+919829876811,+919824508349,2026-08-10T08:00:00Z,82,calls.csv
+919850962024,+919824366125,2026-08-06T08:00:00Z,228,calls.csv
+919864009265,+919822388090,2026-08-16T08:00:00Z,412,calls.csv
+919837326368,+919866851377,2026-08-03T08:00:00Z,310,calls.csv
+919864813568,+919884252420,2026-08-10T08:00:00Z,339,calls.csv
+919842787299,+919869302158,2026-08-07T08:00:00Z,362,calls.csv
+919858942697,+919898231132,2026-08-13T08:00:00Z,148,calls.csv
+919899245317,+919898231132,2026-08-08T08:00:00Z,234,calls.csv
+919845650176,+919864543049,2026-08-08T08:00:00Z,340,calls.csv
+919819832887,+919840547349,2026-08-08T08:00:00Z,495,calls.csv
+919828024248,+919856397338,2026-08-05T08:00:00Z,66,calls.csv
+919830743797,+919884045292,2026-08-12T08:00:00Z,277,calls.csv
+919811250299,+919852101056,2026-08-04T08:00:00Z,149,calls.csv
+919841774346,+919827084279,2026-08-10T08:00:00Z,392,calls.csv
+919868326160,+919815614174,2026-08-03T08:00:00Z,300,calls.csv
+919880166708,+919888183110,2026-08-10T08:00:00Z,139,calls.csv
+919878642041,+919838270233,2026-08-06T08:00:00Z,331,calls.csv
+919891178885,+919866851377,2026-08-01T08:00:00Z,86,calls.csv
+919815614174,+919893370583,2026-08-14T08:00:00Z,300,calls.csv
+919887925434,+919852436584,2026-08-16T08:00:00Z,109,calls.csv
+919882160068,+919880166708,2026-08-10T08:00:00Z,379,calls.csv
+919837326368,+919857469942,2026-08-09T08:00:00Z,366,calls.csv
+919831367172,+919868812137,2026-08-07T08:00:00Z,331,calls.csv
+919825480907,+919858884978,2026-08-12T08:00:00Z,59,calls.csv
+919819233013,+919850264926,2026-08-07T08:00:00Z,465,calls.csv
+919878642041,+919893370583,2026-08-02T08:00:00Z,449,calls.csv
+919877898694,+919820099059,2026-08-16T08:00:00Z,398,calls.csv
+919888183110,+919813704481,2026-08-11T08:00:00Z,262,calls.csv
+919899889098,+919848250360,2026-08-01T08:00:00Z,363,calls.csv
+919838609087,+919881969657,2026-08-05T08:00:00Z,128,calls.csv
+919829876811,+919813326769,2026-08-07T08:00:00Z,249,calls.csv
+919829876811,+919813704481,2026-08-03T08:00:00Z,62,calls.csv
+919831172421,+919854446182,2026-08-15T08:00:00Z,377,calls.csv
+919845650176,+919884411983,2026-08-07T08:00:00Z,121,calls.csv
+919825521714,+919887388337,2026-08-02T08:00:00Z,141,calls.csv
+919815354599,+919868812137,2026-08-14T08:00:00Z,71,calls.csv
+919824366125,+919850308572,2026-08-15T08:00:00Z,467,calls.csv
+919877834855,+919867887757,2026-08-11T08:00:00Z,482,calls.csv
+919845496015,+919891363974,2026-08-04T08:00:00Z,57,calls.csv
+919878064830,+919899038526,2026-08-08T08:00:00Z,32,calls.csv
+919868571795,+919852101056,2026-08-09T08:00:00Z,287,calls.csv
+919860888017,+919841774346,2026-08-01T08:00:00Z,484,calls.csv
+919839920292,+919899038359,2026-08-14T08:00:00Z,464,calls.csv
+919835511941,+919847463522,2026-08-03T08:00:00Z,267,calls.csv
+919833357554,+919899889098,2026-08-09T08:00:00Z,10,calls.csv
+919815134794,+919851373735,2026-08-12T08:00:00Z,488,calls.csv
+919820099059,+919882269803,2026-08-15T08:00:00Z,294,calls.csv
+919851373735,+919860888017,2026-08-01T08:00:00Z,388,calls.csv
+919887388337,+919866267415,2026-08-01T08:00:00Z,351,calls.csv
+919858942697,+919819317495,2026-08-06T08:00:00Z,431,calls.csv
+919885283645,+919842035886,2026-08-02T08:00:00Z,385,calls.csv
+919837415205,+919865337219,2026-08-07T08:00:00Z,111,calls.csv
+919886384014,+919875569635,2026-08-15T08:00:00Z,41,calls.csv
+919824549543,+919869302158,2026-08-08T08:00:00Z,326,calls.csv
+919845650176,+919859597086,2026-08-04T08:00:00Z,381,calls.csv
+919885863473,+919893638503,2026-08-12T08:00:00Z,331,calls.csv
+919838270233,+919893131979,2026-08-10T08:00:00Z,437,calls.csv
+919868526649,+919848250360,2026-08-05T08:00:00Z,362,calls.csv
+919819391725,+919885283645,2026-08-16T08:00:00Z,203,calls.csv
+919866431351,+919852169044,2026-08-12T08:00:00Z,27,calls.csv
+919813704481,+919845810056,2026-08-14T08:00:00Z,65,calls.csv
+919879782527,+919837326368,2026-08-06T08:00:00Z,118,calls.csv
+919847816686,+919865259205,2026-08-14T08:00:00Z,65,calls.csv
+919897775215,+919899889098,2026-08-06T08:00:00Z,146,calls.csv
+919882909480,+919827778019,2026-08-11T08:00:00Z,463,calls.csv
+919869302158,+919885283645,2026-08-07T08:00:00Z,498,calls.csv
+919839854548,+919857469942,2026-08-06T08:00:00Z,322,calls.csv
+919830005727,+919824366125,2026-08-11T08:00:00Z,143,calls.csv
+919826726926,+919847135391,2026-08-01T08:00:00Z,110,calls.csv
+919868326160,+919875569635,2026-08-13T08:00:00Z,405,calls.csv
+919871510041,+919856843172,2026-08-03T08:00:00Z,457,calls.csv
+919843704923,+919853779528,2026-08-05T08:00:00Z,471,calls.csv
+919873174945,+919899889098,2026-08-04T08:00:00Z,296,calls.csv
+919898231132,+919830863865,2026-08-05T08:00:00Z,37,calls.csv
+919827084279,+919815334035,2026-08-08T08:00:00Z,419,calls.csv
+919827566185,+919888183110,2026-08-02T08:00:00Z,270,calls.csv
+919826726926,+919816818112,2026-08-03T08:00:00Z,133,calls.csv
+919871510041,+919828024248,2026-08-03T08:00:00Z,183,calls.csv
+919856020613,+919871510041,2026-08-03T08:00:00Z,142,calls.csv
+919884158663,+919856930359,2026-08-05T08:00:00Z,433,calls.csv
+919837415205,+919813326769,2026-08-14T08:00:00Z,261,calls.csv
+919893638503,+919823903144,2026-08-08T08:00:00Z,367,calls.csv
+919885563727,+919854318698,2026-08-05T08:00:00Z,329,calls.csv
+919830005727,+919847816686,2026-08-14T08:00:00Z,379,calls.csv
+919885563727,+919816818112,2026-08-03T08:00:00Z,387,calls.csv
+919893131979,+919821003626,2026-08-15T08:00:00Z,94,calls.csv
+919831172421,+919858942697,2026-08-11T08:00:00Z,25,calls.csv
+919859597086,+919837326368,2026-08-01T08:00:00Z,409,calls.csv
+919845059710,+919815957459,2026-08-01T08:00:00Z,451,calls.csv
+919885863473,+919827105448,2026-08-03T08:00:00Z,175,calls.csv
+919860888017,+919838270233,2026-08-03T08:00:00Z,52,calls.csv
+919852101056,+919844999379,2026-08-16T08:00:00Z,497,calls.csv
+919847463522,+919850603163,2026-08-12T08:00:00Z,39,calls.csv
+919867684996,+919895511909,2026-08-01T08:00:00Z,378,calls.csv
+919852133044,+919836786211,2026-08-11T08:00:00Z,204,calls.csv
+919863643924,+919853779528,2026-08-10T08:00:00Z,395,calls.csv
+919845431319,+919884158663,2026-08-06T08:00:00Z,53,calls.csv
+919816818112,+919861343880,2026-08-16T08:00:00Z,157,calls.csv
+919839920292,+919827778019,2026-08-03T08:00:00Z,87,calls.csv
+919845810056,+919837326368,2026-08-10T08:00:00Z,266,calls.csv
+919838195995,+919871780854,2026-08-11T08:00:00Z,204,calls.csv
+919850264926,+919871780854,2026-08-14T08:00:00Z,249,calls.csv
+919845059710,+919813326769,2026-08-02T08:00:00Z,11,calls.csv
+919824549543,+919884158663,2026-08-08T08:00:00Z,203,calls.csv
+919823419256,+919885563727,2026-08-11T08:00:00Z,55,calls.csv
+919813176186,+919885863473,2026-08-09T08:00:00Z,281,calls.csv
+919852133044,+919868326160,2026-08-13T08:00:00Z,298,calls.csv
+919885146293,+919845496015,2026-08-14T08:00:00Z,86,calls.csv
+919830743797,+919856397338,2026-08-08T08:00:00Z,174,calls.csv
+919825521714,+919824549543,2026-08-02T08:00:00Z,197,calls.csv
+919835748341,+919852169044,2026-08-13T08:00:00Z,383,calls.csv
+919871780854,+919828024248,2026-08-02T08:00:00Z,330,calls.csv
+919850264926,+919873174945,2026-08-14T08:00:00Z,116,calls.csv
+919888183110,+919829876811,2026-08-15T08:00:00Z,326,calls.csv
+919836786211,+919864543049,2026-08-06T08:00:00Z,74,calls.csv
+919819391725,+919811049999,2026-08-09T08:00:00Z,420,calls.csv
+919888339168,+919885146293,2026-08-13T08:00:00Z,139,calls.csv
+919866851377,+919885146293,2026-08-01T08:00:00Z,143,calls.csv
+919866267415,+919843491314,2026-08-09T08:00:00Z,448,calls.csv
+919850308572,+919837415205,2026-08-16T08:00:00Z,265,calls.csv
+919857130035,+919827084279,2026-08-07T08:00:00Z,203,calls.csv
+919825492573,+919837326368,2026-08-07T08:00:00Z,280,calls.csv
+919815917225,+919819391725,2026-08-13T08:00:00Z,147,calls.csv
+919878642041,+919865259205,2026-08-03T08:00:00Z,82,calls.csv
+919851373735,+919825480907,2026-08-10T08:00:00Z,381,calls.csv
+919852169044,+919827778019,2026-08-10T08:00:00Z,218,calls.csv
+919899514287,+919885283645,2026-08-01T08:00:00Z,134,calls.csv
+919831810617,+919838270233,2026-08-05T08:00:00Z,198,calls.csv
+919884045292,+919885863473,2026-08-14T08:00:00Z,119,calls.csv
+919881969657,+919835748341,2026-08-09T08:00:00Z,52,calls.csv
+919851511484,+919871780854,2026-08-13T08:00:00Z,159,calls.csv
+919867684996,+919845630292,2026-08-06T08:00:00Z,191,calls.csv
+919882269803,+919893303777,2026-08-10T08:00:00Z,453,calls.csv
+919871780854,+919882160068,2026-08-13T08:00:00Z,413,calls.csv
+919899889098,+919884045292,2026-08-12T08:00:00Z,184,calls.csv
+919816818112,+919831172421,2026-08-06T08:00:00Z,160,calls.csv
+919819317495,+919845594597,2026-08-01T08:00:00Z,352,calls.csv
+919879782527,+919850264926,2026-08-13T08:00:00Z,167,calls.csv
+919829876811,+919824366125,2026-08-10T08:00:00Z,272,calls.csv
+919895125977,+919866851377,2026-08-01T08:00:00Z,405,calls.csv
+919842787299,+919843491314,2026-08-04T08:00:00Z,198,calls.csv
+919888183110,+919810475894,2026-08-06T08:00:00Z,435,calls.csv
+919858942697,+919835511941,2026-08-05T08:00:00Z,248,calls.csv
+919891363974,+919851373735,2026-08-02T08:00:00Z,354,calls.csv
+919852101056,+919887925434,2026-08-02T08:00:00Z,158,calls.csv
+919868526649,+919833763566,2026-08-02T08:00:00Z,446,calls.csv
+919845431319,+919888183110,2026-08-07T08:00:00Z,479,calls.csv
+919899038359,+919877834855,2026-08-12T08:00:00Z,109,calls.csv
+919856020613,+919811250299,2026-08-11T08:00:00Z,462,calls.csv
+919825015458,+919885146293,2026-08-13T08:00:00Z,382,calls.csv
+919884411983,+919844188276,2026-08-04T08:00:00Z,56,calls.csv
+919887388337,+919882909480,2026-08-15T08:00:00Z,279,calls.csv
+919856843172,+919884045292,2026-08-04T08:00:00Z,288,calls.csv
+919888339168,+919826726926,2026-08-07T08:00:00Z,133,calls.csv
+919814835614,+919867887757,2026-08-07T08:00:00Z,262,calls.csv
+919899038359,+919845650176,2026-08-13T08:00:00Z,339,calls.csv
+919821003626,+919842787299,2026-08-02T08:00:00Z,461,calls.csv
+919883227889,+919859597086,2026-08-03T08:00:00Z,499,calls.csv
+919879782527,+919882269803,2026-08-16T08:00:00Z,398,calls.csv
+919893370583,+919845630292,2026-08-04T08:00:00Z,246,calls.csv
+919899152472,+919883227889,2026-08-01T08:00:00Z,15,calls.csv
+919882160068,+919877834855,2026-08-01T08:00:00Z,425,calls.csv
+919827105448,+919868812137,2026-08-04T08:00:00Z,181,calls.csv
+919863121477,+919815197528,2026-08-04T08:00:00Z,291,calls.csv
+919827566185,+919898588154,2026-08-01T08:00:00Z,135,calls.csv
+919852101056,+919835921441,2026-08-11T08:00:00Z,251,calls.csv
+919833763566,+919899508850,2026-08-16T08:00:00Z,145,calls.csv
+919845594597,+919850962024,2026-08-04T08:00:00Z,381,calls.csv
+919815197528,+919852436584,2026-08-07T08:00:00Z,210,calls.csv
+919825521714,+919891363974,2026-08-12T08:00:00Z,78,calls.csv
+919896098221,+919838609087,2026-08-10T08:00:00Z,319,calls.csv
+919847816686,+919885146293,2026-08-10T08:00:00Z,65,calls.csv
+919811297845,+919845431319,2026-08-08T08:00:00Z,128,calls.csv
+919830863865,+919866851377,2026-08-16T08:00:00Z,185,calls.csv
+919845059710,+919868812137,2026-08-05T08:00:00Z,397,calls.csv
+919883227889,+919819317495,2026-08-06T08:00:00Z,427,calls.csv
+919885863473,+919885283645,2026-08-07T08:00:00Z,320,calls.csv
+919890070438,+919861700055,2026-08-05T08:00:00Z,47,calls.csv
+919888183110,+919869302158,2026-08-09T08:00:00Z,181,calls.csv
+919877898694,+919831810617,2026-08-03T08:00:00Z,57,calls.csv
+919811250299,+919858024342,2026-08-10T08:00:00Z,76,calls.csv
+919827778019,+919871510041,2026-08-14T08:00:00Z,491,calls.csv
+919895511909,+919871780854,2026-08-12T08:00:00Z,332,calls.csv
+919815614174,+919863121477,2026-08-11T08:00:00Z,131,calls.csv
+919854058573,+919830863865,2026-08-14T08:00:00Z,232,calls.csv
+919880993218,+919813326769,2026-08-04T08:00:00Z,69,calls.csv
+919895511909,+919827566185,2026-08-14T08:00:00Z,409,calls.csv
+919864543049,+919871780854,2026-08-07T08:00:00Z,457,calls.csv
+919896098221,+919827778019,2026-08-07T08:00:00Z,194,calls.csv
+919845630292,+919830863865,2026-08-03T08:00:00Z,428,calls.csv
+919837326368,+919845059710,2026-08-13T08:00:00Z,88,calls.csv
+919868526649,+919864813568,2026-08-03T08:00:00Z,174,calls.csv
+919880993218,+919847135391,2026-08-04T08:00:00Z,497,calls.csv
+919845810056,+919864009265,2026-08-07T08:00:00Z,140,calls.csv
+919887925434,+919820099059,2026-08-02T08:00:00Z,428,calls.csv
+919848250360,+919856397338,2026-08-06T08:00:00Z,233,calls.csv
+919823796726,+919880166708,2026-08-16T08:00:00Z,330,calls.csv
+919819832887,+919857469942,2026-08-05T08:00:00Z,328,calls.csv
+919877834855,+919856020613,2026-08-09T08:00:00Z,158,calls.csv
+919895511909,+919871780854,2026-08-04T08:00:00Z,133,calls.csv
+919899639081,+919828024248,2026-08-01T08:00:00Z,416,calls.csv
+919866851377,+919839854548,2026-08-07T08:00:00Z,185,calls.csv
+919899514287,+919845496015,2026-08-16T08:00:00Z,451,calls.csv
+919845159040,+919854446182,2026-08-05T08:00:00Z,218,calls.csv
+919813326769,+919847135391,2026-08-08T08:00:00Z,340,calls.csv
+919893303777,+919871367643,2026-08-04T08:00:00Z,37,calls.csv
+919881969657,+919845159040,2026-08-12T08:00:00Z,241,calls.csv
+919852101056,+919833966966,2026-08-01T08:00:00Z,320,calls.csv
+919888339168,+919861700055,2026-08-12T08:00:00Z,299,calls.csv
+919843704923,+919825015458,2026-08-03T08:00:00Z,421,calls.csv
+919845431319,+919847393469,2026-08-06T08:00:00Z,488,calls.csv
+919864543049,+919882909480,2026-08-15T08:00:00Z,140,calls.csv
+919833357554,+919860888017,2026-08-13T08:00:00Z,397,calls.csv
+919899038526,+919896637649,2026-08-14T08:00:00Z,402,calls.csv
+919838195995,+919823796726,2026-08-13T08:00:00Z,455,calls.csv
+919863121477,+919841774346,2026-08-10T08:00:00Z,435,calls.csv
+919828024248,+919850308572,2026-08-15T08:00:00Z,55,calls.csv
+919827778019,+919875569635,2026-08-05T08:00:00Z,284,calls.csv
+919878371272,+919843704923,2026-08-13T08:00:00Z,336,calls.csv
+919863481198,+919857130035,2026-08-05T08:00:00Z,179,calls.csv
+919850181935,+919881969657,2026-08-10T08:00:00Z,20,calls.csv
+919846553958,+919899152472,2026-08-10T08:00:00Z,301,calls.csv
+919895132217,+919819317495,2026-08-06T08:00:00Z,465,calls.csv
+919844999379,+919880166708,2026-08-06T08:00:00Z,439,calls.csv
+919863121477,+919842787299,2026-08-10T08:00:00Z,409,calls.csv
+919844188276,+919815957459,2026-08-14T08:00:00Z,216,calls.csv
+919850181935,+919859555330,2026-08-02T08:00:00Z,218,calls.csv
+919838195995,+919899508850,2026-08-01T08:00:00Z,295,calls.csv
+919868571795,+919865259205,2026-08-13T08:00:00Z,337,calls.csv
+919854769200,+919849682169,2026-08-14T08:00:00Z,466,calls.csv
+919827105448,+919850308572,2026-08-15T08:00:00Z,99,calls.csv
+919895511909,+919899038359,2026-08-10T08:00:00Z,297,calls.csv
+919885863473,+919899889098,2026-08-08T08:00:00Z,176,calls.csv
+919858884978,+919824549543,2026-08-12T08:00:00Z,342,calls.csv
+919878642041,+919827778019,2026-08-05T08:00:00Z,346,calls.csv
+919859555330,+919838270233,2026-08-01T08:00:00Z,438,calls.csv
+919850962024,+919852436584,2026-08-12T08:00:00Z,218,calls.csv
+919824549543,+919854769200,2026-08-05T08:00:00Z,471,calls.csv
+919833966966,+919850181935,2026-08-14T08:00:00Z,184,calls.csv
+919827105448,+919854446182,2026-08-05T08:00:00Z,217,calls.csv
+919814835614,+919837326368,2026-08-12T08:00:00Z,288,calls.csv
+919819736572,+919861343880,2026-08-14T08:00:00Z,348,calls.csv
+919830743797,+919867887757,2026-08-13T08:00:00Z,303,calls.csv
+919835921441,+919823419256,2026-08-14T08:00:00Z,332,calls.csv
+919847816686,+919899038359,2026-08-01T08:00:00Z,297,calls.csv
+919834073380,+919815134794,2026-08-04T08:00:00Z,354,calls.csv
+919868526649,+919861343880,2026-08-07T08:00:00Z,423,calls.csv
+919866851377,+919836445607,2026-08-11T08:00:00Z,482,calls.csv
+919882269803,+919854769200,2026-08-09T08:00:00Z,441,calls.csv
+919819317495,+919815957459,2026-08-09T08:00:00Z,214,calls.csv
+919811297845,+919852133044,2026-08-08T08:00:00Z,310,calls.csv
+919846553958,+919835748341,2026-08-09T08:00:00Z,330,calls.csv
+919871780854,+919827105448,2026-08-06T08:00:00Z,254,calls.csv
+919882269803,+919842787299,2026-08-01T08:00:00Z,13,calls.csv
+919845159040,+919827558317,2026-08-14T08:00:00Z,317,calls.csv
+919889795010,+919845630292,2026-08-03T08:00:00Z,38,calls.csv
+919853779528,+919837326368,2026-08-13T08:00:00Z,267,calls.csv
+919892613013,+919838609087,2026-08-03T08:00:00Z,352,calls.csv
+919819317495,+919891363974,2026-08-11T08:00:00Z,431,calls.csv
+919845059710,+919888339168,2026-08-03T08:00:00Z,202,calls.csv
+919866851377,+919896098221,2026-08-09T08:00:00Z,51,calls.csv
+919875569635,+919867684996,2026-08-03T08:00:00Z,449,calls.csv
+919810226999,+919821003626,2026-08-02T08:00:00Z,242,calls.csv
+919883227889,+919815957459,2026-08-06T08:00:00Z,451,calls.csv
+919867684996,+919827778019,2026-08-07T08:00:00Z,456,calls.csv
+919833357554,+919830005727,2026-08-14T08:00:00Z,331,calls.csv
+919844188276,+919888339168,2026-08-12T08:00:00Z,122,calls.csv
+919833763566,+919824366125,2026-08-09T08:00:00Z,18,calls.csv
+919854058573,+919850603163,2026-08-15T08:00:00Z,316,calls.csv
+919850962024,+919889795010,2026-08-06T08:00:00Z,39,calls.csv
+919882909480,+919839854548,2026-08-05T08:00:00Z,381,calls.csv
+919868326160,+919837326368,2026-08-14T08:00:00Z,353,calls.csv
+919886384014,+919898588154,2026-08-05T08:00:00Z,186,calls.csv
+919864543049,+919810475894,2026-08-03T08:00:00Z,391,calls.csv
+919839920292,+919885863473,2026-08-16T08:00:00Z,482,calls.csv
+919840547349,+919888339168,2026-08-06T08:00:00Z,299,calls.csv
+919899508850,+919890070438,2026-08-03T08:00:00Z,403,calls.csv
+919863121477,+919892097999,2026-08-01T08:00:00Z,213,calls.csv
+919856020613,+919863643924,2026-08-09T08:00:00Z,44,calls.csv
+919819317495,+919865337219,2026-08-07T08:00:00Z,242,calls.csv
+919842035886,+919854318698,2026-08-05T08:00:00Z,498,calls.csv
+919836445607,+919820099059,2026-08-06T08:00:00Z,113,calls.csv
+919823419256,+919825480907,2026-08-04T08:00:00Z,249,calls.csv
+919816818112,+919831687165,2026-08-15T08:00:00Z,15,calls.csv
+919893638503,+919860888017,2026-08-04T08:00:00Z,50,calls.csv
+919890070438,+919899245317,2026-08-01T08:00:00Z,204,calls.csv
+919824508349,+919884411983,2026-08-14T08:00:00Z,131,calls.csv
+919827558317,+919858884978,2026-08-11T08:00:00Z,77,calls.csv
+919856843172,+919854058573,2026-08-12T08:00:00Z,202,calls.csv
+919885146293,+919844999379,2026-08-07T08:00:00Z,239,calls.csv
+919838609087,+919845159040,2026-08-10T08:00:00Z,167,calls.csv
+919892097999,+919814835614,2026-08-02T08:00:00Z,381,calls.csv
+919852169044,+919843704923,2026-08-11T08:00:00Z,34,calls.csv
+919844188276,+919830863865,2026-08-10T08:00:00Z,271,calls.csv
+919813326769,+919887388337,2026-08-14T08:00:00Z,151,calls.csv
+919850962024,+919873174945,2026-08-08T08:00:00Z,241,calls.csv
+919893638503,+919831172421,2026-08-09T08:00:00Z,435,calls.csv
+919881969657,+919830863865,2026-08-16T08:00:00Z,283,calls.csv
+919880166708,+919844188276,2026-08-15T08:00:00Z,389,calls.csv
+919891178885,+919845159040,2026-08-06T08:00:00Z,478,calls.csv
+919882160068,+919838609087,2026-08-01T08:00:00Z,436,calls.csv
+919899245317,+919833763566,2026-08-03T08:00:00Z,459,calls.csv
+919839920292,+919868812137,2026-08-06T08:00:00Z,62,calls.csv
+919866267415,+919819317495,2026-08-09T08:00:00Z,275,calls.csv
+919831810617,+919852169044,2026-08-11T08:00:00Z,386,calls.csv
+919839920292,+919843491314,2026-08-15T08:00:00Z,129,calls.csv
+919893131979,+919815134794,2026-08-08T08:00:00Z,457,calls.csv
+919811297845,+919878642041,2026-08-04T08:00:00Z,444,calls.csv
+919827558317,+919837415205,2026-08-11T08:00:00Z,219,calls.csv
+919827105448,+919877898694,2026-08-08T08:00:00Z,303,calls.csv
+919882269803,+919869302158,2026-08-01T08:00:00Z,262,calls.csv
+919899508850,+919868812137,2026-08-14T08:00:00Z,216,calls.csv
+919831172421,+919854769200,2026-08-15T08:00:00Z,254,calls.csv
+919899508850,+919811049999,2026-08-13T08:00:00Z,450,calls.csv
+919891178885,+919845496015,2026-08-13T08:00:00Z,275,calls.csv
+919863121477,+919861343880,2026-08-01T08:00:00Z,196,calls.csv
+919837326368,+919852436584,2026-08-13T08:00:00Z,286,calls.csv
+919844188276,+919879782527,2026-08-06T08:00:00Z,102,calls.csv
+919842787299,+919867684996,2026-08-12T08:00:00Z,177,calls.csv
+919863643924,+919885283645,2026-08-03T08:00:00Z,211,calls.csv
+919819736572,+919841774346,2026-08-12T08:00:00Z,17,calls.csv
+919815957459,+919856930359,2026-08-15T08:00:00Z,489,calls.csv
+919881969657,+919868526649,2026-08-09T08:00:00Z,217,calls.csv
+919863481198,+919852133044,2026-08-03T08:00:00Z,277,calls.csv
+919867403166,+919846553958,2026-08-06T08:00:00Z,47,calls.csv
+919823796726,+919823903144,2026-08-11T08:00:00Z,300,calls.csv
+919830863865,+919864813568,2026-08-02T08:00:00Z,295,calls.csv
+919814835614,+919813704481,2026-08-09T08:00:00Z,130,calls.csv
+919848250360,+919838195995,2026-08-10T08:00:00Z,411,calls.csv
+919816818112,+919864543049,2026-08-06T08:00:00Z,74,calls.csv
+919858024342,+919835511941,2026-08-02T08:00:00Z,497,calls.csv
+919890070438,+919833966966,2026-08-08T08:00:00Z,349,calls.csv
+919811297845,+919848250360,2026-08-09T08:00:00Z,269,calls.csv
+919845431319,+919815917225,2026-08-05T08:00:00Z,162,calls.csv
+919826726926,+919877898694,2026-08-03T08:00:00Z,341,calls.csv
+919879782527,+919850962024,2026-08-12T08:00:00Z,241,calls.csv
+919866267415,+919816818112,2026-08-15T08:00:00Z,424,calls.csv
+919882269803,+919858024342,2026-08-15T08:00:00Z,56,calls.csv
+919820099059,+919837415205,2026-08-08T08:00:00Z,468,calls.csv
+919816818112,+919825480907,2026-08-15T08:00:00Z,209,calls.csv
+919898231132,+919865337219,2026-08-06T08:00:00Z,23,calls.csv
+919871367643,+919869302158,2026-08-09T08:00:00Z,204,calls.csv
+919863121477,+919838609087,2026-08-03T08:00:00Z,378,calls.csv
+919866267415,+919824549543,2026-08-15T08:00:00Z,263,calls.csv
+919891363974,+919813704481,2026-08-16T08:00:00Z,206,calls.csv
+919811297845,+919852133044,2026-08-14T08:00:00Z,268,calls.csv
+919891178885,+919825492573,2026-08-05T08:00:00Z,438,calls.csv
+919886384014,+919899913412,2026-08-07T08:00:00Z,262,calls.csv
+919895511909,+919858024342,2026-08-11T08:00:00Z,358,calls.csv
+919856020613,+919852436584,2026-08-13T08:00:00Z,339,calls.csv
+919882160068,+919831172421,2026-08-08T08:00:00Z,198,calls.csv
+919873174945,+919851373735,2026-08-09T08:00:00Z,462,calls.csv
+919827105448,+919824549543,2026-08-12T08:00:00Z,396,calls.csv
+919845630292,+919819233013,2026-08-11T08:00:00Z,361,calls.csv
+919864813568,+919863481198,2026-08-02T08:00:00Z,25,calls.csv
+919863643924,+919885146293,2026-08-06T08:00:00Z,153,calls.csv
+919811297845,+919837415205,2026-08-11T08:00:00Z,446,calls.csv
+919893303777,+919830743797,2026-08-09T08:00:00Z,103,calls.csv
+919856020613,+919889795010,2026-08-15T08:00:00Z,313,calls.csv
+919889795010,+919865337219,2026-08-05T08:00:00Z,190,calls.csv
+919891363974,+919875569635,2026-08-06T08:00:00Z,336,calls.csv
+919857130035,+919885563727,2026-08-05T08:00:00Z,359,calls.csv
+919813704481,+919852462441,2026-08-09T08:00:00Z,414,calls.csv
+919889795010,+919884411983,2026-08-07T08:00:00Z,289,calls.csv
+919823796726,+919881969657,2026-08-11T08:00:00Z,217,calls.csv
+919860888017,+919884158663,2026-08-03T08:00:00Z,360,calls.csv
+919831172421,+919893370583,2026-08-06T08:00:00Z,282,calls.csv
+919893131979,+919877898694,2026-08-16T08:00:00Z,101,calls.csv
+919887925434,+919845630292,2026-08-06T08:00:00Z,304,calls.csv
+919852169044,+919868326160,2026-08-08T08:00:00Z,454,calls.csv
+919833966966,+919884411983,2026-08-11T08:00:00Z,281,calls.csv
+919826726926,+919868526649,2026-08-12T08:00:00Z,62,calls.csv
+919842787299,+919861700055,2026-08-04T08:00:00Z,296,calls.csv
+919825015458,+919889795010,2026-08-12T08:00:00Z,197,calls.csv
+919845059710,+919815917225,2026-08-16T08:00:00Z,275,calls.csv
+919892097999,+919840547349,2026-08-11T08:00:00Z,18,calls.csv
+919891363974,+919821003626,2026-08-16T08:00:00Z,405,calls.csv
+919831172421,+919847393469,2026-08-09T08:00:00Z,124,calls.csv
+919866431351,+919819317495,2026-08-10T08:00:00Z,331,calls.csv
+919838195995,+919854769200,2026-08-03T08:00:00Z,484,calls.csv
+919824508349,+919834073380,2026-08-16T08:00:00Z,94,calls.csv
+919888339168,+919865337219,2026-08-11T08:00:00Z,307,calls.csv
+919845496015,+919830743797,2026-08-02T08:00:00Z,54,calls.csv
+919878371272,+919877834855,2026-08-13T08:00:00Z,167,calls.csv
+919854318698,+919893370583,2026-08-10T08:00:00Z,242,calls.csv
+919880166708,+919899038359,2026-08-06T08:00:00Z,197,calls.csv
+919895132217,+919847135391,2026-08-14T08:00:00Z,253,calls.csv
+919845594597,+919856020613,2026-08-04T08:00:00Z,131,calls.csv
+919815134794,+919839854548,2026-08-11T08:00:00Z,33,calls.csv
+919864543049,+919895132217,2026-08-09T08:00:00Z,497,calls.csv
+919852133044,+919851373735,2026-08-04T08:00:00Z,155,calls.csv
+919846553958,+919854318698,2026-08-02T08:00:00Z,407,calls.csv
+919836786211,+919837415205,2026-08-15T08:00:00Z,206,calls.csv
+919871367643,+919866851377,2026-08-04T08:00:00Z,366,calls.csv
+919814835614,+919856020613,2026-08-16T08:00:00Z,297,calls.csv
+919811049999,+919890070438,2026-08-05T08:00:00Z,397,calls.csv
+919898231132,+919866431351,2026-08-09T08:00:00Z,194,calls.csv
+919886384014,+919845496015,2026-08-12T08:00:00Z,215,calls.csv
+919899245317,+919823903144,2026-08-11T08:00:00Z,295,calls.csv
+919815957459,+919815134794,2026-08-14T08:00:00Z,39,calls.csv
+919893370583,+919846553958,2026-08-14T08:00:00Z,415,calls.csv
+919838270233,+919869302158,2026-08-15T08:00:00Z,153,calls.csv
+919899514287,+919860888017,2026-08-05T08:00:00Z,262,calls.csv
+919896637649,+919877898694,2026-08-11T08:00:00Z,389,calls.csv
+919858884978,+919824366125,2026-08-11T08:00:00Z,385,calls.csv
+919868812137,+919857469942,2026-08-12T08:00:00Z,417,calls.csv
+919899913412,+919882909480,2026-08-10T08:00:00Z,101,calls.csv
+919899152472,+919827566185,2026-08-10T08:00:00Z,500,calls.csv
+919871367643,+919854769200,2026-08-03T08:00:00Z,425,calls.csv
+919833966966,+919815134794,2026-08-11T08:00:00Z,23,calls.csv
+919845650176,+919866431351,2026-08-02T08:00:00Z,31,calls.csv
+919865259205,+919854585178,2026-08-12T08:00:00Z,337,calls.csv
+919899889098,+919868812137,2026-08-08T08:00:00Z,47,calls.csv
+919845496015,+919886384014,2026-08-04T08:00:00Z,419,calls.csv
+919893370583,+919899913412,2026-08-03T08:00:00Z,116,calls.csv
+919866431351,+919821003626,2026-08-11T08:00:00Z,256,calls.csv
+919859597086,+919827778019,2026-08-07T08:00:00Z,334,calls.csv
+919885563727,+919857469942,2026-08-06T08:00:00Z,359,calls.csv
+919847463522,+919850962024,2026-08-10T08:00:00Z,155,calls.csv
+919827778019,+919856020613,2026-08-13T08:00:00Z,207,calls.csv
+919868812137,+919895132217,2026-08-16T08:00:00Z,83,calls.csv
+919891178885,+919852101056,2026-08-08T08:00:00Z,226,calls.csv
+919839854548,+919833763566,2026-08-15T08:00:00Z,378,calls.csv
+919845431319,+919850308572,2026-08-14T08:00:00Z,86,calls.csv
+919895511909,+919866431351,2026-08-05T08:00:00Z,197,calls.csv
+919827558317,+919852462441,2026-08-06T08:00:00Z,480,calls.csv
+919825521714,+919847393469,2026-08-07T08:00:00Z,496,calls.csv
+919843308443,+919856020613,2026-08-07T08:00:00Z,422,calls.csv
+919845650176,+919844999379,2026-08-03T08:00:00Z,74,calls.csv
+919892613013,+919826726926,2026-08-05T08:00:00Z,459,calls.csv
+919815917225,+919866431351,2026-08-10T08:00:00Z,329,calls.csv
+919867887757,+919811049999,2026-08-13T08:00:00Z,388,calls.csv
+919815354599,+919867887757,2026-08-08T08:00:00Z,222,calls.csv
+919892097999,+919839920292,2026-08-06T08:00:00Z,114,calls.csv
+919825492573,+919828024248,2026-08-15T08:00:00Z,186,calls.csv
+919845059710,+919813704481,2026-08-06T08:00:00Z,402,calls.csv
+919850264926,+919868326160,2026-08-03T08:00:00Z,350,calls.csv
+919864813568,+919837415205,2026-08-06T08:00:00Z,470,calls.csv
+919884252420,+919898231132,2026-08-15T08:00:00Z,174,calls.csv
+919884158663,+919895511909,2026-08-12T08:00:00Z,297,calls.csv
+919866267415,+919830743797,2026-08-16T08:00:00Z,79,calls.csv
+919819233013,+919865259205,2026-08-02T08:00:00Z,176,calls.csv
+919844188276,+919895132217,2026-08-03T08:00:00Z,271,calls.csv
+919815957459,+919858884978,2026-08-15T08:00:00Z,205,calls.csv
+919841774346,+919828024248,2026-08-08T08:00:00Z,383,calls.csv
+919881969657,+919889795010,2026-08-02T08:00:00Z,291,calls.csv
+919815334035,+919825492573,2026-08-15T08:00:00Z,71,calls.csv
+919815917225,+919850264926,2026-08-06T08:00:00Z,42,calls.csv
+919849682169,+919868526649,2026-08-07T08:00:00Z,111,calls.csv
+919830005727,+919825492573,2026-08-07T08:00:00Z,484,calls.csv
+919850181935,+919884437458,2026-08-06T08:00:00Z,499,calls.csv
+919827105448,+919893370583,2026-08-06T08:00:00Z,98,calls.csv
+919865259205,+919895125977,2026-08-07T08:00:00Z,389,calls.csv
+919829876811,+919852169044,2026-08-04T08:00:00Z,385,calls.csv
+919815134794,+919893370583,2026-08-03T08:00:00Z,337,calls.csv
+919899639081,+919845496015,2026-08-05T08:00:00Z,131,calls.csv
+919860888017,+919893370583,2026-08-12T08:00:00Z,369,calls.csv
+919878642041,+919895125977,2026-08-07T08:00:00Z,173,calls.csv
+919810475894,+919854585178,2026-08-09T08:00:00Z,223,calls.csv
+919880993218,+919854058573,2026-08-08T08:00:00Z,92,calls.csv
+919889795010,+919845431319,2026-08-08T08:00:00Z,492,calls.csv
+919815614174,+919823796726,2026-08-11T08:00:00Z,143,calls.csv
+919878064830,+919895125977,2026-08-16T08:00:00Z,322,calls.csv
+919825492573,+919885863473,2026-08-04T08:00:00Z,102,calls.csv
+919839854548,+919890070438,2026-08-15T08:00:00Z,11,calls.csv
+919882160068,+919823796726,2026-08-06T08:00:00Z,235,calls.csv
+919843308443,+919899245317,2026-08-02T08:00:00Z,179,calls.csv
+919857130035,+919845159040,2026-08-15T08:00:00Z,398,calls.csv
+919856020613,+919891178885,2026-08-04T08:00:00Z,119,calls.csv
+919839920292,+919825015458,2026-08-11T08:00:00Z,80,calls.csv
+919843704923,+919810475894,2026-08-08T08:00:00Z,76,calls.csv
+919852133044,+919827105448,2026-08-04T08:00:00Z,78,calls.csv
+919878371272,+919830863865,2026-08-02T08:00:00Z,290,calls.csv
+919844999379,+919845810056,2026-08-02T08:00:00Z,462,calls.csv
+919813326769,+919892097999,2026-08-16T08:00:00Z,320,calls.csv
+919868526649,+919856843172,2026-08-15T08:00:00Z,188,calls.csv
+919868526649,+919877834855,2026-08-12T08:00:00Z,351,calls.csv
+919827558317,+919820099059,2026-08-06T08:00:00Z,131,calls.csv
+919833763566,+919813704481,2026-08-13T08:00:00Z,483,calls.csv
+919811049999,+919882269803,2026-08-02T08:00:00Z,113,calls.csv
+919864543049,+919824366125,2026-08-10T08:00:00Z,130,calls.csv
+919845630292,+919815917225,2026-08-03T08:00:00Z,427,calls.csv
+919821003626,+919824508349,2026-08-15T08:00:00Z,44,calls.csv
+919823419256,+919899245317,2026-08-07T08:00:00Z,456,calls.csv
+919845594597,+919823796726,2026-08-03T08:00:00Z,21,calls.csv
+919863121477,+919852133044,2026-08-06T08:00:00Z,408,calls.csv
+919845594597,+919868812137,2026-08-12T08:00:00Z,349,calls.csv
+919845059710,+919867887757,2026-08-10T08:00:00Z,111,calls.csv
+919898231132,+919858942697,2026-08-07T08:00:00Z,39,calls.csv
+919891363974,+919865337219,2026-08-01T08:00:00Z,305,calls.csv
+919815197528,+919850264926,2026-08-03T08:00:00Z,117,calls.csv
+919868526649,+919814835614,2026-08-16T08:00:00Z,57,calls.csv
+919826726926,+919853779528,2026-08-05T08:00:00Z,213,calls.csv
+919888339168,+919885563727,2026-08-05T08:00:00Z,384,calls.csv
+919852133044,+919853779528,2026-08-07T08:00:00Z,90,calls.csv
+919854769200,+919868526649,2026-08-15T08:00:00Z,219,calls.csv
+919856843172,+919882269803,2026-08-05T08:00:00Z,37,calls.csv
+919853779528,+919826726926,2026-08-03T08:00:00Z,69,calls.csv
+919824508349,+919819233013,2026-08-13T08:00:00Z,63,calls.csv
+919886384014,+919815334035,2026-08-02T08:00:00Z,71,calls.csv
+919895132217,+919884045292,2026-08-02T08:00:00Z,238,calls.csv
+919845650176,+919885863473,2026-08-11T08:00:00Z,348,calls.csv
+919880993218,+919866851377,2026-08-15T08:00:00Z,487,calls.csv
+919857130035,+919865337219,2026-08-07T08:00:00Z,28,calls.csv
+919875569635,+919823796726,2026-08-07T08:00:00Z,230,calls.csv
+919819233013,+919877898694,2026-08-07T08:00:00Z,284,calls.csv
+919822388090,+919824549543,2026-08-06T08:00:00Z,243,calls.csv
+919867403166,+919845159040,2026-08-10T08:00:00Z,407,calls.csv
+919827778019,+919881969657,2026-08-05T08:00:00Z,401,calls.csv
+919850962024,+919837415205,2026-08-04T08:00:00Z,56,calls.csv
+919850962024,+919815614174,2026-08-13T08:00:00Z,330,calls.csv
+919856020613,+919823903144,2026-08-11T08:00:00Z,450,calls.csv
+919815354599,+919895125977,2026-08-11T08:00:00Z,78,calls.csv
+919852133044,+919898588154,2026-08-10T08:00:00Z,202,calls.csv
+919827566185,+919864543049,2026-08-07T08:00:00Z,368,calls.csv
+919878371272,+919884252420,2026-08-13T08:00:00Z,439,calls.csv
+919819391725,+919852462441,2026-08-01T08:00:00Z,422,calls.csv
+919847135391,+919825492573,2026-08-12T08:00:00Z,75,calls.csv
+919863121477,+919833966966,2026-08-16T08:00:00Z,431,calls.csv
+919864543049,+919815957459,2026-08-04T08:00:00Z,127,calls.csv
+919864813568,+919854769200,2026-08-05T08:00:00Z,151,calls.csv
+919893370583,+919811297845,2026-08-12T08:00:00Z,208,calls.csv
+919854585178,+919837326368,2026-08-05T08:00:00Z,118,calls.csv
+919845059710,+919884158663,2026-08-03T08:00:00Z,464,calls.csv
+919880993218,+919863121477,2026-08-05T08:00:00Z,23,calls.csv
+919844188276,+919834073380,2026-08-02T08:00:00Z,226,calls.csv
+919885146293,+919813176186,2026-08-06T08:00:00Z,255,calls.csv
+919842035886,+919810475894,2026-08-16T08:00:00Z,152,calls.csv
+919811049999,+919860888017,2026-08-02T08:00:00Z,236,calls.csv
+919879782527,+919848250360,2026-08-14T08:00:00Z,451,calls.csv
+919814835614,+919815614174,2026-08-14T08:00:00Z,126,calls.csv
+919886384014,+919827566185,2026-08-10T08:00:00Z,281,calls.csv
+919884158663,+919885283645,2026-08-01T08:00:00Z,123,calls.csv
+919899508850,+919825015458,2026-08-10T08:00:00Z,26,calls.csv
+919857130035,+919811049999,2026-08-04T08:00:00Z,18,calls.csv
+919871367643,+919813176186,2026-08-13T08:00:00Z,499,calls.csv
+919891178885,+919850181935,2026-08-15T08:00:00Z,198,calls.csv
+919857469942,+919854585178,2026-08-03T08:00:00Z,199,calls.csv
+919830005727,+919814835614,2026-08-12T08:00:00Z,200,calls.csv
+919850962024,+919857469942,2026-08-06T08:00:00Z,494,calls.csv
+919857130035,+919878064830,2026-08-16T08:00:00Z,440,calls.csv
+919880166708,+919823903144,2026-08-09T08:00:00Z,246,calls.csv
+919897775215,+919852436584,2026-08-04T08:00:00Z,32,calls.csv
+919810475894,+919811049999,2026-08-04T08:00:00Z,418,calls.csv
+919827558317,+919885146293,2026-08-02T08:00:00Z,116,calls.csv
+919845059710,+919810226999,2026-08-14T08:00:00Z,293,calls.csv
+919899889098,+919847463522,2026-08-15T08:00:00Z,214,calls.csv
+919858942697,+919837326368,2026-08-03T08:00:00Z,260,calls.csv
+919899245317,+919857469942,2026-08-02T08:00:00Z,288,calls.csv
+919822388090,+919827084279,2026-08-04T08:00:00Z,425,calls.csv
+919845594597,+919858884978,2026-08-12T08:00:00Z,239,calls.csv
+919880166708,+919861343880,2026-08-01T08:00:00Z,454,calls.csv
+919884045292,+919880166708,2026-08-11T08:00:00Z,370,calls.csv
+919811049999,+919851511484,2026-08-03T08:00:00Z,110,calls.csv
+919856397338,+919871780854,2026-08-14T08:00:00Z,241,calls.csv
+919881969657,+919857130035,2026-08-02T08:00:00Z,246,calls.csv
+919882909480,+919899889098,2026-08-11T08:00:00Z,50,calls.csv
+919888339168,+919847393469,2026-08-12T08:00:00Z,281,calls.csv
+919858942697,+919839920292,2026-08-10T08:00:00Z,112,calls.csv
+919825480907,+919845810056,2026-08-04T08:00:00Z,370,calls.csv
+919865337219,+919845059710,2026-08-01T08:00:00Z,299,calls.csv
+919897775215,+919815334035,2026-08-12T08:00:00Z,282,calls.csv
+919866851377,+919819736572,2026-08-12T08:00:00Z,238,calls.csv
+919815134794,+919896637649,2026-08-14T08:00:00Z,315,calls.csv
+919878064830,+919891178885,2026-08-01T08:00:00Z,114,calls.csv
+919854769200,+919859555330,2026-08-01T08:00:00Z,180,calls.csv
+919865337219,+919858884978,2026-08-07T08:00:00Z,320,calls.csv
+919868326160,+919885283645,2026-08-15T08:00:00Z,482,calls.csv
+919811250299,+919897775215,2026-08-13T08:00:00Z,233,calls.csv
+919852133044,+919831687165,2026-08-12T08:00:00Z,309,calls.csv
+919819391725,+919856020613,2026-08-08T08:00:00Z,435,calls.csv
+919823903144,+919899508850,2026-08-16T08:00:00Z,19,calls.csv
+919859597086,+919896098221,2026-08-09T08:00:00Z,216,calls.csv
+919815197528,+919857469942,2026-08-04T08:00:00Z,169,calls.csv
+919835511941,+919866267415,2026-08-01T08:00:00Z,396,calls.csv
+919843308443,+919853779528,2026-08-02T08:00:00Z,238,calls.csv
+919868812137,+919819832887,2026-08-15T08:00:00Z,73,calls.csv
+919878064830,+919858024342,2026-08-01T08:00:00Z,393,calls.csv
+919884437458,+919892097999,2026-08-08T08:00:00Z,288,calls.csv
+919864009265,+919828024248,2026-08-03T08:00:00Z,430,calls.csv
+919825492573,+919850181935,2026-08-09T08:00:00Z,303,calls.csv
+919852436584,+919836445607,2026-08-08T08:00:00Z,351,calls.csv
+919825015458,+919819391725,2026-08-11T08:00:00Z,411,calls.csv
+919845810056,+919871780854,2026-08-09T08:00:00Z,322,calls.csv
+919826726926,+919899152472,2026-08-02T08:00:00Z,423,calls.csv
+919868812137,+919899514287,2026-08-16T08:00:00Z,485,calls.csv
+919830863865,+919826726926,2026-08-16T08:00:00Z,337,calls.csv
+919842787299,+919815917225,2026-08-03T08:00:00Z,111,calls.csv
+919851511484,+919814835614,2026-08-15T08:00:00Z,360,calls.csv
+919854769200,+919815197528,2026-08-13T08:00:00Z,318,calls.csv
+919810475894,+919895511909,2026-08-10T08:00:00Z,62,calls.csv
+919829876811,+919819233013,2026-08-04T08:00:00Z,86,calls.csv
+919899038359,+919819832887,2026-08-10T08:00:00Z,497,calls.csv
+919888339168,+919819832887,2026-08-16T08:00:00Z,302,calls.csv
+919830743797,+919857130035,2026-08-08T08:00:00Z,435,calls.csv
+919845810056,+919837326368,2026-08-11T08:00:00Z,233,calls.csv
+919815334035,+919877834855,2026-08-10T08:00:00Z,308,calls.csv
+919863481198,+919853779528,2026-08-15T08:00:00Z,423,calls.csv
+919822388090,+919843308443,2026-08-09T08:00:00Z,94,calls.csv
+919848250360,+919824549543,2026-08-05T08:00:00Z,23,calls.csv
+919847135391,+919856843172,2026-08-02T08:00:00Z,273,calls.csv
+919849682169,+919811297845,2026-08-06T08:00:00Z,64,calls.csv
+919854318698,+919829876811,2026-08-02T08:00:00Z,440,calls.csv
+919885283645,+919824549543,2026-08-01T08:00:00Z,332,calls.csv
+919824549543,+919866267415,2026-08-09T08:00:00Z,58,calls.csv
+919816818112,+919879782527,2026-08-08T08:00:00Z,199,calls.csv
+919868526649,+919899508850,2026-08-15T08:00:00Z,471,calls.csv
+919861343880,+919824508349,2026-08-03T08:00:00Z,237,calls.csv
+919815614174,+919843491314,2026-08-10T08:00:00Z,485,calls.csv
+919824549543,+919856397338,2026-08-01T08:00:00Z,427,calls.csv
+919847816686,+919816818112,2026-08-13T08:00:00Z,467,calls.csv
+919884158663,+919899639081,2026-08-05T08:00:00Z,92,calls.csv
+919893131979,+919854769200,2026-08-15T08:00:00Z,494,calls.csv
+919820099059,+919827778019,2026-08-08T08:00:00Z,302,calls.csv
+919850603163,+919861700055,2026-08-12T08:00:00Z,234,calls.csv
+919815354599,+919811297845,2026-08-06T08:00:00Z,41,calls.csv
+919845059710,+919884158663,2026-08-02T08:00:00Z,224,calls.csv
+919868571795,+919899913412,2026-08-16T08:00:00Z,351,calls.csv
+919867887757,+919815334035,2026-08-07T08:00:00Z,204,calls.csv
+919850181935,+919879782527,2026-08-10T08:00:00Z,314,calls.csv
+919868326160,+919867887757,2026-08-03T08:00:00Z,488,calls.csv
+919885283645,+919856397338,2026-08-16T08:00:00Z,355,calls.csv
+919814835614,+919831367172,2026-08-06T08:00:00Z,317,calls.csv
+919858884978,+919857469942,2026-08-05T08:00:00Z,247,calls.csv
+919885863473,+919882269803,2026-08-13T08:00:00Z,306,calls.csv
+919858884978,+919898231132,2026-08-02T08:00:00Z,146,calls.csv
+919813326769,+919868812137,2026-08-12T08:00:00Z,127,calls.csv
+919882909480,+919854769200,2026-08-09T08:00:00Z,473,calls.csv
+919854318698,+919843704923,2026-08-14T08:00:00Z,67,calls.csv
+919836786211,+919815134794,2026-08-02T08:00:00Z,263,calls.csv
+919828024248,+919850308572,2026-08-08T08:00:00Z,100,calls.csv
+919819832887,+919850962024,2026-08-08T08:00:00Z,180,calls.csv
+919885863473,+919835921441,2026-08-12T08:00:00Z,64,calls.csv
+919863121477,+919849682169,2026-08-13T08:00:00Z,103,calls.csv
+919845431319,+919833763566,2026-08-02T08:00:00Z,463,calls.csv
+919890070438,+919831810617,2026-08-10T08:00:00Z,437,calls.csv
+919891363974,+919835921441,2026-08-13T08:00:00Z,289,calls.csv
+919857130035,+919884045292,2026-08-09T08:00:00Z,489,calls.csv
+919891363974,+919815134794,2026-08-01T08:00:00Z,146,calls.csv
+919869302158,+919856397338,2026-08-10T08:00:00Z,87,calls.csv
+919819391725,+919830005727,2026-08-01T08:00:00Z,88,calls.csv
+919859555330,+919877898694,2026-08-04T08:00:00Z,207,calls.csv
+919844188276,+919885283645,2026-08-12T08:00:00Z,306,calls.csv
+919893131979,+919878642041,2026-08-14T08:00:00Z,150,calls.csv
+919811297845,+919816818112,2026-08-05T08:00:00Z,10,calls.csv
+919899152472,+919823796726,2026-08-08T08:00:00Z,146,calls.csv
+919813704481,+919825480907,2026-08-08T08:00:00Z,324,calls.csv
+919871780854,+919897775215,2026-08-05T08:00:00Z,142,calls.csv
+919830863865,+919898231132,2026-08-05T08:00:00Z,395,calls.csv
+919856020613,+919830005727,2026-08-03T08:00:00Z,227,calls.csv
+919815614174,+919838195995,2026-08-03T08:00:00Z,55,calls.csv
+919899514287,+919847816686,2026-08-07T08:00:00Z,434,calls.csv
+919824508349,+919868812137,2026-08-08T08:00:00Z,193,calls.csv
+919824549543,+919838270233,2026-08-06T08:00:00Z,430,calls.csv
+919893638503,+919882909480,2026-08-14T08:00:00Z,65,calls.csv
+919842035886,+919847135391,2026-08-16T08:00:00Z,378,calls.csv
+919883227889,+919852436584,2026-08-11T08:00:00Z,105,calls.csv
+919857130035,+919813326769,2026-08-09T08:00:00Z,174,calls.csv
+919810475894,+919856397338,2026-08-04T08:00:00Z,215,calls.csv
+919856930359,+919863121477,2026-08-01T08:00:00Z,475,calls.csv
+919860888017,+919813176186,2026-08-09T08:00:00Z,394,calls.csv
+919899639081,+919854058573,2026-08-05T08:00:00Z,144,calls.csv
+919885146293,+919871367643,2026-08-04T08:00:00Z,229,calls.csv
+919899913412,+919867403166,2026-08-02T08:00:00Z,456,calls.csv
+919819317495,+919851373735,2026-08-10T08:00:00Z,150,calls.csv
+919827105448,+919863481198,2026-08-14T08:00:00Z,215,calls.csv
+919819391725,+919850264926,2026-08-16T08:00:00Z,469,calls.csv
+919895511909,+919819391725,2026-08-05T08:00:00Z,368,calls.csv
+919884158663,+919898588154,2026-08-02T08:00:00Z,289,calls.csv
+919811297845,+919845594597,2026-08-01T08:00:00Z,453,calls.csv
+919825480907,+919851511484,2026-08-05T08:00:00Z,59,calls.csv
+919831367172,+919831687165,2026-08-15T08:00:00Z,148,calls.csv
+919829876811,+919827084279,2026-08-04T08:00:00Z,413,calls.csv
+919842787299,+919893370583,2026-08-06T08:00:00Z,480,calls.csv
+919889795010,+919866267415,2026-08-13T08:00:00Z,494,calls.csv
+919892097999,+919816818112,2026-08-14T08:00:00Z,325,calls.csv
+919824549543,+919871510041,2026-08-08T08:00:00Z,367,calls.csv
+919843704923,+919830863865,2026-08-15T08:00:00Z,169,calls.csv
+919861700055,+919819233013,2026-08-10T08:00:00Z,362,calls.csv
+919867887757,+919893370583,2026-08-11T08:00:00Z,311,calls.csv
+919884158663,+919836445607,2026-08-02T08:00:00Z,66,calls.csv
+919885146293,+919871367643,2026-08-05T08:00:00Z,379,calls.csv
+919899038526,+919819736572,2026-08-06T08:00:00Z,39,calls.csv
+919868526649,+919863121477,2026-08-16T08:00:00Z,194,calls.csv
+919857130035,+919851373735,2026-08-13T08:00:00Z,465,calls.csv
+919833966966,+919813326769,2026-08-12T08:00:00Z,68,calls.csv
+919847816686,+919868571795,2026-08-03T08:00:00Z,226,calls.csv
+919831172421,+919845594597,2026-08-02T08:00:00Z,126,calls.csv
+919898588154,+919871510041,2026-08-13T08:00:00Z,116,calls.csv
+919831810617,+919836445607,2026-08-08T08:00:00Z,220,calls.csv
+919825015458,+919815917225,2026-08-05T08:00:00Z,61,calls.csv
+919827558317,+919843704923,2026-08-09T08:00:00Z,177,calls.csv
+919893303777,+919899038526,2026-08-02T08:00:00Z,204,calls.csv
+919819832887,+919866431351,2026-08-02T08:00:00Z,22,calls.csv
+919898588154,+919884437458,2026-08-10T08:00:00Z,423,calls.csv
+919845650176,+919899514287,2026-08-09T08:00:00Z,101,calls.csv
+919888339168,+919875569635,2026-08-13T08:00:00Z,202,calls.csv
+919831172421,+919858942697,2026-08-14T08:00:00Z,230,calls.csv
+919891178885,+919829876811,2026-08-02T08:00:00Z,177,calls.csv
+919897775215,+919892097999,2026-08-06T08:00:00Z,17,calls.csv
+919835748341,+919836445607,2026-08-14T08:00:00Z,452,calls.csv
+919878371272,+919839920292,2026-08-15T08:00:00Z,184,calls.csv
+919871510041,+919827105448,2026-08-15T08:00:00Z,410,calls.csv
+919854585178,+919864009265,2026-08-11T08:00:00Z,123,calls.csv
+919819317495,+919861700055,2026-08-01T08:00:00Z,227,calls.csv
+919886384014,+919878642041,2026-08-12T08:00:00Z,142,calls.csv
+919868326160,+919819233013,2026-08-05T08:00:00Z,447,calls.csv
+919885563727,+919882160068,2026-08-14T08:00:00Z,182,calls.csv
+919899508850,+919845431319,2026-08-02T08:00:00Z,65,calls.csv
+919830863865,+919867684996,2026-08-11T08:00:00Z,319,calls.csv
+919826726926,+919823419256,2026-08-08T08:00:00Z,483,calls.csv
+919873174945,+919815354599,2026-08-14T08:00:00Z,92,calls.csv
+919882160068,+919854769200,2026-08-06T08:00:00Z,87,calls.csv
+919875569635,+919815334035,2026-08-15T08:00:00Z,229,calls.csv
+919898231132,+919833966966,2026-08-16T08:00:00Z,169,calls.csv
+919825480907,+919845650176,2026-08-11T08:00:00Z,323,calls.csv
+919843308443,+919845630292,2026-08-01T08:00:00Z,63,calls.csv
+919831687165,+919837415205,2026-08-09T08:00:00Z,373,calls.csv
+919847463522,+919867887757,2026-08-12T08:00:00Z,476,calls.csv
+919899152472,+919878064830,2026-08-13T08:00:00Z,40,calls.csv
+919866431351,+919893131979,2026-08-01T08:00:00Z,65,calls.csv
+919868571795,+919868812137,2026-08-13T08:00:00Z,256,calls.csv
+919882909480,+919854058573,2026-08-05T08:00:00Z,110,calls.csv
+919831687165,+919845810056,2026-08-12T08:00:00Z,237,calls.csv
+919822388090,+919831367172,2026-08-15T08:00:00Z,79,calls.csv
+919825492573,+919883227889,2026-08-09T08:00:00Z,446,calls.csv
+919860888017,+919833763566,2026-08-14T08:00:00Z,48,calls.csv
+919861343880,+919845594597,2026-08-04T08:00:00Z,480,calls.csv
+919860888017,+919873174945,2026-08-07T08:00:00Z,280,calls.csv
+919878064830,+919899889098,2026-08-16T08:00:00Z,185,calls.csv
+919899889098,+919848250360,2026-08-12T08:00:00Z,366,calls.csv
+919868812137,+919845594597,2026-08-13T08:00:00Z,453,calls.csv
+919882269803,+919813704481,2026-08-02T08:00:00Z,246,calls.csv
+919828024248,+919884252420,2026-08-06T08:00:00Z,198,calls.csv
+919892097999,+919827558317,2026-08-06T08:00:00Z,168,calls.csv
+919827566185,+919885146293,2026-08-08T08:00:00Z,267,calls.csv
+919893370583,+919878064830,2026-08-12T08:00:00Z,418,calls.csv
+919882269803,+919830743797,2026-08-02T08:00:00Z,26,calls.csv
+919819736572,+919815134794,2026-08-09T08:00:00Z,166,calls.csv
+919884437458,+919825521714,2026-08-10T08:00:00Z,343,calls.csv
+919856843172,+919877898694,2026-08-05T08:00:00Z,455,calls.csv
+919865337219,+919838609087,2026-08-04T08:00:00Z,81,calls.csv
+919819317495,+919865259205,2026-08-15T08:00:00Z,156,calls.csv
+919846553958,+919871510041,2026-08-16T08:00:00Z,359,calls.csv
+919895132217,+919843491314,2026-08-03T08:00:00Z,240,calls.csv
+919850603163,+919815957459,2026-08-13T08:00:00Z,401,calls.csv
+919893638503,+919878642041,2026-08-10T08:00:00Z,340,calls.csv
+919850308572,+919819736572,2026-08-06T08:00:00Z,260,calls.csv
+919852169044,+919827105448,2026-08-07T08:00:00Z,454,calls.csv
+919810475894,+919871510041,2026-08-13T08:00:00Z,360,calls.csv
+919852169044,+919847816686,2026-08-16T08:00:00Z,191,calls.csv
+919882909480,+919822388090,2026-08-02T08:00:00Z,420,calls.csv
+919843308443,+919826726926,2026-08-13T08:00:00Z,136,calls.csv
+919871780854,+919811250299,2026-08-11T08:00:00Z,375,calls.csv
+919885563727,+919819317495,2026-08-02T08:00:00Z,207,calls.csv
+919826726926,+919899889098,2026-08-11T08:00:00Z,378,calls.csv
+919816818112,+919899152472,2026-08-05T08:00:00Z,146,calls.csv
+919838195995,+919899889098,2026-08-11T08:00:00Z,444,calls.csv
+919899889098,+919854585178,2026-08-01T08:00:00Z,28,calls.csv
+919899508850,+919885563727,2026-08-04T08:00:00Z,273,calls.csv
+919843308443,+919825492573,2026-08-13T08:00:00Z,235,calls.csv
+919868571795,+919861700055,2026-08-10T08:00:00Z,273,calls.csv
+919843308443,+919857469942,2026-08-12T08:00:00Z,98,calls.csv
+919824366125,+919811250299,2026-08-09T08:00:00Z,479,calls.csv
+919858884978,+919813176186,2026-08-09T08:00:00Z,144,calls.csv
+919815134794,+919873174945,2026-08-07T08:00:00Z,429,calls.csv
+919813704481,+919813176186,2026-08-03T08:00:00Z,253,calls.csv
+919890070438,+919895132217,2026-08-07T08:00:00Z,240,calls.csv
+919896637649,+919828024248,2026-08-04T08:00:00Z,17,calls.csv
+919850308572,+919868526649,2026-08-11T08:00:00Z,133,calls.csv
+919850308572,+919898588154,2026-08-04T08:00:00Z,85,calls.csv
+919871510041,+919864813568,2026-08-09T08:00:00Z,457,calls.csv
+919871510041,+919810226999,2026-08-13T08:00:00Z,421,calls.csv
+919838195995,+919863481198,2026-08-14T08:00:00Z,310,calls.csv
+919866851377,+919827558317,2026-08-05T08:00:00Z,463,calls.csv
+919837326368,+919852101056,2026-08-02T08:00:00Z,166,calls.csv
+919836445607,+919834073380,2026-08-05T08:00:00Z,438,calls.csv
+919898231132,+919881969657,2026-08-09T08:00:00Z,439,calls.csv
+919869302158,+919831172421,2026-08-05T08:00:00Z,139,calls.csv
+919835921441,+919842035886,2026-08-02T08:00:00Z,424,calls.csv
+919854318698,+919845594597,2026-08-13T08:00:00Z,373,calls.csv
+919878064830,+919845810056,2026-08-09T08:00:00Z,77,calls.csv
+919893638503,+919810475894,2026-08-08T08:00:00Z,313,calls.csv
+919869302158,+919899245317,2026-08-08T08:00:00Z,131,calls.csv
+919863481198,+919881969657,2026-08-05T08:00:00Z,67,calls.csv
+919815917225,+919841774346,2026-08-16T08:00:00Z,25,calls.csv
+919889795010,+919885283645,2026-08-07T08:00:00Z,98,calls.csv
+919827084279,+919827558317,2026-08-02T08:00:00Z,374,calls.csv
+919895125977,+919810475894,2026-08-07T08:00:00Z,95,calls.csv
+919861343880,+919885146293,2026-08-02T08:00:00Z,427,calls.csv
+919853779528,+919822388090,2026-08-06T08:00:00Z,127,calls.csv
+919845810056,+919852436584,2026-08-01T08:00:00Z,42,calls.csv
+919833966966,+919827778019,2026-08-13T08:00:00Z,246,calls.csv
+919897775215,+919819233013,2026-08-04T08:00:00Z,33,calls.csv
+919827105448,+919856397338,2026-08-16T08:00:00Z,376,calls.csv
+919840547349,+919885146293,2026-08-01T08:00:00Z,290,calls.csv
+919879782527,+919875569635,2026-08-07T08:00:00Z,200,calls.csv
+919840547349,+919867887757,2026-08-10T08:00:00Z,41,calls.csv
+919885863473,+919845496015,2026-08-10T08:00:00Z,485,calls.csv
+919899913412,+919867403166,2026-08-08T08:00:00Z,338,calls.csv
+919879782527,+919868812137,2026-08-02T08:00:00Z,412,calls.csv
+919834073380,+919858942697,2026-08-14T08:00:00Z,410,calls.csv
+919882269803,+919864009265,2026-08-05T08:00:00Z,109,calls.csv
+919836445607,+919835748341,2026-08-14T08:00:00Z,453,calls.csv
+919868812137,+919836445607,2026-08-04T08:00:00Z,27,calls.csv
+919852436584,+919865337219,2026-08-01T08:00:00Z,244,calls.csv
+919882269803,+919868326160,2026-08-06T08:00:00Z,11,calls.csv
+919825521714,+919824366125,2026-08-11T08:00:00Z,497,calls.csv
+919880993218,+919868812137,2026-08-13T08:00:00Z,234,calls.csv
+919838609087,+919835511941,2026-08-01T08:00:00Z,472,calls.csv
+919852101056,+919813326769,2026-08-14T08:00:00Z,231,calls.csv
+919858884978,+919845630292,2026-08-14T08:00:00Z,147,calls.csv
+919867887757,+919847816686,2026-08-01T08:00:00Z,473,calls.csv
+919815917225,+919889795010,2026-08-12T08:00:00Z,163,calls.csv
+919854318698,+919825015458,2026-08-03T08:00:00Z,370,calls.csv
+919842787299,+919850962024,2026-08-01T08:00:00Z,423,calls.csv
+919839854548,+919811297845,2026-08-11T08:00:00Z,61,calls.csv
+919825480907,+919871367643,2026-08-09T08:00:00Z,405,calls.csv
+919895132217,+919850264926,2026-08-02T08:00:00Z,277,calls.csv
+919871367643,+919822388090,2026-08-12T08:00:00Z,405,calls.csv
+919859555330,+919893131979,2026-08-07T08:00:00Z,230,calls.csv
+919831810617,+919854446182,2026-08-07T08:00:00Z,160,calls.csv
+919828024248,+919844188276,2026-08-13T08:00:00Z,283,calls.csv
+919885863473,+919863481198,2026-08-13T08:00:00Z,91,calls.csv
+919845630292,+919826726926,2026-08-15T08:00:00Z,411,calls.csv
+919822388090,+919866851377,2026-08-08T08:00:00Z,286,calls.csv
+919848250360,+919810475894,2026-08-04T08:00:00Z,251,calls.csv
+919866851377,+919831172421,2026-08-16T08:00:00Z,410,calls.csv
+919871367643,+919847816686,2026-08-12T08:00:00Z,25,calls.csv
+919825521714,+919814835614,2026-08-14T08:00:00Z,102,calls.csv
+919813176186,+919864813568,2026-08-03T08:00:00Z,301,calls.csv
+919864813568,+919835921441,2026-08-01T08:00:00Z,364,calls.csv
+919898588154,+919845496015,2026-08-05T08:00:00Z,21,calls.csv
+919854318698,+919886384014,2026-08-14T08:00:00Z,461,calls.csv
+919899508850,+919837326368,2026-08-12T08:00:00Z,242,calls.csv
+919867684996,+919827778019,2026-08-06T08:00:00Z,204,calls.csv
+919822388090,+919899639081,2026-08-03T08:00:00Z,293,calls.csv
+919866431351,+919893131979,2026-08-12T08:00:00Z,488,calls.csv
+919823903144,+919847816686,2026-08-15T08:00:00Z,194,calls.csv
+919856930359,+919856397338,2026-08-11T08:00:00Z,500,calls.csv
+919854769200,+919849682169,2026-08-16T08:00:00Z,243,calls.csv
+919845431319,+919896637649,2026-08-03T08:00:00Z,353,calls.csv
+919895511909,+919823903144,2026-08-16T08:00:00Z,161,calls.csv
+919840547349,+919890070438,2026-08-06T08:00:00Z,411,calls.csv
+919838609087,+919887388337,2026-08-05T08:00:00Z,153,calls.csv
+919867887757,+919826726926,2026-08-13T08:00:00Z,491,calls.csv
+919823903144,+919897775215,2026-08-09T08:00:00Z,100,calls.csv
+919899245317,+919844188276,2026-08-16T08:00:00Z,181,calls.csv
+919827558317,+919868812137,2026-08-03T08:00:00Z,240,calls.csv
+919873174945,+919825015458,2026-08-09T08:00:00Z,379,calls.csv
+919843491314,+919878371272,2026-08-09T08:00:00Z,479,calls.csv
+919886384014,+919881969657,2026-08-12T08:00:00Z,358,calls.csv
+919875569635,+919893303777,2026-08-16T08:00:00Z,436,calls.csv
+919813326769,+919899913412,2026-08-14T08:00:00Z,409,calls.csv
+919861700055,+919827566185,2026-08-01T08:00:00Z,442,calls.csv
+919895125977,+919844188276,2026-08-05T08:00:00Z,442,calls.csv
+919878371272,+919891178885,2026-08-01T08:00:00Z,373,calls.csv
+919895125977,+919864543049,2026-08-02T08:00:00Z,42,calls.csv
+919867684996,+919825480907,2026-08-08T08:00:00Z,483,calls.csv
+919896637649,+919887925434,2026-08-14T08:00:00Z,150,calls.csv
+919873174945,+919849682169,2026-08-06T08:00:00Z,118,calls.csv
+919845650176,+919824366125,2026-08-16T08:00:00Z,100,calls.csv
+919899152472,+919899245317,2026-08-11T08:00:00Z,464,calls.csv
+919884045292,+919824366125,2026-08-01T08:00:00Z,39,calls.csv
+919854318698,+919819832887,2026-08-06T08:00:00Z,92,calls.csv
+919852101056,+919892097999,2026-08-15T08:00:00Z,133,calls.csv
+919867887757,+919845650176,2026-08-14T08:00:00Z,47,calls.csv
+919845630292,+919811297845,2026-08-12T08:00:00Z,13,calls.csv
+919834073380,+919819391725,2026-08-02T08:00:00Z,412,calls.csv
+919884252420,+919859555330,2026-08-02T08:00:00Z,56,calls.csv
+919853779528,+919895125977,2026-08-12T08:00:00Z,10,calls.csv
+919891363974,+919837415205,2026-08-15T08:00:00Z,463,calls.csv
+919880166708,+919841774346,2026-08-03T08:00:00Z,171,calls.csv
+919882160068,+919815134794,2026-08-03T08:00:00Z,392,calls.csv
+919813326769,+919880993218,2026-08-12T08:00:00Z,126,calls.csv
+919850603163,+919873174945,2026-08-05T08:00:00Z,112,calls.csv
+919813326769,+919859597086,2026-08-15T08:00:00Z,46,calls.csv
+919848250360,+919814835614,2026-08-11T08:00:00Z,358,calls.csv
+919822388090,+919866431351,2026-08-16T08:00:00Z,141,calls.csv
+919899508850,+919884437458,2026-08-03T08:00:00Z,459,calls.csv
+919861700055,+919823796726,2026-08-10T08:00:00Z,297,calls.csv
+919882909480,+919893370583,2026-08-10T08:00:00Z,126,calls.csv
+919815917225,+919844188276,2026-08-15T08:00:00Z,221,calls.csv
+919814835614,+919810475894,2026-08-07T08:00:00Z,452,calls.csv
+919829876811,+919823419256,2026-08-05T08:00:00Z,314,calls.csv
+919811250299,+919824366125,2026-08-16T08:00:00Z,402,calls.csv
+919853779528,+919829876811,2026-08-03T08:00:00Z,329,calls.csv
+919884045292,+919827558317,2026-08-05T08:00:00Z,252,calls.csv
+919892613013,+919835748341,2026-08-03T08:00:00Z,119,calls.csv
+919846553958,+919885863473,2026-08-03T08:00:00Z,28,calls.csv
+919884158663,+919856930359,2026-08-02T08:00:00Z,88,calls.csv
+919836786211,+919815957459,2026-08-13T08:00:00Z,123,calls.csv
+919868526649,+919815334035,2026-08-03T08:00:00Z,249,calls.csv
+919875569635,+919847135391,2026-08-12T08:00:00Z,234,calls.csv
+919811250299,+919856020613,2026-08-08T08:00:00Z,182,calls.csv
+919852133044,+919831810617,2026-08-02T08:00:00Z,217,calls.csv
+919831367172,+919816818112,2026-08-14T08:00:00Z,29,calls.csv
+919880993218,+919815134794,2026-08-15T08:00:00Z,109,calls.csv
+919868812137,+919854446182,2026-08-08T08:00:00Z,377,calls.csv
+919878064830,+919899514287,2026-08-07T08:00:00Z,290,calls.csv
+919899639081,+919837415205,2026-08-11T08:00:00Z,419,calls.csv
+919899889098,+919819233013,2026-08-10T08:00:00Z,217,calls.csv
+919823903144,+919811297845,2026-08-02T08:00:00Z,179,calls.csv
+919856930359,+919873174945,2026-08-15T08:00:00Z,427,calls.csv
+919830005727,+919858942697,2026-08-02T08:00:00Z,211,calls.csv
+919813176186,+919839854548,2026-08-11T08:00:00Z,190,calls.csv
+919831687165,+919878371272,2026-08-13T08:00:00Z,91,calls.csv
+919893638503,+919850181935,2026-08-06T08:00:00Z,383,calls.csv
+919815354599,+919898588154,2026-08-02T08:00:00Z,286,calls.csv
+919856930359,+919864009265,2026-08-11T08:00:00Z,64,calls.csv
+919871780854,+919854058573,2026-08-10T08:00:00Z,384,calls.csv
+919827105448,+919845159040,2026-08-04T08:00:00Z,465,calls.csv
+919842035886,+919847463522,2026-08-03T08:00:00Z,61,calls.csv
+919851511484,+919863121477,2026-08-13T08:00:00Z,58,calls.csv
+919899038526,+919868526649,2026-08-01T08:00:00Z,82,calls.csv
+919835511941,+919875569635,2026-08-15T08:00:00Z,359,calls.csv
+919845630292,+919873174945,2026-08-06T08:00:00Z,96,calls.csv
+919885563727,+919845059710,2026-08-13T08:00:00Z,377,calls.csv
+919895132217,+919825521714,2026-08-08T08:00:00Z,171,calls.csv
+919830743797,+919851373735,2026-08-03T08:00:00Z,359,calls.csv
+919837415205,+919852436584,2026-08-03T08:00:00Z,351,calls.csv
+919845650176,+919815334035,2026-08-15T08:00:00Z,471,calls.csv
+919836445607,+919850181935,2026-08-12T08:00:00Z,456,calls.csv
+919811049999,+919815354599,2026-08-06T08:00:00Z,450,calls.csv
+919815197528,+919893131979,2026-08-02T08:00:00Z,50,calls.csv
+919899913412,+919824508349,2026-08-11T08:00:00Z,119,calls.csv
+919884045292,+919815334035,2026-08-12T08:00:00Z,418,calls.csv
+919884437458,+919868526649,2026-08-09T08:00:00Z,235,calls.csv
+919885563727,+919895132217,2026-08-11T08:00:00Z,26,calls.csv
+919850603163,+919850962024,2026-08-02T08:00:00Z,499,calls.csv
+919854058573,+919847463522,2026-08-15T08:00:00Z,370,calls.csv
+919844999379,+919886384014,2026-08-15T08:00:00Z,314,calls.csv
+919854446182,+919888339168,2026-08-12T08:00:00Z,372,calls.csv
+919880993218,+919814835614,2026-08-12T08:00:00Z,339,calls.csv
+919827105448,+919842035886,2026-08-03T08:00:00Z,34,calls.csv
+919815354599,+919889795010,2026-08-10T08:00:00Z,500,calls.csv
+919819736572,+919838195995,2026-08-07T08:00:00Z,165,calls.csv
+919846553958,+919884045292,2026-08-01T08:00:00Z,114,calls.csv
+919852101056,+919843704923,2026-08-04T08:00:00Z,11,calls.csv
+919824366125,+919884252420,2026-08-05T08:00:00Z,490,calls.csv
+919859597086,+919847135391,2026-08-14T08:00:00Z,33,calls.csv
+919861700055,+919891363974,2026-08-10T08:00:00Z,42,calls.csv
+919847816686,+919811297845,2026-08-10T08:00:00Z,330,calls.csv
+919871367643,+919887388337,2026-08-08T08:00:00Z,344,calls.csv
+919877898694,+919871367643,2026-08-06T08:00:00Z,289,calls.csv
+919820099059,+919823419256,2026-08-08T08:00:00Z,475,calls.csv
+919893303777,+919868526649,2026-08-11T08:00:00Z,85,calls.csv
+919813326769,+919813176186,2026-08-13T08:00:00Z,46,calls.csv
+919859597086,+919811049999,2026-08-14T08:00:00Z,259,calls.csv
+919863481198,+919895125977,2026-08-01T08:00:00Z,339,calls.csv
+919864543049,+919830863865,2026-08-14T08:00:00Z,492,calls.csv
+919854446182,+919811049999,2026-08-03T08:00:00Z,289,calls.csv
+919845630292,+919825492573,2026-08-15T08:00:00Z,254,calls.csv
+919892097999,+919813326769,2026-08-08T08:00:00Z,255,calls.csv
+919899152472,+919830743797,2026-08-05T08:00:00Z,376,calls.csv
+919899038359,+919824549543,2026-08-07T08:00:00Z,301,calls.csv
+919847393469,+919854585178,2026-08-12T08:00:00Z,451,calls.csv
+919842787299,+919815614174,2026-08-01T08:00:00Z,211,calls.csv
+919839920292,+919849682169,2026-08-13T08:00:00Z,398,calls.csv
+919885283645,+919856930359,2026-08-11T08:00:00Z,14,calls.csv
+919899038359,+919899245317,2026-08-12T08:00:00Z,434,calls.csv
+919815354599,+919847816686,2026-08-16T08:00:00Z,118,calls.csv
+919819233013,+919836445607,2026-08-09T08:00:00Z,76,calls.csv
+919889795010,+919882160068,2026-08-10T08:00:00Z,64,calls.csv
+919849682169,+919871510041,2026-08-09T08:00:00Z,104,calls.csv
+919833357554,+919811049999,2026-08-06T08:00:00Z,348,calls.csv
+919823796726,+919899508850,2026-08-05T08:00:00Z,122,calls.csv
+919884411983,+919854585178,2026-08-11T08:00:00Z,448,calls.csv
+919887388337,+919843308443,2026-08-01T08:00:00Z,387,calls.csv
+919859597086,+919823796726,2026-08-02T08:00:00Z,339,calls.csv
+919831810617,+919819736572,2026-08-02T08:00:00Z,192,calls.csv
+919878642041,+919866431351,2026-08-14T08:00:00Z,271,calls.csv
+919878064830,+919878642041,2026-08-01T08:00:00Z,87,calls.csv
+919853779528,+919854318698,2026-08-13T08:00:00Z,211,calls.csv
+919830005727,+919884411983,2026-08-05T08:00:00Z,325,calls.csv
+919866431351,+919850962024,2026-08-11T08:00:00Z,500,calls.csv
+919864813568,+919856930359,2026-08-15T08:00:00Z,175,calls.csv
+919850181935,+919882160068,2026-08-03T08:00:00Z,97,calls.csv
+919814835614,+919810226999,2026-08-14T08:00:00Z,169,calls.csv
+919860888017,+919830863865,2026-08-02T08:00:00Z,128,calls.csv
+919888183110,+919831810617,2026-08-06T08:00:00Z,418,calls.csv
+919815354599,+919833966966,2026-08-05T08:00:00Z,244,calls.csv
+919825521714,+919836786211,2026-08-06T08:00:00Z,49,calls.csv
+919811250299,+919851511484,2026-08-15T08:00:00Z,465,calls.csv
+919845059710,+919833966966,2026-08-05T08:00:00Z,10,calls.csv
+919830005727,+919853779528,2026-08-03T08:00:00Z,420,calls.csv
+919823419256,+919899245317,2026-08-08T08:00:00Z,375,calls.csv
+919882269803,+919854446182,2026-08-01T08:00:00Z,102,calls.csv
+919844999379,+919848250360,2026-08-06T08:00:00Z,60,calls.csv
+919815917225,+919826726926,2026-08-06T08:00:00Z,44,calls.csv
+919836786211,+919856020613,2026-08-04T08:00:00Z,277,calls.csv
+919823796726,+919839920292,2026-08-01T08:00:00Z,361,calls.csv
+919878371272,+919850181935,2026-08-04T08:00:00Z,232,calls.csv
+919880166708,+919846553958,2026-08-04T08:00:00Z,267,calls.csv
+919897775215,+919847135391,2026-08-12T08:00:00Z,180,calls.csv
+919831687165,+919845594597,2026-08-11T08:00:00Z,301,calls.csv
+919895511909,+919851511484,2026-08-16T08:00:00Z,95,calls.csv
+919896637649,+919852101056,2026-08-04T08:00:00Z,205,calls.csv
+919810475894,+919827084279,2026-08-02T08:00:00Z,372,calls.csv
+919888339168,+919882269803,2026-08-11T08:00:00Z,479,calls.csv
+919845496015,+919898231132,2026-08-07T08:00:00Z,44,calls.csv
+919854446182,+919835921441,2026-08-05T08:00:00Z,270,calls.csv
+919843704923,+919898231132,2026-08-06T08:00:00Z,421,calls.csv
+919856397338,+919858942697,2026-08-11T08:00:00Z,461,calls.csv
+919835748341,+919873174945,2026-08-04T08:00:00Z,273,calls.csv
+919823903144,+919852169044,2026-08-16T08:00:00Z,93,calls.csv
+919852436584,+919873174945,2026-08-06T08:00:00Z,292,calls.csv
+919847135391,+919871367643,2026-08-10T08:00:00Z,284,calls.csv
+919827566185,+919866267415,2026-08-08T08:00:00Z,79,calls.csv
+919824549543,+919865259205,2026-08-02T08:00:00Z,139,calls.csv
+919854318698,+919824366125,2026-08-09T08:00:00Z,259,calls.csv
+919824366125,+919884437458,2026-08-07T08:00:00Z,384,calls.csv
+919886384014,+919895511909,2026-08-04T08:00:00Z,43,calls.csv
+919831810617,+919813176186,2026-08-07T08:00:00Z,368,calls.csv
+919815354599,+919863643924,2026-08-05T08:00:00Z,386,calls.csv
+919866267415,+919810226999,2026-08-01T08:00:00Z,75,calls.csv
+919858024342,+919885563727,2026-08-07T08:00:00Z,35,calls.csv
+919858942697,+919882909480,2026-08-05T08:00:00Z,122,calls.csv
+919825492573,+919850603163,2026-08-16T08:00:00Z,193,calls.csv
+919827566185,+919851373735,2026-08-04T08:00:00Z,134,calls.csv
+919893303777,+919825492573,2026-08-07T08:00:00Z,31,calls.csv
+919815957459,+919893131979,2026-08-05T08:00:00Z,267,calls.csv
+919867887757,+919815197528,2026-08-11T08:00:00Z,463,calls.csv
+919888339168,+919883227889,2026-08-09T08:00:00Z,212,calls.csv
+919865337219,+919852436584,2026-08-02T08:00:00Z,186,calls.csv
+919825492573,+919898588154,2026-08-08T08:00:00Z,488,calls.csv
+919850603163,+919864813568,2026-08-15T08:00:00Z,192,calls.csv
+919830863865,+919833357554,2026-08-04T08:00:00Z,322,calls.csv
+919871510041,+919842787299,2026-08-05T08:00:00Z,403,calls.csv
+919847816686,+919868526649,2026-08-01T08:00:00Z,343,calls.csv
+919899245317,+919899038526,2026-08-03T08:00:00Z,222,calls.csv
+919831172421,+919868526649,2026-08-03T08:00:00Z,250,calls.csv
+919899514287,+919835921441,2026-08-02T08:00:00Z,450,calls.csv
+919885283645,+919833357554,2026-08-07T08:00:00Z,71,calls.csv
+919827105448,+919892097999,2026-08-08T08:00:00Z,441,calls.csv
+919852462441,+919811297845,2026-08-09T08:00:00Z,44,calls.csv
+919895132217,+919845630292,2026-08-13T08:00:00Z,93,calls.csv
+919852133044,+919863481198,2026-08-03T08:00:00Z,420,calls.csv
+919892613013,+919854769200,2026-08-14T08:00:00Z,259,calls.csv
+919822388090,+919899152472,2026-08-02T08:00:00Z,197,calls.csv
+919868326160,+919810475894,2026-08-12T08:00:00Z,440,calls.csv
+919815197528,+919889795010,2026-08-15T08:00:00Z,498,calls.csv
+919882269803,+919871780854,2026-08-13T08:00:00Z,129,calls.csv
+919899508850,+919889795010,2026-08-05T08:00:00Z,53,calls.csv
+919823796726,+919827558317,2026-08-13T08:00:00Z,195,calls.csv
+919813176186,+919811049999,2026-08-10T08:00:00Z,307,calls.csv
+919847393469,+919863121477,2026-08-09T08:00:00Z,163,calls.csv
+919884437458,+919858024342,2026-08-15T08:00:00Z,230,calls.csv
+919889795010,+919865337219,2026-08-10T08:00:00Z,319,calls.csv
+919846553958,+919844999379,2026-08-08T08:00:00Z,300,calls.csv
+919815197528,+919823419256,2026-08-01T08:00:00Z,164,calls.csv
+919815917225,+919890070438,2026-08-13T08:00:00Z,95,calls.csv
+919864813568,+919844999379,2026-08-05T08:00:00Z,443,calls.csv
+919852169044,+919840547349,2026-08-05T08:00:00Z,232,calls.csv
+919854769200,+919854318698,2026-08-10T08:00:00Z,85,calls.csv
+919811250299,+919899038359,2026-08-14T08:00:00Z,350,calls.csv
+919823903144,+919852462441,2026-08-11T08:00:00Z,491,calls.csv
+919884437458,+919810475894,2026-08-11T08:00:00Z,146,calls.csv
+919863643924,+919852133044,2026-08-04T08:00:00Z,357,calls.csv
+919885563727,+919871780854,2026-08-16T08:00:00Z,495,calls.csv
+919898588154,+919868526649,2026-08-04T08:00:00Z,388,calls.csv
+919838195995,+919883227889,2026-08-05T08:00:00Z,337,calls.csv
+919888183110,+919885863473,2026-08-10T08:00:00Z,474,calls.csv
+919882909480,+919879782527,2026-08-13T08:00:00Z,144,calls.csv
+919884411983,+919892613013,2026-08-11T08:00:00Z,422,calls.csv
+919888183110,+919845650176,2026-08-10T08:00:00Z,494,calls.csv
+919849682169,+919882160068,2026-08-12T08:00:00Z,351,calls.csv
+919896098221,+919878371272,2026-08-08T08:00:00Z,125,calls.csv
+919878642041,+919884158663,2026-08-07T08:00:00Z,496,calls.csv
+919859597086,+919852101056,2026-08-08T08:00:00Z,49,calls.csv
+919831687165,+919896637649,2026-08-12T08:00:00Z,444,calls.csv
+919858884978,+919866851377,2026-08-16T08:00:00Z,217,calls.csv
+919827105448,+919893303777,2026-08-09T08:00:00Z,199,calls.csv
+919856843172,+919863121477,2026-08-13T08:00:00Z,479,calls.csv
+919852101056,+919850181935,2026-08-09T08:00:00Z,265,calls.csv
+919835511941,+919864813568,2026-08-13T08:00:00Z,310,calls.csv
+919882909480,+919884045292,2026-08-09T08:00:00Z,379,calls.csv
+919846553958,+919885563727,2026-08-11T08:00:00Z,494,calls.csv
+919892613013,+919813176186,2026-08-08T08:00:00Z,233,calls.csv
+919825521714,+919850181935,2026-08-16T08:00:00Z,448,calls.csv
+919831367172,+919889795010,2026-08-13T08:00:00Z,486,calls.csv
+919845594597,+919898588154,2026-08-13T08:00:00Z,423,calls.csv
+919819391725,+919848250360,2026-08-07T08:00:00Z,473,calls.csv
+919824366125,+919827566185,2026-08-03T08:00:00Z,100,calls.csv
+919887925434,+919847393469,2026-08-12T08:00:00Z,21,calls.csv
+919871510041,+919851373735,2026-08-01T08:00:00Z,303,calls.csv
+919856930359,+919895132217,2026-08-10T08:00:00Z,270,calls.csv
+919854318698,+919887925434,2026-08-06T08:00:00Z,399,calls.csv
+919825480907,+919898588154,2026-08-05T08:00:00Z,175,calls.csv
+919893303777,+919895125977,2026-08-13T08:00:00Z,213,calls.csv
+919899639081,+919839854548,2026-08-06T08:00:00Z,67,calls.csv
+919888183110,+919822388090,2026-08-15T08:00:00Z,455,calls.csv
+919858942697,+919845650176,2026-08-08T08:00:00Z,198,calls.csv
+919815957459,+919825492573,2026-08-04T08:00:00Z,146,calls.csv
+919815334035,+919840547349,2026-08-04T08:00:00Z,487,calls.csv
+919847393469,+919873174945,2026-08-09T08:00:00Z,343,calls.csv
+919816818112,+919833357554,2026-08-07T08:00:00Z,136,calls.csv
+919885283645,+919815197528,2026-08-04T08:00:00Z,164,calls.csv
+919815957459,+919899913412,2026-08-10T08:00:00Z,119,calls.csv
+919825492573,+919896098221,2026-08-15T08:00:00Z,300,calls.csv
+919829876811,+919884411983,2026-08-15T08:00:00Z,125,calls.csv
+919881969657,+919831172421,2026-08-01T08:00:00Z,25,calls.csv
+919813704481,+919815917225,2026-08-04T08:00:00Z,263,calls.csv
+919866851377,+919820099059,2026-08-06T08:00:00Z,82,calls.csv
+919854769200,+919831687165,2026-08-12T08:00:00Z,383,calls.csv
+919854446182,+919839854548,2026-08-03T08:00:00Z,479,calls.csv
+919810475894,+919824366125,2026-08-11T08:00:00Z,90,calls.csv
+919877834855,+919813176186,2026-08-09T08:00:00Z,388,calls.csv
+919837415205,+919848250360,2026-08-15T08:00:00Z,142,calls.csv
+919830743797,+919831172421,2026-08-16T08:00:00Z,34,calls.csv
+919824508349,+919891178885,2026-08-07T08:00:00Z,339,calls.csv
+919899245317,+919815917225,2026-08-01T08:00:00Z,364,calls.csv
+919866851377,+919829876811,2026-08-11T08:00:00Z,458,calls.csv
+919852462441,+919861343880,2026-08-08T08:00:00Z,473,calls.csv
+919830005727,+919851511484,2026-08-15T08:00:00Z,77,calls.csv
+919895125977,+919848250360,2026-08-13T08:00:00Z,359,calls.csv
+919821003626,+919883227889,2026-08-07T08:00:00Z,109,calls.csv
+919856843172,+919852436584,2026-08-04T08:00:00Z,152,calls.csv
+919811049999,+919815917225,2026-08-02T08:00:00Z,483,calls.csv
+919837326368,+919867684996,2026-08-12T08:00:00Z,427,calls.csv
+919865259205,+919850603163,2026-08-03T08:00:00Z,22,calls.csv
+919825521714,+919893370583,2026-08-02T08:00:00Z,28,calls.csv
+919845059710,+919852133044,2026-08-16T08:00:00Z,448,calls.csv
+919831172421,+919837415205,2026-08-05T08:00:00Z,43,calls.csv
+919835748341,+919882160068,2026-08-11T08:00:00Z,247,calls.csv
+919824549543,+919819317495,2026-08-04T08:00:00Z,227,calls.csv
+919845059710,+919890070438,2026-08-10T08:00:00Z,126,calls.csv
+919823796726,+919833966966,2026-08-04T08:00:00Z,403,calls.csv
+919899038359,+919837326368,2026-08-13T08:00:00Z,280,calls.csv
+919866267415,+919833966966,2026-08-03T08:00:00Z,263,calls.csv
+919860888017,+919859597086,2026-08-07T08:00:00Z,72,calls.csv
+919865337219,+919835921441,2026-08-12T08:00:00Z,189,calls.csv
+919825015458,+919865259205,2026-08-13T08:00:00Z,100,calls.csv
+919884045292,+919845059710,2026-08-06T08:00:00Z,304,calls.csv
+919885863473,+919867684996,2026-08-16T08:00:00Z,411,calls.csv
+919857130035,+919823419256,2026-08-05T08:00:00Z,378,calls.csv
+919893303777,+919871367643,2026-08-12T08:00:00Z,433,calls.csv
+919841774346,+919831172421,2026-08-07T08:00:00Z,475,calls.csv
+919845496015,+919861343880,2026-08-06T08:00:00Z,87,calls.csv
+919833763566,+919833966966,2026-08-15T08:00:00Z,126,calls.csv
+919899508850,+919871367643,2026-08-07T08:00:00Z,467,calls.csv
+919827778019,+919890070438,2026-08-06T08:00:00Z,10,calls.csv
+919847393469,+919878371272,2026-08-16T08:00:00Z,363,calls.csv
+919833966966,+919884411983,2026-08-12T08:00:00Z,125,calls.csv
+919886384014,+919899889098,2026-08-14T08:00:00Z,228,calls.csv
+919854318698,+919861700055,2026-08-12T08:00:00Z,27,calls.csv
+919850264926,+919830863865,2026-08-03T08:00:00Z,474,calls.csv
+919888339168,+919828024248,2026-08-15T08:00:00Z,33,calls.csv
+919856397338,+919882160068,2026-08-13T08:00:00Z,320,calls.csv
+919891178885,+919854769200,2026-08-06T08:00:00Z,434,calls.csv
+919892613013,+919819233013,2026-08-02T08:00:00Z,60,calls.csv
+919822388090,+919839920292,2026-08-04T08:00:00Z,89,calls.csv
+919830863865,+919847463522,2026-08-12T08:00:00Z,340,calls.csv
+919828024248,+919884411983,2026-08-06T08:00:00Z,371,calls.csv
+919854318698,+919854058573,2026-08-14T08:00:00Z,482,calls.csv
+919825015458,+919837326368,2026-08-09T08:00:00Z,283,calls.csv
+919884158663,+919863121477,2026-08-13T08:00:00Z,254,calls.csv
+919892613013,+919893370583,2026-08-15T08:00:00Z,395,calls.csv
+919892097999,+919886384014,2026-08-05T08:00:00Z,117,calls.csv
+919899038359,+919852101056,2026-08-05T08:00:00Z,82,calls.csv
+919899245317,+919882909480,2026-08-01T08:00:00Z,334,calls.csv
+919880166708,+919838270233,2026-08-10T08:00:00Z,139,calls.csv
+919865259205,+919823419256,2026-08-05T08:00:00Z,377,calls.csv
+919845159040,+919868526649,2026-08-06T08:00:00Z,101,calls.csv
+919843491314,+919836786211,2026-08-13T08:00:00Z,39,calls.csv
+919835921441,+919815334035,2026-08-11T08:00:00Z,118,calls.csv
+919893303777,+919884437458,2026-08-02T08:00:00Z,470,calls.csv
+919845630292,+919878642041,2026-08-16T08:00:00Z,452,calls.csv
+919878642041,+919843308443,2026-08-04T08:00:00Z,282,calls.csv
+919896098221,+919831367172,2026-08-13T08:00:00Z,360,calls.csv
+919839920292,+919858942697,2026-08-04T08:00:00Z,433,calls.csv
+919845496015,+919866431351,2026-08-16T08:00:00Z,352,calls.csv
+919836445607,+919899889098,2026-08-10T08:00:00Z,405,calls.csv
+919885146293,+919884437458,2026-08-11T08:00:00Z,86,calls.csv
+919822388090,+919841774346,2026-08-03T08:00:00Z,122,calls.csv
+919815957459,+919840547349,2026-08-06T08:00:00Z,215,calls.csv
+919824549543,+919896098221,2026-08-10T08:00:00Z,349,calls.csv
+919825480907,+919899889098,2026-08-16T08:00:00Z,346,calls.csv
+919878371272,+919840547349,2026-08-03T08:00:00Z,170,calls.csv
+919843491314,+919858942697,2026-08-16T08:00:00Z,33,calls.csv
+919813176186,+919899913412,2026-08-09T08:00:00Z,301,calls.csv
+919847816686,+919845810056,2026-08-03T08:00:00Z,198,calls.csv
+919854318698,+919815134794,2026-08-09T08:00:00Z,46,calls.csv
+919838609087,+919850181935,2026-08-11T08:00:00Z,178,calls.csv
+919815134794,+919831367172,2026-08-01T08:00:00Z,301,calls.csv
+919858884978,+919867887757,2026-08-13T08:00:00Z,313,calls.csv
+919847135391,+919814835614,2026-08-11T08:00:00Z,240,calls.csv
+919854446182,+919891178885,2026-08-12T08:00:00Z,422,calls.csv
+919882160068,+919811049999,2026-08-16T08:00:00Z,421,calls.csv
+919852436584,+919823903144,2026-08-01T08:00:00Z,139,calls.csv
+919852169044,+919897775215,2026-08-06T08:00:00Z,351,calls.csv
+919822388090,+919847816686,2026-08-16T08:00:00Z,59,calls.csv
+919845650176,+919845594597,2026-08-03T08:00:00Z,86,calls.csv
+919854585178,+919847816686,2026-08-07T08:00:00Z,302,calls.csv
+919878642041,+919882269803,2026-08-14T08:00:00Z,473,calls.csv
+919895132217,+919868326160,2026-08-15T08:00:00Z,282,calls.csv
+919863481198,+919815917225,2026-08-15T08:00:00Z,217,calls.csv
+919858024342,+919850181935,2026-08-16T08:00:00Z,120,calls.csv
+919847816686,+919860888017,2026-08-14T08:00:00Z,261,calls.csv
+919834073380,+919842035886,2026-08-03T08:00:00Z,418,calls.csv
+919890070438,+919846553958,2026-08-06T08:00:00Z,77,calls.csv
+919850603163,+919867403166,2026-08-13T08:00:00Z,355,calls.csv
+919837326368,+919827105448,2026-08-15T08:00:00Z,183,calls.csv
+919851373735,+919895125977,2026-08-16T08:00:00Z,342,calls.csv
+919816818112,+919831810617,2026-08-12T08:00:00Z,131,calls.csv
+919833763566,+919877834855,2026-08-10T08:00:00Z,113,calls.csv
+919853779528,+919890070438,2026-08-03T08:00:00Z,332,calls.csv
+919846553958,+919819233013,2026-08-11T08:00:00Z,168,calls.csv
+919844999379,+919827105448,2026-08-11T08:00:00Z,103,calls.csv
+919842035886,+919885146293,2026-08-05T08:00:00Z,33,calls.csv
+919885283645,+919854769200,2026-08-03T08:00:00Z,190,calls.csv
+919845059710,+919815957459,2026-08-12T08:00:00Z,258,calls.csv
+919835921441,+919831367172,2026-08-10T08:00:00Z,298,calls.csv
+919833763566,+919864813568,2026-08-10T08:00:00Z,255,calls.csv
+919866431351,+919882909480,2026-08-02T08:00:00Z,10,calls.csv
+919823903144,+919831810617,2026-08-15T08:00:00Z,212,calls.csv
+919854585178,+919835748341,2026-08-14T08:00:00Z,264,calls.csv
+919825480907,+919899514287,2026-08-15T08:00:00Z,313,calls.csv
+919869302158,+919835748341,2026-08-03T08:00:00Z,224,calls.csv
+919892613013,+919840547349,2026-08-12T08:00:00Z,228,calls.csv
+919852101056,+919859597086,2026-08-09T08:00:00Z,449,calls.csv
+919835511941,+919859597086,2026-08-01T08:00:00Z,218,calls.csv
+919878642041,+919836786211,2026-08-11T08:00:00Z,367,calls.csv
+919884411983,+919850264926,2026-08-07T08:00:00Z,29,calls.csv
+919868812137,+919852462441,2026-08-13T08:00:00Z,149,calls.csv
+919850181935,+919815134794,2026-08-06T08:00:00Z,247,calls.csv
+919850603163,+919831687165,2026-08-04T08:00:00Z,461,calls.csv
+919885563727,+919850181935,2026-08-12T08:00:00Z,80,calls.csv
+919863481198,+919851373735,2026-08-13T08:00:00Z,124,calls.csv
+919821003626,+919893638503,2026-08-02T08:00:00Z,365,calls.csv
+919825521714,+919814835614,2026-08-15T08:00:00Z,378,calls.csv
+919815354599,+919837415205,2026-08-12T08:00:00Z,189,calls.csv
+919824508349,+919899245317,2026-08-06T08:00:00Z,246,calls.csv
+919829876811,+919863643924,2026-08-07T08:00:00Z,228,calls.csv
+919899514287,+919845496015,2026-08-03T08:00:00Z,446,calls.csv
+919836445607,+919871367643,2026-08-10T08:00:00Z,479,calls.csv
+919856020613,+919895132217,2026-08-11T08:00:00Z,323,calls.csv
+919889795010,+919884252420,2026-08-10T08:00:00Z,221,calls.csv
+919841774346,+919897775215,2026-08-08T08:00:00Z,162,calls.csv
+919835511941,+919882269803,2026-08-09T08:00:00Z,457,calls.csv
+919845431319,+919880993218,2026-08-08T08:00:00Z,167,calls.csv
+919825015458,+919811250299,2026-08-03T08:00:00Z,415,calls.csv
+919854585178,+919891363974,2026-08-04T08:00:00Z,212,calls.csv
+919863481198,+919890070438,2026-08-08T08:00:00Z,395,calls.csv
+919826726926,+919878642041,2026-08-09T08:00:00Z,151,calls.csv
+919843704923,+919869302158,2026-08-10T08:00:00Z,125,calls.csv
+919895125977,+919831367172,2026-08-14T08:00:00Z,145,calls.csv
+919864543049,+919856020613,2026-08-06T08:00:00Z,84,calls.csv
+919842787299,+919888339168,2026-08-11T08:00:00Z,266,calls.csv
+919831810617,+919827566185,2026-08-16T08:00:00Z,380,calls.csv
+919899038359,+919895125977,2026-08-09T08:00:00Z,61,calls.csv
+919857130035,+919885283645,2026-08-04T08:00:00Z,14,calls.csv
+919893131979,+919823796726,2026-08-15T08:00:00Z,76,calls.csv
+919811049999,+919852101056,2026-08-06T08:00:00Z,68,calls.csv
+919898231132,+919893131979,2026-08-02T08:00:00Z,255,calls.csv
+919893370583,+919899639081,2026-08-12T08:00:00Z,108,calls.csv
+919847393469,+919867684996,2026-08-14T08:00:00Z,199,calls.csv
+919877898694,+919850264926,2026-08-05T08:00:00Z,449,calls.csv
+919863121477,+919827566185,2026-08-02T08:00:00Z,135,calls.csv
+919815354599,+919871780854,2026-08-10T08:00:00Z,152,calls.csv
+919863481198,+919848250360,2026-08-10T08:00:00Z,205,calls.csv
+919819391725,+919861343880,2026-08-08T08:00:00Z,300,calls.csv
+919873174945,+919827105448,2026-08-05T08:00:00Z,469,calls.csv
+919810226999,+919820099059,2026-08-04T08:00:00Z,79,calls.csv
+919863121477,+919853779528,2026-08-07T08:00:00Z,385,calls.csv
+919851511484,+919856930359,2026-08-13T08:00:00Z,452,calls.csv
+919820099059,+919866851377,2026-08-13T08:00:00Z,107,calls.csv
+919835511941,+919833357554,2026-08-11T08:00:00Z,331,calls.csv
+919819736572,+919850264926,2026-08-01T08:00:00Z,294,calls.csv
+919848250360,+919831687165,2026-08-07T08:00:00Z,493,calls.csv
+919843308443,+919884158663,2026-08-12T08:00:00Z,292,calls.csv
+919899514287,+919844999379,2026-08-09T08:00:00Z,366,calls.csv
+919893370583,+919830863865,2026-08-13T08:00:00Z,123,calls.csv
+919879782527,+919847816686,2026-08-08T08:00:00Z,488,calls.csv
+919811297845,+919854446182,2026-08-12T08:00:00Z,34,calls.csv
+919893638503,+919875569635,2026-08-06T08:00:00Z,107,calls.csv
+919883227889,+919885283645,2026-08-05T08:00:00Z,27,calls.csv
+919857130035,+919819317495,2026-08-10T08:00:00Z,244,calls.csv
+919845431319,+919815334035,2026-08-09T08:00:00Z,218,calls.csv
+919877834855,+919884437458,2026-08-04T08:00:00Z,19,calls.csv
+919899639081,+919842035886,2026-08-15T08:00:00Z,375,calls.csv
+919843704923,+919815197528,2026-08-13T08:00:00Z,410,calls.csv
+919811297845,+919827105448,2026-08-02T08:00:00Z,292,calls.csv
+919867403166,+919836445607,2026-08-05T08:00:00Z,301,calls.csv
+919824366125,+919819233013,2026-08-02T08:00:00Z,88,calls.csv
+919884437458,+919854318698,2026-08-16T08:00:00Z,234,calls.csv
+919847393469,+919819391725,2026-08-15T08:00:00Z,144,calls.csv
+919844999379,+919858024342,2026-08-10T08:00:00Z,116,calls.csv
+919899913412,+919896098221,2026-08-05T08:00:00Z,126,calls.csv
+919871510041,+919878371272,2026-08-02T08:00:00Z,93,calls.csv
+919899245317,+919859555330,2026-08-09T08:00:00Z,226,calls.csv
+919882269803,+919877898694,2026-08-06T08:00:00Z,111,calls.csv
+919892613013,+919845650176,2026-08-05T08:00:00Z,329,calls.csv
+919842035886,+919815354599,2026-08-05T08:00:00Z,18,calls.csv
+919845650176,+919835511941,2026-08-13T08:00:00Z,303,calls.csv
+919880166708,+919899038359,2026-08-07T08:00:00Z,459,calls.csv
+919815354599,+919899889098,2026-08-01T08:00:00Z,122,calls.csv
+919865337219,+919878064830,2026-08-14T08:00:00Z,249,calls.csv
+919850603163,+919843308443,2026-08-04T08:00:00Z,353,calls.csv
+919815134794,+919864813568,2026-08-12T08:00:00Z,487,calls.csv
+919815354599,+919850603163,2026-08-14T08:00:00Z,82,calls.csv
+919815957459,+919898231132,2026-08-12T08:00:00Z,394,calls.csv
+919836445607,+919857130035,2026-08-02T08:00:00Z,98,calls.csv
+919824366125,+919850308572,2026-08-12T08:00:00Z,117,calls.csv
+919896098221,+919831687165,2026-08-06T08:00:00Z,476,calls.csv
+919842035886,+919810226999,2026-08-09T08:00:00Z,427,calls.csv
+919819832887,+919852169044,2026-08-08T08:00:00Z,24,calls.csv
+919899038359,+919831367172,2026-08-05T08:00:00Z,33,calls.csv
+919827566185,+919811297845,2026-08-10T08:00:00Z,244,calls.csv
+919843308443,+919843704923,2026-08-01T08:00:00Z,56,calls.csv
+919864813568,+919825492573,2026-08-06T08:00:00Z,500,calls.csv
+919899245317,+919824549543,2026-08-05T08:00:00Z,159,calls.csv
+919873174945,+919893303777,2026-08-02T08:00:00Z,234,calls.csv
+919884045292,+919829876811,2026-08-09T08:00:00Z,348,calls.csv
+919816818112,+919851511484,2026-08-04T08:00:00Z,435,calls.csv
+919868571795,+919850308572,2026-08-16T08:00:00Z,174,calls.csv
+919884158663,+919829876811,2026-08-04T08:00:00Z,328,calls.csv
+919899038526,+919815334035,2026-08-09T08:00:00Z,35,calls.csv
+919840547349,+919813176186,2026-08-08T08:00:00Z,284,calls.csv
+919850603163,+919865259205,2026-08-16T08:00:00Z,332,calls.csv
+919861343880,+919877898694,2026-08-03T08:00:00Z,102,calls.csv
+919865259205,+919899913412,2026-08-02T08:00:00Z,420,calls.csv
+919833357554,+919852101056,2026-08-11T08:00:00Z,207,calls.csv
+919889795010,+919893131979,2026-08-10T08:00:00Z,374,calls.csv
+919811250299,+919861700055,2026-08-05T08:00:00Z,494,calls.csv
+919857130035,+919819832887,2026-08-08T08:00:00Z,331,calls.csv
+919844999379,+919869302158,2026-08-03T08:00:00Z,416,calls.csv
+919882160068,+919847463522,2026-08-05T08:00:00Z,53,calls.csv
+919854318698,+919888339168,2026-08-04T08:00:00Z,281,calls.csv
+919849682169,+919827558317,2026-08-02T08:00:00Z,130,calls.csv
+919851373735,+919823419256,2026-08-14T08:00:00Z,423,calls.csv
+919880993218,+919871367643,2026-08-02T08:00:00Z,352,calls.csv
+919847816686,+919864813568,2026-08-02T08:00:00Z,451,calls.csv
+919819832887,+919845431319,2026-08-02T08:00:00Z,418,calls.csv
+919867684996,+919842787299,2026-08-05T08:00:00Z,190,calls.csv
+919881969657,+919868812137,2026-08-09T08:00:00Z,365,calls.csv
+919836786211,+919837415205,2026-08-11T08:00:00Z,386,calls.csv
+919837326368,+919824508349,2026-08-16T08:00:00Z,62,calls.csv
+919844188276,+919854058573,2026-08-13T08:00:00Z,393,calls.csv
+919811250299,+919857130035,2026-08-08T08:00:00Z,295,calls.csv
+919864813568,+919815334035,2026-08-06T08:00:00Z,20,calls.csv
+919813176186,+919845431319,2026-08-05T08:00:00Z,83,calls.csv
+919824508349,+919835921441,2026-08-06T08:00:00Z,202,calls.csv
+919819736572,+919821003626,2026-08-09T08:00:00Z,312,calls.csv
+919815917225,+919819233013,2026-08-07T08:00:00Z,475,calls.csv
+919819317495,+919852462441,2026-08-01T08:00:00Z,364,calls.csv
+919811297845,+919865337219,2026-08-07T08:00:00Z,158,calls.csv
+919875569635,+919899639081,2026-08-15T08:00:00Z,459,calls.csv
+919864543049,+919854585178,2026-08-16T08:00:00Z,270,calls.csv
+919899038526,+919843704923,2026-08-11T08:00:00Z,16,calls.csv
+919831367172,+919851511484,2026-08-01T08:00:00Z,421,calls.csv
+919860888017,+919815354599,2026-08-12T08:00:00Z,324,calls.csv
+919831172421,+919835921441,2026-08-12T08:00:00Z,46,calls.csv
+919891363974,+919864009265,2026-08-11T08:00:00Z,107,calls.csv
+919831172421,+919839854548,2026-08-16T08:00:00Z,141,calls.csv
+919838195995,+919899508850,2026-08-06T08:00:00Z,213,calls.csv
+919815134794,+919885563727,2026-08-07T08:00:00Z,91,calls.csv
+919899038526,+919852462441,2026-08-11T08:00:00Z,222,calls.csv
+919842035886,+919830743797,2026-08-06T08:00:00Z,241,calls.csv
+919891178885,+919868571795,2026-08-11T08:00:00Z,416,calls.csv
+919852169044,+919885283645,2026-08-12T08:00:00Z,300,calls.csv
+919865259205,+919864543049,2026-08-14T08:00:00Z,51,calls.csv
+919825480907,+919884252420,2026-08-03T08:00:00Z,82,calls.csv
+919890070438,+919845650176,2026-08-01T08:00:00Z,344,calls.csv
+919825521714,+919823796726,2026-08-06T08:00:00Z,87,calls.csv
+919814835614,+919847393469,2026-08-04T08:00:00Z,46,calls.csv
+919821003626,+919864009265,2026-08-14T08:00:00Z,121,calls.csv
+919871780854,+919852133044,2026-08-11T08:00:00Z,171,calls.csv
+919838270233,+919845159040,2026-08-13T08:00:00Z,129,calls.csv
+919897775215,+919878642041,2026-08-15T08:00:00Z,352,calls.csv
+919884045292,+919865259205,2026-08-14T08:00:00Z,98,calls.csv
+919838195995,+919885863473,2026-08-10T08:00:00Z,350,calls.csv
+919837326368,+919815334035,2026-08-02T08:00:00Z,230,calls.csv
+919835921441,+919838609087,2026-08-11T08:00:00Z,349,calls.csv
+919884158663,+919838195995,2026-08-01T08:00:00Z,340,calls.csv
+919858884978,+919828024248,2026-08-11T08:00:00Z,59,calls.csv
+919819317495,+919893638503,2026-08-04T08:00:00Z,124,calls.csv
+919884437458,+919871510041,2026-08-02T08:00:00Z,32,calls.csv
+919831367172,+919823796726,2026-08-08T08:00:00Z,370,calls.csv
+919885283645,+919819391725,2026-08-03T08:00:00Z,100,calls.csv
+919852133044,+919887388337,2026-08-06T08:00:00Z,410,calls.csv
+919838609087,+919893303777,2026-08-10T08:00:00Z,271,calls.csv
+919824549543,+919824508349,2026-08-12T08:00:00Z,285,calls.csv
+919865259205,+919897775215,2026-08-14T08:00:00Z,284,calls.csv
+919891178885,+919825480907,2026-08-10T08:00:00Z,467,calls.csv
+919815354599,+919881969657,2026-08-04T08:00:00Z,281,calls.csv
+919893370583,+919892097999,2026-08-02T08:00:00Z,209,calls.csv
+919835748341,+919854585178,2026-08-05T08:00:00Z,438,calls.csv
+919863643924,+919852436584,2026-08-02T08:00:00Z,416,calls.csv
+919845630292,+919837415205,2026-08-16T08:00:00Z,236,calls.csv
+919833763566,+919856020613,2026-08-16T08:00:00Z,135,calls.csv
+919836445607,+919827778019,2026-08-11T08:00:00Z,407,calls.csv
+919810226999,+919845630292,2026-08-13T08:00:00Z,154,calls.csv
+919825480907,+919895511909,2026-08-10T08:00:00Z,406,calls.csv
+919880993218,+919854769200,2026-08-14T08:00:00Z,380,calls.csv
+919886384014,+919899038359,2026-08-10T08:00:00Z,347,calls.csv
+919815334035,+919824508349,2026-08-05T08:00:00Z,376,calls.csv
+919897775215,+919861343880,2026-08-06T08:00:00Z,48,calls.csv
+919819317495,+919815334035,2026-08-01T08:00:00Z,166,calls.csv
+919852101056,+919819391725,2026-08-02T08:00:00Z,155,calls.csv
+919899245317,+919891363974,2026-08-09T08:00:00Z,282,calls.csv
+919899038359,+919824508349,2026-08-10T08:00:00Z,385,calls.csv
+919819832887,+919856397338,2026-08-04T08:00:00Z,56,calls.csv
+919850264926,+919871367643,2026-08-15T08:00:00Z,88,calls.csv
+919893131979,+919883227889,2026-08-09T08:00:00Z,304,calls.csv
+919852101056,+919856020613,2026-08-04T08:00:00Z,343,calls.csv
+919899245317,+919827558317,2026-08-07T08:00:00Z,66,calls.csv
+919810226999,+919854446182,2026-08-01T08:00:00Z,39,calls.csv
+919884411983,+919848250360,2026-08-14T08:00:00Z,219,calls.csv
+919815614174,+919810226999,2026-08-06T08:00:00Z,371,calls.csv
+919852436584,+919811049999,2026-08-01T08:00:00Z,188,calls.csv
+919865337219,+919895511909,2026-08-06T08:00:00Z,286,calls.csv
+919877898694,+919819317495,2026-08-13T08:00:00Z,106,calls.csv
+919887388337,+919852436584,2026-08-11T08:00:00Z,333,calls.csv
+919813326769,+919893370583,2026-08-06T08:00:00Z,148,calls.csv
+919878642041,+919866851377,2026-08-08T08:00:00Z,291,calls.csv
+919825015458,+919852436584,2026-08-12T08:00:00Z,293,calls.csv
+919852101056,+919899245317,2026-08-14T08:00:00Z,441,calls.csv
+919871367643,+919852169044,2026-08-02T08:00:00Z,40,calls.csv
+919869302158,+919830863865,2026-08-14T08:00:00Z,93,calls.csv
+919849682169,+919838270233,2026-08-14T08:00:00Z,487,calls.csv
+919878642041,+919899889098,2026-08-06T08:00:00Z,442,calls.csv
+919810475894,+919893638503,2026-08-13T08:00:00Z,354,calls.csv
+919893638503,+919847135391,2026-08-16T08:00:00Z,218,calls.csv
+919895511909,+919879782527,2026-08-11T08:00:00Z,335,calls.csv
+919853779528,+919867684996,2026-08-13T08:00:00Z,100,calls.csv
+919830863865,+919864813568,2026-08-04T08:00:00Z,136,calls.csv
+919897775215,+919828024248,2026-08-10T08:00:00Z,407,calls.csv
+919880166708,+919852436584,2026-08-03T08:00:00Z,107,calls.csv
+919865259205,+919824549543,2026-08-06T08:00:00Z,112,calls.csv
+919842787299,+919825492573,2026-08-05T08:00:00Z,60,calls.csv
+919863643924,+919811297845,2026-08-08T08:00:00Z,188,calls.csv
+919882160068,+919851511484,2026-08-03T08:00:00Z,280,calls.csv
+919898231132,+919893370583,2026-08-01T08:00:00Z,217,calls.csv
+919834073380,+919854058573,2026-08-13T08:00:00Z,58,calls.csv
+919867403166,+919813326769,2026-08-14T08:00:00Z,396,calls.csv
+919867684996,+919885863473,2026-08-12T08:00:00Z,432,calls.csv
+919843704923,+919860888017,2026-08-01T08:00:00Z,335,calls.csv
+919871510041,+919827778019,2026-08-04T08:00:00Z,448,calls.csv
+919884437458,+919830743797,2026-08-08T08:00:00Z,404,calls.csv
+919838609087,+919838195995,2026-08-05T08:00:00Z,249,calls.csv
+919826726926,+919830005727,2026-08-14T08:00:00Z,69,calls.csv
+919849682169,+919899152472,2026-08-04T08:00:00Z,190,calls.csv
+919814835614,+919831810617,2026-08-08T08:00:00Z,287,calls.csv
+919833966966,+919899514287,2026-08-12T08:00:00Z,348,calls.csv
+919891178885,+919837415205,2026-08-01T08:00:00Z,376,calls.csv
+919843491314,+919852133044,2026-08-13T08:00:00Z,202,calls.csv
+919825521714,+919851373735,2026-08-13T08:00:00Z,283,calls.csv
+919840547349,+919837326368,2026-08-06T08:00:00Z,323,calls.csv
+919836786211,+919895125977,2026-08-04T08:00:00Z,80,calls.csv
+919821003626,+919839854548,2026-08-07T08:00:00Z,167,calls.csv
+919871367643,+919861700055,2026-08-06T08:00:00Z,185,calls.csv
+919893370583,+919842787299,2026-08-09T08:00:00Z,353,calls.csv
+919897775215,+919866267415,2026-08-01T08:00:00Z,401,calls.csv
+919830005727,+919810226999,2026-08-10T08:00:00Z,463,calls.csv
+919845650176,+919843704923,2026-08-01T08:00:00Z,237,calls.csv
+919830743797,+919866267415,2026-08-16T08:00:00Z,83,calls.csv
+919837326368,+919895132217,2026-08-14T08:00:00Z,226,calls.csv
+919814835614,+919899639081,2026-08-03T08:00:00Z,401,calls.csv
+919850603163,+919823796726,2026-08-13T08:00:00Z,258,calls.csv
+919815614174,+919859555330,2026-08-01T08:00:00Z,293,calls.csv
+919898588154,+919849682169,2026-08-10T08:00:00Z,361,calls.csv
+919831172421,+919891178885,2026-08-09T08:00:00Z,296,calls.csv
+919836786211,+919868526649,2026-08-10T08:00:00Z,217,calls.csv
+919858942697,+919838609087,2026-08-07T08:00:00Z,420,calls.csv
+919826726926,+919861700055,2026-08-10T08:00:00Z,67,calls.csv
+919829876811,+919851511484,2026-08-08T08:00:00Z,157,calls.csv
+919849682169,+919827084279,2026-08-11T08:00:00Z,115,calls.csv
+919825480907,+919843491314,2026-08-04T08:00:00Z,204,calls.csv
+919845431319,+919815957459,2026-08-01T08:00:00Z,145,calls.csv
+919845431319,+919836445607,2026-08-01T08:00:00Z,415,calls.csv
+919890070438,+919860888017,2026-08-13T08:00:00Z,458,calls.csv
+919859597086,+919899245317,2026-08-13T08:00:00Z,81,calls.csv
+919849682169,+919871780854,2026-08-13T08:00:00Z,214,calls.csv
+919845431319,+919828024248,2026-08-02T08:00:00Z,19,calls.csv
+919816818112,+919837415205,2026-08-09T08:00:00Z,283,calls.csv
+919878064830,+919820099059,2026-08-04T08:00:00Z,404,calls.csv
+919884411983,+919852436584,2026-08-07T08:00:00Z,457,calls.csv
+919845159040,+919871780854,2026-08-11T08:00:00Z,257,calls.csv
+919854585178,+919845159040,2026-08-08T08:00:00Z,326,calls.csv
+919898588154,+919810226999,2026-08-16T08:00:00Z,144,calls.csv
+919880993218,+919880166708,2026-08-12T08:00:00Z,222,calls.csv
+919845496015,+919822388090,2026-08-05T08:00:00Z,483,calls.csv
+919839854548,+919825521714,2026-08-01T08:00:00Z,34,calls.csv
+919852436584,+919847135391,2026-08-02T08:00:00Z,357,calls.csv
+919823419256,+919884045292,2026-08-13T08:00:00Z,399,calls.csv
+919819736572,+919868326160,2026-08-04T08:00:00Z,313,calls.csv
+919863121477,+919898588154,2026-08-12T08:00:00Z,340,calls.csv
+919845431319,+919887388337,2026-08-09T08:00:00Z,402,calls.csv
+919850181935,+919819317495,2026-08-15T08:00:00Z,287,calls.csv
+919845159040,+919875569635,2026-08-14T08:00:00Z,239,calls.csv
+919863481198,+919873174945,2026-08-16T08:00:00Z,477,calls.csv
+919884045292,+919864543049,2026-08-04T08:00:00Z,281,calls.csv
+919850264926,+919899245317,2026-08-14T08:00:00Z,459,calls.csv
+919850308572,+919859597086,2026-08-01T08:00:00Z,67,calls.csv
+919867684996,+919882269803,2026-08-07T08:00:00Z,228,calls.csv
+919893303777,+919852101056,2026-08-04T08:00:00Z,34,calls.csv
+919842035886,+919831367172,2026-08-10T08:00:00Z,165,calls.csv
+919878064830,+919886384014,2026-08-02T08:00:00Z,211,calls.csv
+919834073380,+919858942697,2026-08-11T08:00:00Z,498,calls.csv
+919857469942,+919859555330,2026-08-13T08:00:00Z,429,calls.csv
+919893303777,+919860888017,2026-08-10T08:00:00Z,491,calls.csv
+919858024342,+919835921441,2026-08-05T08:00:00Z,413,calls.csv
+919863121477,+919827566185,2026-08-04T08:00:00Z,175,calls.csv
+919823419256,+919891363974,2026-08-14T08:00:00Z,456,calls.csv
+919898231132,+919823903144,2026-08-11T08:00:00Z,487,calls.csv
+919857469942,+919864009265,2026-08-06T08:00:00Z,104,calls.csv
+919815334035,+919885146293,2026-08-01T08:00:00Z,179,calls.csv
+919845496015,+919899038359,2026-08-10T08:00:00Z,235,calls.csv
+919827105448,+919884158663,2026-08-16T08:00:00Z,167,calls.csv
+919898231132,+919845630292,2026-08-10T08:00:00Z,287,calls.csv
+919847393469,+919868526649,2026-08-11T08:00:00Z,200,calls.csv
+919898588154,+919842787299,2026-08-14T08:00:00Z,177,calls.csv
+919852169044,+919887388337,2026-08-08T08:00:00Z,283,calls.csv
+919842787299,+919836445607,2026-08-01T08:00:00Z,260,calls.csv
+919831687165,+919823903144,2026-08-10T08:00:00Z,180,calls.csv
+919845594597,+919884252420,2026-08-07T08:00:00Z,62,calls.csv
+919860888017,+919899508850,2026-08-02T08:00:00Z,11,calls.csv
+919852462441,+919857130035,2026-08-13T08:00:00Z,75,calls.csv
+919841774346,+919882160068,2026-08-03T08:00:00Z,486,calls.csv
+919843308443,+919825492573,2026-08-16T08:00:00Z,131,calls.csv
+919863121477,+919833763566,2026-08-05T08:00:00Z,334,calls.csv
+919851511484,+919854058573,2026-08-06T08:00:00Z,227,calls.csv
+919846553958,+919831367172,2026-08-08T08:00:00Z,326,calls.csv
+919823419256,+919810475894,2026-08-11T08:00:00Z,374,calls.csv
+919863643924,+919821003626,2026-08-11T08:00:00Z,97,calls.csv
+919815334035,+919833357554,2026-08-10T08:00:00Z,97,calls.csv
+919831172421,+919823419256,2026-08-05T08:00:00Z,374,calls.csv
+919836445607,+919847463522,2026-08-13T08:00:00Z,69,calls.csv
+919899152472,+919893370583,2026-08-16T08:00:00Z,198,calls.csv
+919871367643,+919879782527,2026-08-15T08:00:00Z,44,calls.csv
+919896098221,+919877898694,2026-08-02T08:00:00Z,280,calls.csv
+919833763566,+919888339168,2026-08-12T08:00:00Z,167,calls.csv
+919899038526,+919867887757,2026-08-09T08:00:00Z,239,calls.csv
+919864813568,+919854585178,2026-08-09T08:00:00Z,251,calls.csv
+919899889098,+919837326368,2026-08-12T08:00:00Z,336,calls.csv
+919847135391,+919820099059,2026-08-05T08:00:00Z,162,calls.csv
+919850603163,+919866851377,2026-08-10T08:00:00Z,67,calls.csv
+919851511484,+919854769200,2026-08-12T08:00:00Z,307,calls.csv
+919899514287,+919899508850,2026-08-15T08:00:00Z,112,calls.csv
+919884158663,+919845431319,2026-08-07T08:00:00Z,28,calls.csv
+919856930359,+919842035886,2026-08-16T08:00:00Z,271,calls.csv
+919813704481,+919827105448,2026-08-08T08:00:00Z,109,calls.csv
+919885146293,+919866851377,2026-08-07T08:00:00Z,225,calls.csv
+919879782527,+919843308443,2026-08-07T08:00:00Z,132,calls.csv
+919850308572,+919827778019,2026-08-06T08:00:00Z,228,calls.csv
+919858024342,+919827558317,2026-08-16T08:00:00Z,269,calls.csv
+919813704481,+919845810056,2026-08-03T08:00:00Z,190,calls.csv
+919845810056,+919898231132,2026-08-16T08:00:00Z,110,calls.csv
+919815354599,+919847393469,2026-08-14T08:00:00Z,104,calls.csv
+919836445607,+919868526649,2026-08-03T08:00:00Z,170,calls.csv
+919815334035,+919885146293,2026-08-15T08:00:00Z,364,calls.csv
+919854585178,+919883227889,2026-08-11T08:00:00Z,435,calls.csv
+919824549543,+919847135391,2026-08-11T08:00:00Z,383,calls.csv
+919842787299,+919834073380,2026-08-02T08:00:00Z,61,calls.csv
+919827558317,+919850181935,2026-08-04T08:00:00Z,192,calls.csv
+919857469942,+919868526649,2026-08-16T08:00:00Z,106,calls.csv
+919845431319,+919824366125,2026-08-13T08:00:00Z,264,calls.csv
+919854318698,+919810226999,2026-08-16T08:00:00Z,236,calls.csv
+919880993218,+919835921441,2026-08-06T08:00:00Z,313,calls.csv
+919830863865,+919868812137,2026-08-03T08:00:00Z,168,calls.csv
+919842787299,+919877834855,2026-08-13T08:00:00Z,79,calls.csv
+919868812137,+919890070438,2026-08-09T08:00:00Z,464,calls.csv
+919835921441,+919867684996,2026-08-14T08:00:00Z,144,calls.csv
+919887925434,+919873174945,2026-08-01T08:00:00Z,363,calls.csv
+919858024342,+919824508349,2026-08-02T08:00:00Z,282,calls.csv
+919898588154,+919828024248,2026-08-11T08:00:00Z,255,calls.csv
+919899889098,+919895125977,2026-08-01T08:00:00Z,282,calls.csv
+919842035886,+919868526649,2026-08-11T08:00:00Z,93,calls.csv
+919887388337,+919896637649,2026-08-03T08:00:00Z,286,calls.csv
+919898588154,+919883227889,2026-08-10T08:00:00Z,473,calls.csv
+919847393469,+919852169044,2026-08-10T08:00:00Z,209,calls.csv
+919858942697,+919810226999,2026-08-10T08:00:00Z,327,calls.csv
+919882269803,+919858884978,2026-08-15T08:00:00Z,308,calls.csv
+919825521714,+919850603163,2026-08-06T08:00:00Z,297,calls.csv
+919825521714,+919815957459,2026-08-16T08:00:00Z,178,calls.csv
+919885563727,+919825015458,2026-08-12T08:00:00Z,396,calls.csv
+919827778019,+919827566185,2026-08-04T08:00:00Z,441,calls.csv
+919814835614,+919873174945,2026-08-06T08:00:00Z,83,calls.csv
+919847816686,+919850603163,2026-08-15T08:00:00Z,384,calls.csv
+919871510041,+919826726926,2026-08-03T08:00:00Z,429,calls.csv
+919823903144,+919899514287,2026-08-07T08:00:00Z,337,calls.csv
+919826726926,+919869302158,2026-08-03T08:00:00Z,246,calls.csv
+919822388090,+919835511941,2026-08-10T08:00:00Z,478,calls.csv
+919892097999,+919835511941,2026-08-04T08:00:00Z,414,calls.csv
+919830743797,+919893638503,2026-08-14T08:00:00Z,264,calls.csv
+919893131979,+919885283645,2026-08-13T08:00:00Z,277,calls.csv
+919881969657,+919879782527,2026-08-06T08:00:00Z,381,calls.csv
+919899038359,+919833763566,2026-08-01T08:00:00Z,117,calls.csv
+919866851377,+919899152472,2026-08-11T08:00:00Z,395,calls.csv
+919897775215,+919871510041,2026-08-04T08:00:00Z,406,calls.csv
+919831687165,+919895125977,2026-08-08T08:00:00Z,322,calls.csv
+919839920292,+919871510041,2026-08-03T08:00:00Z,150,calls.csv
+919877898694,+919895125977,2026-08-01T08:00:00Z,464,calls.csv
+919881969657,+919830005727,2026-08-15T08:00:00Z,305,calls.csv
+919888339168,+919825521714,2026-08-11T08:00:00Z,85,calls.csv
+919859555330,+919857469942,2026-08-14T08:00:00Z,309,calls.csv
+919877834855,+919884411983,2026-08-12T08:00:00Z,55,calls.csv
+919866267415,+919841774346,2026-08-11T08:00:00Z,391,calls.csv
+919861700055,+919871510041,2026-08-01T08:00:00Z,396,calls.csv
+919884045292,+919851511484,2026-08-01T08:00:00Z,403,calls.csv
+919858884978,+919899913412,2026-08-07T08:00:00Z,74,calls.csv
+919863643924,+919830863865,2026-08-01T08:00:00Z,392,calls.csv
+919880993218,+919885146293,2026-08-04T08:00:00Z,304,calls.csv
+919888183110,+919833357554,2026-08-03T08:00:00Z,15,calls.csv
+919857130035,+919813704481,2026-08-05T08:00:00Z,446,calls.csv
+919823796726,+919868571795,2026-08-10T08:00:00Z,78,calls.csv
+919815917225,+919836445607,2026-08-12T08:00:00Z,72,calls.csv
+919878642041,+919885863473,2026-08-14T08:00:00Z,31,calls.csv
+919823796726,+919811049999,2026-08-11T08:00:00Z,433,calls.csv
+919813704481,+919847463522,2026-08-04T08:00:00Z,31,calls.csv
+919850962024,+919893370583,2026-08-02T08:00:00Z,460,calls.csv
+919845650176,+919899514287,2026-08-07T08:00:00Z,375,calls.csv
+919851511484,+919893638503,2026-08-13T08:00:00Z,45,calls.csv
+919887925434,+919851373735,2026-08-16T08:00:00Z,115,calls.csv
+919819233013,+919838270233,2026-08-13T08:00:00Z,81,calls.csv
+919850603163,+919831687165,2026-08-07T08:00:00Z,363,calls.csv
+919884252420,+919856397338,2026-08-13T08:00:00Z,300,calls.csv
+919878642041,+919877834855,2026-08-12T08:00:00Z,133,calls.csv
+919895132217,+919811049999,2026-08-01T08:00:00Z,330,calls.csv
+919856930359,+919816818112,2026-08-11T08:00:00Z,457,calls.csv
+919882269803,+919848250360,2026-08-03T08:00:00Z,197,calls.csv
+919885563727,+919845431319,2026-08-15T08:00:00Z,350,calls.csv
+919857130035,+919854318698,2026-08-11T08:00:00Z,450,calls.csv
+919840547349,+919835921441,2026-08-08T08:00:00Z,309,calls.csv
+919819832887,+919863481198,2026-08-06T08:00:00Z,192,calls.csv
+919823419256,+919853779528,2026-08-04T08:00:00Z,204,calls.csv
+919845431319,+919857130035,2026-08-13T08:00:00Z,499,calls.csv
+919819736572,+919871367643,2026-08-02T08:00:00Z,347,calls.csv
+919845650176,+919856397338,2026-08-08T08:00:00Z,251,calls.csv
+919819832887,+919815334035,2026-08-15T08:00:00Z,24,calls.csv
+919885283645,+919816818112,2026-08-14T08:00:00Z,402,calls.csv
+919867403166,+919835921441,2026-08-14T08:00:00Z,12,calls.csv
+919887925434,+919857130035,2026-08-10T08:00:00Z,100,calls.csv
+919827778019,+919879782527,2026-08-13T08:00:00Z,423,calls.csv
+919843308443,+919896637649,2026-08-14T08:00:00Z,49,calls.csv
+919859597086,+919881969657,2026-08-15T08:00:00Z,500,calls.csv
+919821003626,+919885563727,2026-08-07T08:00:00Z,181,calls.csv
+919871510041,+919885563727,2026-08-10T08:00:00Z,219,calls.csv
+919892097999,+919871780854,2026-08-12T08:00:00Z,73,calls.csv
+919858024342,+919844999379,2026-08-01T08:00:00Z,79,calls.csv
+919839920292,+919847135391,2026-08-01T08:00:00Z,145,calls.csv
+919844188276,+919819832887,2026-08-14T08:00:00Z,116,calls.csv
+919857469942,+919845650176,2026-08-04T08:00:00Z,144,calls.csv
+919885563727,+919884158663,2026-08-09T08:00:00Z,242,calls.csv
+919853779528,+919866851377,2026-08-08T08:00:00Z,313,calls.csv
+919899913412,+919847135391,2026-08-01T08:00:00Z,304,calls.csv
+919829876811,+919895125977,2026-08-02T08:00:00Z,224,calls.csv
+919854058573,+919825480907,2026-08-09T08:00:00Z,365,calls.csv
+919838270233,+919841774346,2026-08-01T08:00:00Z,301,calls.csv
+919861700055,+919871510041,2026-08-09T08:00:00Z,490,calls.csv
+919871367643,+919856397338,2026-08-15T08:00:00Z,401,calls.csv
+919831367172,+919899913412,2026-08-12T08:00:00Z,67,calls.csv
+919896637649,+919845496015,2026-08-11T08:00:00Z,285,calls.csv
+919895511909,+919864813568,2026-08-05T08:00:00Z,443,calls.csv
+919839920292,+919885146293,2026-08-15T08:00:00Z,146,calls.csv
+919865337219,+919815614174,2026-08-14T08:00:00Z,422,calls.csv
+919828024248,+919859555330,2026-08-04T08:00:00Z,413,calls.csv
+919880166708,+919838270233,2026-08-13T08:00:00Z,439,calls.csv
+919831367172,+919815957459,2026-08-02T08:00:00Z,113,calls.csv
+919854585178,+919877834855,2026-08-03T08:00:00Z,269,calls.csv
+919854058573,+919893638503,2026-08-16T08:00:00Z,236,calls.csv
+919867403166,+919895511909,2026-08-12T08:00:00Z,272,calls.csv
+919884411983,+919843491314,2026-08-08T08:00:00Z,119,calls.csv
+919868326160,+919850962024,2026-08-16T08:00:00Z,240,calls.csv
+919822388090,+919878064830,2026-08-04T08:00:00Z,129,calls.csv
+919825492573,+919815354599,2026-08-01T08:00:00Z,328,calls.csv
+919824508349,+919884252420,2026-08-07T08:00:00Z,272,calls.csv
+919833763566,+919831810617,2026-08-01T08:00:00Z,105,calls.csv
+919816818112,+919827566185,2026-08-13T08:00:00Z,78,calls.csv
+919884252420,+919892097999,2026-08-06T08:00:00Z,30,calls.csv
+919892097999,+919843308443,2026-08-06T08:00:00Z,451,calls.csv
+919842035886,+919879782527,2026-08-02T08:00:00Z,380,calls.csv
+919884437458,+919820099059,2026-08-15T08:00:00Z,246,calls.csv
+919845650176,+919866431351,2026-08-09T08:00:00Z,398,calls.csv
+919824366125,+919819391725,2026-08-01T08:00:00Z,38,calls.csv
+919825015458,+919852101056,2026-08-16T08:00:00Z,363,calls.csv
+919814835614,+919896637649,2026-08-09T08:00:00Z,61,calls.csv
+919850181935,+919899038359,2026-08-06T08:00:00Z,148,calls.csv
+919893303777,+919863121477,2026-08-08T08:00:00Z,440,calls.csv
+919828024248,+919850308572,2026-08-03T08:00:00Z,40,calls.csv
+919838195995,+919834073380,2026-08-10T08:00:00Z,60,calls.csv
+919885563727,+919844188276,2026-08-05T08:00:00Z,394,calls.csv
+919858942697,+919816818112,2026-08-15T08:00:00Z,24,calls.csv
+919868812137,+919845594597,2026-08-16T08:00:00Z,87,calls.csv
+919880993218,+919845630292,2026-08-09T08:00:00Z,453,calls.csv
+919895125977,+919883227889,2026-08-07T08:00:00Z,103,calls.csv
+919837415205,+919893303777,2026-08-03T08:00:00Z,263,calls.csv
+919899514287,+919844188276,2026-08-06T08:00:00Z,158,calls.csv
+919822388090,+919892097999,2026-08-07T08:00:00Z,98,calls.csv
+919831810617,+919847463522,2026-08-04T08:00:00Z,283,calls.csv
+919838195995,+919873174945,2026-08-02T08:00:00Z,108,calls.csv
+919854585178,+919819233013,2026-08-14T08:00:00Z,60,calls.csv
+919852101056,+919819233013,2026-08-07T08:00:00Z,35,calls.csv
+919868571795,+919822388090,2026-08-05T08:00:00Z,289,calls.csv
+919825480907,+919839854548,2026-08-06T08:00:00Z,38,calls.csv
+919852133044,+919863121477,2026-08-02T08:00:00Z,26,calls.csv
+919898588154,+919856930359,2026-08-08T08:00:00Z,210,calls.csv
+919815197528,+919884045292,2026-08-05T08:00:00Z,45,calls.csv
+919823796726,+919813176186,2026-08-07T08:00:00Z,219,calls.csv
+919816818112,+919833357554,2026-08-01T08:00:00Z,15,calls.csv
+919877898694,+919856843172,2026-08-16T08:00:00Z,319,calls.csv
+919836445607,+919827105448,2026-08-02T08:00:00Z,59,calls.csv
+919854058573,+919878642041,2026-08-05T08:00:00Z,180,calls.csv
+919850181935,+919822388090,2026-08-01T08:00:00Z,418,calls.csv
+919851511484,+919899038359,2026-08-15T08:00:00Z,55,calls.csv
+919844999379,+919882269803,2026-08-02T08:00:00Z,345,calls.csv
+919869302158,+919852169044,2026-08-06T08:00:00Z,57,calls.csv
+919880166708,+919893638503,2026-08-13T08:00:00Z,299,calls.csv
+919871780854,+919880993218,2026-08-16T08:00:00Z,462,calls.csv
+919838609087,+919884437458,2026-08-13T08:00:00Z,263,calls.csv
+919844188276,+919882160068,2026-08-04T08:00:00Z,22,calls.csv
+919878064830,+919836445607,2026-08-09T08:00:00Z,390,calls.csv
+919883227889,+919824508349,2026-08-16T08:00:00Z,66,calls.csv
+919863481198,+919860888017,2026-08-03T08:00:00Z,252,calls.csv
+919866431351,+919864813568,2026-08-09T08:00:00Z,166,calls.csv
+919878642041,+919883227889,2026-08-02T08:00:00Z,84,calls.csv
+919842787299,+919893131979,2026-08-10T08:00:00Z,160,calls.csv
+919886384014,+919882160068,2026-08-12T08:00:00Z,83,calls.csv
+919867887757,+919815917225,2026-08-13T08:00:00Z,17,calls.csv
+919844188276,+919887925434,2026-08-06T08:00:00Z,119,calls.csv
+919868812137,+919831367172,2026-08-03T08:00:00Z,82,calls.csv
+919843491314,+919845159040,2026-08-01T08:00:00Z,308,calls.csv
+919831367172,+919854585178,2026-08-15T08:00:00Z,418,calls.csv
+919868571795,+919815334035,2026-08-13T08:00:00Z,325,calls.csv
+919815614174,+919877834855,2026-08-06T08:00:00Z,225,calls.csv
+919850308572,+919866267415,2026-08-12T08:00:00Z,171,calls.csv
+919887388337,+919842787299,2026-08-05T08:00:00Z,250,calls.csv
+919883227889,+919831687165,2026-08-15T08:00:00Z,318,calls.csv
+919899514287,+919884045292,2026-08-01T08:00:00Z,356,calls.csv
+919845650176,+919831367172,2026-08-12T08:00:00Z,433,calls.csv
+919833966966,+919820099059,2026-08-12T08:00:00Z,67,calls.csv
+919819233013,+919858024342,2026-08-05T08:00:00Z,64,calls.csv
+919880166708,+919895125977,2026-08-04T08:00:00Z,173,calls.csv
+919871510041,+919843704923,2026-08-03T08:00:00Z,97,calls.csv
+919848250360,+919811297845,2026-08-13T08:00:00Z,397,calls.csv
+919899508850,+919847393469,2026-08-14T08:00:00Z,140,calls.csv
+919898231132,+919810475894,2026-08-14T08:00:00Z,415,calls.csv
+919827558317,+919863643924,2026-08-14T08:00:00Z,74,calls.csv
+919847135391,+919851511484,2026-08-13T08:00:00Z,40,calls.csv
+919815354599,+919899152472,2026-08-09T08:00:00Z,169,calls.csv
+919864813568,+919884158663,2026-08-01T08:00:00Z,271,calls.csv
+919895511909,+919842035886,2026-08-15T08:00:00Z,430,calls.csv
+919841774346,+919810475894,2026-08-03T08:00:00Z,299,calls.csv
+919824508349,+919823796726,2026-08-02T08:00:00Z,261,calls.csv
+919845431319,+919895132217,2026-08-05T08:00:00Z,53,calls.csv
+919897775215,+919899514287,2026-08-02T08:00:00Z,35,calls.csv
+919868326160,+919823796726,2026-08-07T08:00:00Z,211,calls.csv
+919826726926,+919845594597,2026-08-05T08:00:00Z,436,calls.csv
+919865337219,+919893370583,2026-08-08T08:00:00Z,152,calls.csv
+919811297845,+919830743797,2026-08-14T08:00:00Z,148,calls.csv
+919839854548,+919871780854,2026-08-06T08:00:00Z,70,calls.csv
+919842787299,+919823796726,2026-08-14T08:00:00Z,173,calls.csv
+919858942697,+919848250360,2026-08-06T08:00:00Z,85,calls.csv
+919882909480,+919815354599,2026-08-06T08:00:00Z,43,calls.csv
+919860888017,+919892613013,2026-08-16T08:00:00Z,361,calls.csv
+919880993218,+919861343880,2026-08-01T08:00:00Z,193,calls.csv
+919835511941,+919852436584,2026-08-07T08:00:00Z,399,calls.csv
+919899038359,+919852436584,2026-08-02T08:00:00Z,20,calls.csv
+919864543049,+919854446182,2026-08-13T08:00:00Z,137,calls.csv
+919845431319,+919880993218,2026-08-13T08:00:00Z,242,calls.csv
+919888183110,+919814835614,2026-08-04T08:00:00Z,323,calls.csv
+919866431351,+919852436584,2026-08-03T08:00:00Z,72,calls.csv
+919878064830,+919854769200,2026-08-13T08:00:00Z,418,calls.csv
+919852436584,+919815614174,2026-08-03T08:00:00Z,206,calls.csv
+919845496015,+919823903144,2026-08-16T08:00:00Z,113,calls.csv
+919864813568,+919852462441,2026-08-15T08:00:00Z,388,calls.csv
+919825492573,+919895132217,2026-08-02T08:00:00Z,208,calls.csv
+919815354599,+919811297845,2026-08-11T08:00:00Z,163,calls.csv
+919816818112,+919879782527,2026-08-14T08:00:00Z,255,calls.csv
+919884158663,+919845630292,2026-08-08T08:00:00Z,30,calls.csv
